uuid,item_id,best_buy_price,best_sell_price,buy_order_count,sell_order_count,completed_orders,market_name,scanned_at
81fb5e540ef2220e9a66f8441ba750b3,,679000,735000,0,0,0,Shohei Ohtani,2026-06-20
3b561bcca8749f3fd17c99d863a95c2e,,437555,500000,0,0,0,Aaron Judge,2026-06-20
e76cab7b158722be98f7948b7ab38109,,260000,304999,0,0,0,Cal Raleigh,2026-06-20
d6b53464ea6b812db0cdfe476243dc24,,219001,267998,0,0,0,Derek Jeter,2026-06-20
c93cbd514fcddcf6109d6e27f4278e80,,217111,255999,0,0,0,Al Leiter,2026-06-20
083c9fa3480190656ce2af39410caba1,,187250,220500,0,0,0,Lance Berkman,2026-06-20
aa3a9418f5c3c7e412ae475d775be398,,170102,199284,0,0,0,Ted Simmons,2026-06-20
ac07c444003935aa5f36fd94426986a2,,164349,194969,0,0,0,Carlos Santana,2026-06-20
8f8f2d50a08af1f0b2b3f3897125ea96,,108300,132399,0,0,0,Ken Griffey Jr.,2026-06-20
4c50eb435c16457e1d2fc20a33ed4459,,108223,132325,0,0,0,Pete Crow-Armstrong,2026-06-20
dc5795d3696de8af140af934297c28cd,,100000,114729,0,0,0,Giancarlo Stanton,2026-06-20
626f64b9a9c037091a21bd550500a3ca,,93000,102500,0,0,0,Willi Castro,2026-06-20
6fcf28263ee93612f9ebe6343b6e5750,,88501,101750,0,0,0,Chone Figgins,2026-06-20
891e73463cf34cc7668a0d27e0b44623,,81501,93997,0,0,0,Juan Soto,2026-06-20
0b8577788fcd1af6b77f5c206e2cf6a6,,80002,99594,0,0,0,Ted Williams,2026-06-20
0e65336ab3ecad85c432e4cf58166c5c,,79001,89961,0,0,0,Ivan Rodriguez,2026-06-20
4eb647cc05a222fef1cf10216490f337,,78147,90772,0,0,0,Craig Biggio,2026-06-20
51a66c3d75e9adb00935c4030c455ec5,,77584,90434,0,0,0,Aroldis Chapman,2026-06-20
b3fee71ff1f8b8a3886742d0edf68645,,77089,90249,0,0,0,Babe Ruth,2026-06-20
b6156a5119ace97d22c359bb84e385b4,,77068,114696,0,0,0,Adley Rutschman,2026-06-20
e442119e49d6b8ef066f8a2933f0790d,,74550,86497,0,0,0,Rafael Devers,2026-06-20
4b0e97bc90494308ad33781b99906a10,,74222,83737,0,0,0,Roger Clemens,2026-06-20
8dd6731e5d1f48b077ed0098f6afacae,,73843,83613,0,0,0,Jorge Polanco,2026-06-20
fc61b131ecf4ed7ecdb6c61a3ab2d026,,73701,85396,0,0,0,Darren O'Day,2026-06-20
2667e26525efd227c0197abe06c90175,,73004,81900,0,0,0,Cody Bellinger,2026-06-20
9d2dcc7afd6b9cc8d7c823c0596a5945,,68024,81998,0,0,0,Mookie Betts,2026-06-20
242a74a4ec563abda0ebe0c20840c6ea,,63208,70904,0,0,0,Steve Finley,2026-06-20
81a768d1d436f1dfe4c22a32c0e53239,,60715,68825,0,0,0,Francisco Lindor,2026-06-20
dea507a3547c0992934802068d961d8d,,60143,119776,0,0,0,Eddie Rosario,2026-06-20
694e6aa24631c7eafa5cc17da782e0c8,,56142,69400,0,0,0,Munetaka Murakami,2026-06-20
31949b45b3dc7ec832527e4a89290666,,55408,63302,0,0,0,Ronald Acuña Jr.,2026-06-20
6140bef83c36741aaf6ee0eaf588258a,,55201,74330,0,0,0,Julio Rodríguez,2026-06-20
1ca21fc13eff71d412d25d41c49770d9,,52540,62800,0,0,0,Logan Webb,2026-06-20
33819b6da6041d1f28ec3f9aa9f45276,,49105,53799,0,0,0,Andrew Miller,2026-06-20
f706405593cecbb7a86f9cfb4e52cdcf,,44000,53000,0,0,0,Samuel Basallo,2026-06-20
33229ba98a3a27d526a6012e39617a8f,,43147,50910,0,0,0,Byron Buxton,2026-06-20
22a144f77375aceea05609b5ef45b4f9,,42038,46968,0,0,0,Trey Yesavage,2026-06-20
81de8b3d6f3f39a13a8a6c055a895774,,40522,46296,0,0,0,José Ramírez,2026-06-20
e29e465e21820777ffb2086d60ec2e93,,40000,45759,0,0,0,JJ Wetherholt,2026-06-20
0ab84030028ae2e7e5740d1104e092c0,,35266,39698,0,0,0,Andy Pettitte,2026-06-20
afa11f4e20979224d5cbf8ccd4764ad4,,34444,39900,0,0,0,Bobby Witt Jr.,2026-06-20
b4d18dfeb0c12adad6c47445f70984fb,,30586,34975,0,0,0,Paul Skenes,2026-06-20
c2d9aeefe0257a97dc39aca5818aa47d,,30449,34840,0,0,0,Tarik Skubal,2026-06-20
8806bf6331e5b153d472a5f241ab5a74,,30000,33491,0,0,0,Roman Anthony,2026-06-20
f6d456e628a095ca75f864487cd5bd96,,28266,31500,0,0,0,Hunter Greene,2026-06-20
506b4af24046e8632132d2fc6cfb3672,,27770,31087,0,0,0,Blake Treinen,2026-06-20
7ee6e42daae96052c8124ef54f36ae28,,27301,29695,0,0,0,Gary Sheffield,2026-06-20
5274369d7a16d1752c69ea368438fc4a,,26002,30073,0,0,0,Chris Sale,2026-06-20
58ba0106c48e783aea2e6bec95f00835,,25720,29144,0,0,0,Ozzie Smith,2026-06-20
ff34853531ed8a42c3cd7fdecef28ef6,,25109,28996,0,0,0,Johnny Damon,2026-06-20
515f050bc9007b5adaf08f2d5cfbc6a4,,25001,28496,0,0,0,Cade Smith,2026-06-20
34a5f73f426afed30061cd7ef109e6ef,,24157,27556,0,0,0,Kyle Tucker,2026-06-20
d38565a6cd5e06a98a5095ca9479044e,,23954,27842,0,0,0,Juan Soto,2026-06-20
f9acc5c7a36af464b60e52713abb6fe1,,23762,26753,0,0,0,Dick Allen,2026-06-20
96863b00ddc2d19de34b7556f50e7fa2,,23252,26500,0,0,0,Chase Utley,2026-06-20
968cd58ad7d5b41c05d106e4159b50d5,,23150,26080,0,0,0,Mason Miller,2026-06-20
b61c40d165b8297842cbb377c600088c,,23133,26793,0,0,0,Fred McGriff,2026-06-20
a2cf05c2150d3dda2494039ecb9208bf,,23104,23999,0,0,0,Yordan Alvarez,2026-06-20
3c1fddd713f9f6b2d379788898161cc8,,23019,26359,0,0,0,Larry Walker,2026-06-20
4e9dfc1b39fc2b03c5c080adf7e4ebce,,23000,26365,0,0,0,Gary Sánchez,2026-06-20
94b6a480b136b70cafd0100c5faf60cb,,22882,27611,0,0,0,Alex Bregman,2026-06-20
64cdee56157fb1d805cc60f359c39125,,22807,26490,0,0,0,Luis Castillo,2026-06-20
4721b4178756914991bae028c5be37d8,,22500,25500,0,0,0,Aaron Ashby,2026-06-20
3cf87f108659884201fe75bd067f8738,,22352,25667,0,0,0,Garrett Crochet,2026-06-20
a83663d71e05e73b14ca2267dfb59882,,21600,24599,0,0,0,Michael Young,2026-06-20
853b211a8bf0ca8eb2789740589d1232,,21293,25199,0,0,0,Dave Parker,2026-06-20
3174a44fe6060312e9827b65c43c937f,,20028,23799,0,0,0,Randy Johnson,2026-06-20
a3b52fd737cde5a076ca32fe854d623d,,19755,22897,0,0,0,Ketel Marte,2026-06-20
59eadbb6d0c55836f270e4f1e0c1b78e,,19533,22440,0,0,0,Pete Alonso,2026-06-20
381847ba3634a580bea4b117fbdb2a12,,19160,20888,0,0,0,Blaze Jordan,2026-06-20
b4657707a9e031cdf6b9a13a1ac242eb,,18807,22332,0,0,0,Manny Machado,2026-06-20
94795ae845d549e4aa6bf9bf7fbe70c1,,18666,21785,0,0,0,Wade Boggs,2026-06-20
40efc00693a0d7c7dd7728b8932a55e0,,18639,21999,0,0,0,Bob Gibson,2026-06-20
e3b11d9c0c1c475efd98ee8142e71a23,,18582,21881,0,0,0,Yordan Alvarez,2026-06-20
83fe18dc984c3fb82de72075332e525a,,18556,21019,0,0,0,Kyle Finnegan,2026-06-20
441dea2f123999e0b4cc292c6d26f1c2,,18056,20407,0,0,0,Francisco Lindor,2026-06-20
39c5b90564971fa138921de581f3677d,,18035,20199,0,0,0,Jose Bautista,2026-06-20
322fb687853d2ab4d3298efd7d9aa686,,18008,20799,0,0,0,Adam Dunn,2026-06-20
67278472bc2f42443b2e36ea40d8e376,,17701,20776,0,0,0,George Brett,2026-06-20
47c5fc901076b6ab230eaa836e2c2acc,,17551,20830,0,0,0,David Ortiz,2026-06-20
d6262167d4e079b8221e40f0d279d51b,,17444,19874,0,0,0,Trevor Hoffman,2026-06-20
29c5c88e5c8b6f54ec3b2674cad70b5a,,17120,19390,0,0,0,Jackson Chourio,2026-06-20
cf6870de18c3b8e2714636f2dc8f6348,,16957,19698,0,0,0,Jorge Posada,2026-06-20
f2994eb08dae9747015be8b5969a5448,,16800,19324,0,0,0,Kensuke Kondoh,2026-06-20
d056e1bd464ee8d42efb77f7a30305de,,16767,19002,0,0,0,Konnor Griffin,2026-06-20
4cd96c43cd52cb8635059c29ddcc6092,,16502,18899,0,0,0,Carlos Santana,2026-06-20
1fef9735e1e801ef78c291c5dcd50081,,16334,18879,0,0,0,Junior Caminero,2026-06-20
c874e8197568d887149b19bf0798cef7,,16236,20000,0,0,0,Jacob deGrom,2026-06-20
85e90d7a758786bb9a13967f98749946,,16120,18869,0,0,0,Bob Feller,2026-06-20
13153e488e46cab54a62525a179cafa0,,16008,18844,0,0,0,Andrés Muñoz,2026-06-20
7ad75a202714975c1d326025897f1fcb,,15818,18622,0,0,0,Bo-gyeong Moon,2026-06-20
5ec1f160346292fccfa97ea915f79af6,,15761,18260,0,0,0,Brice Turang,2026-06-20
721c853555d0cf1fd8e1072f622dcc9b,,15756,18314,0,0,0,Colson Montgomery,2026-06-20
9a6ceb01e5610a12399000cc8cb15135,,15707,18395,0,0,0,Gleyber Torres,2026-06-20
30149f914608cc841518652a5d4feeeb,,15706,18273,0,0,0,Mike Moustakas,2026-06-20
7654bca15889263f0ed5d0a6d07f8d65,,15626,17200,0,0,0,Freddy Peralta,2026-06-20
a4c9b0b64e6aabf714cd5d9f3e9a080a,,15618,18484,0,0,0,Lourdes Gurriel Jr.,2026-06-20
ad0fd9e615c3fd9e9baa80658adff11e,,15555,17485,0,0,0,Stan Musial,2026-06-20
4cafcd48ac7160fa926a49135f0b5084,,15507,17901,0,0,0,Harry Ford,2026-06-20
77f4f726f0b03e6c0591c3c48dc5f714,,15500,16998,0,0,0,Leo De Vries,2026-06-20
6d2a46efca22ab816e44a3cd71b707ca,,15400,17326,0,0,0,Roman Anthony,2026-06-20
4f9e51c65b7201d9cd4882e3d7ea56ec,,15300,17439,0,0,0,Michael King,2026-06-20
81608f307e2567a6ee1c7b68f7ff22bf,,15060,17153,0,0,0,Cal Raleigh,2026-06-20
1cb0a97de147453847113a970b222ef7,,15049,18398,0,0,0,Biz Mackey,2026-06-20
c700c506cc45e9cce237d0be72f37d89,,14901,17239,0,0,0,Jorge Polanco,2026-06-20
98fb60ffb89551b93766617a4672b7de,,14681,16804,0,0,0,Jarren Duran,2026-06-20
eef6bd05828c7d6f48ed9f69017c094c,,14603,17408,0,0,0,Carlos Cortes,2026-06-20
b39c198cd2053380dd48fb0584fe7d11,,14501,18332,0,0,0,Eugenio Suárez,2026-06-20
ba2338249986311aeebb6f32b5a4d89e,,14406,17014,0,0,0,Taylor Ward,2026-06-20
3761872259bf05ba060312652c50baeb,,14250,16435,0,0,0,Bryce Eldridge,2026-06-20
fee1d1493de43a9b29cdc6b4d0bbc3d8,,14226,16938,0,0,0,Tatsuya Imai,2026-06-20
1bfbd7346fc2552957e0dbc7297fdf3f,,13891,15560,0,0,0,Kyle Harrison,2026-06-20
76361b7413b09a76459fb9a0b3db4c98,,13718,15525,0,0,0,James Wood,2026-06-20
cfc132300cd15824f137b7a788e8b5d5,,13678,14001,0,0,0,Rafael Devers,2026-06-20
fe2d583b5535343cd889508b5a1ddb48,,13536,15738,0,0,0,Felix Bautista,2026-06-20
01193b4fa44239fd3137f7b9e5fcc31a,,13532,15751,0,0,0,Cam Schlittler,2026-06-20
271dbca36cb947d3adab0045410a35c7,,13273,14506,0,0,0,Tyler Glasnow,2026-06-20
f1826acd9fc89e52e4de3d0f9b274bc1,,13213,15090,0,0,0,Austin Riley,2026-06-20
cf26f7e3597b0db95c10819cf9b25c63,,13119,17320,0,0,0,Bernie Williams,2026-06-20
fab64afcb92366cc9c821d04c9b0bcde,,13119,14906,0,0,0,Bryan Reynolds,2026-06-20
d6bc9e26c87097367761957e72dcc9f9,,13052,14990,0,0,0,Daylen Lile,2026-06-20
b25e0da16f9ddbec50d1d0169a1061b6,,12787,15499,0,0,0,Jake Arrieta,2026-06-20
27d3fa31f100678ae71241c7bf8a2fb0,,12705,14976,0,0,0,Spencer Strider,2026-06-20
eb6a571fa60b0c9c239b6606d31f0943,,12519,15028,0,0,0,Ray Durham,2026-06-20
5bc94899ab8dade086032049e9d4636c,,12038,13795,0,0,0,Christian Walker,2026-06-20
27bb651cc16b009caf98a0db5ed9cc73,,11986,13981,0,0,0,Isaac Paredes,2026-06-20
505630177a86234a71d75fa88052c44f,,11883,13650,0,0,0,Josh Gibson,2026-06-20
349a3aefd6546ee63be954f15047eb4d,,11501,13004,0,0,0,Gunnar Henderson,2026-06-20
f04c6c3ba9ad0b51da2d7e0a71a24916,,11433,13002,0,0,0,Davis Martin,2026-06-20
a6de159b5f90e06c3321c845630c6ee4,,11257,12700,0,0,0,John Donaldson,2026-06-20
eb63be93ed06d7dcd349a9be82ef8f2e,,11213,14959,0,0,0,Travis Bazzana,2026-06-20
de08b90b9f9f01c5475f81798f7e4f74,,11201,12749,0,0,0,Aaron Bummer,2026-06-20
a3e2af6b28600e2ecb0db7de0ac6c04b,,11112,14199,0,0,0,Eddie Mathews,2026-06-20
498b58c51b190f52cdd55c8d24ce009d,,11000,12981,0,0,0,Colton Cowser,2026-06-20
2ea5f498d83f966be7ebb35211b6bc7a,,10753,12950,0,0,0,Sean Burke,2026-06-20
00ad3458ea1370e9fe337ec711068803,,10671,12641,0,0,0,Jacob deGrom,2026-06-20
176996dc8c9879c432173dbb334ca6fe,,10576,11909,0,0,0,Alex Hall,2026-06-20
7f0abbfb71f1e1d10275b800f9c667c1,,9999,11407,0,0,0,Jacob Misiorowski,2026-06-20
c2a436c821e9109716ffe2d5962bb82b,,9906,11760,0,0,0,Sammy Sosa,2026-06-20
cbc5dd546069c2e9d92eda1ab341fe22,,9894,11344,0,0,0,Mike Trout,2026-06-20
4f814b42cb7d5a0038d971f31b6c07ae,,9798,11378,0,0,0,Bobby Abreu,2026-06-20
df8cdf7c72b6e976e610c74426813074,,9752,10991,0,0,0,Nolan Ryan,2026-06-20
18cf0978a627154692733f1d7fb8dea9,,9588,10996,0,0,0,Mark McGwire,2026-06-20
b7f53638480b48fdd78315202a5a4500,,9353,10798,0,0,0,Brian Roberts,2026-06-20
de0b14d910be110526f35d9f7a38041e,,9008,10207,0,0,0,Bobby Grich,2026-06-20
5fe05e1065c026ec88edd48e841c80a7,,9003,10991,0,0,0,Max Muncy,2026-06-20
a3c2c00e2982953cde6291b171b919e1,,8484,11434,0,0,0,Victor Martinez,2026-06-20
340820524976aabf2702294ddd06db89,,7751,8899,0,0,0,Adam Jones,2026-06-20
e5aa48729f19e5f31be3bf83476873f9,,7741,8888,0,0,0,Carson Benge,2026-06-20
c72fe9d187c27b36c9eaa57d9b60e265,,7720,8788,0,0,0,Bubba Chandler,2026-06-20
bda2570e25f698caba6ddee85991a19e,,7702,8915,0,0,0,Payton Tolle,2026-06-20
92c7b64d54c4a954a4858fd80a46d967,,7568,8899,0,0,0,Ceddanne Rafaela,2026-06-20
c6aff446c59619c542634808fa2aed5a,,7372,8302,0,0,0,Byron Buxton,2026-06-20
0bfbf00f713e487457682a4b31284d25,,7333,8493,0,0,0,Daniel Palencia,2026-06-20
cb4514ef8ca935c93a2c0e8ddc86f022,,7135,8439,0,0,0,Zack Wheeler,2026-06-20
3fe940af6daa0433f3a3fdad16441dff,,7053,7985,0,0,0,Vladimir Guerrero Jr.,2026-06-20
1ab73eafe2845f50ae119f3af6cbadbb,,7001,8086,0,0,0,Aroldis Chapman,2026-06-20
3c218b7bc6e0bab747be1d995b237396,,6970,7892,0,0,0,JoJo Romero,2026-06-20
80e54de36f9c3f4ef599c6d5cb3888ef,,6900,8450,0,0,0,Nick Castellanos,2026-06-20
4803d027ed3447b312391dba5267ab32,,6840,8230,0,0,0,Jose Altuve,2026-06-20
1e8c529acaf86b9b0145bcf5c78c6b7c,,6768,7990,0,0,0,Ryan Walker,2026-06-20
d3c927fcc66b5882e1c49cd27e580781,,6550,7678,0,0,0,Jonathan Aranda,2026-06-20
a89e83a2a27fe63df52d41c544b55296,,6511,8195,0,0,0,Framber Valdez,2026-06-20
8eb54861dd79ad4f4ee7aa3f3a267a7f,,6501,7401,0,0,0,Marcus Semien,2026-06-20
2542731f723876c9af447f14c2a1b4b4,,6373,7400,0,0,0,Josh Bell,2026-06-20
26ae3916aef872cece7400c839757f96,,6283,7373,0,0,0,Jacob Wilson,2026-06-20
93e35f0b21665bd1ffa422c5273b33cb,,6251,7888,0,0,0,Sonny Gray,2026-06-20
bc1803df31e29cfb7e0b388f322f99fa,,5965,6727,0,0,0,Byron Buxton,2026-06-20
c37610e4a9110124aefa0ee7c97e3e76,,5850,7499,0,0,0,Chase Dollander,2026-06-20
3cf53c11d43837a987f648870086038c,,5840,6646,0,0,0,Xander Bogaerts,2026-06-20
e57a77af223564d5a51b4da47918c923,,5840,6895,0,0,0,Nathan Eovaldi,2026-06-20
8a77ae24d68a7d253c9ecab8fd5eb846,,5805,6975,0,0,0,Xavier Edwards,2026-06-20
59be57eec45dc1719c7864a2f0e762a4,,5757,7040,0,0,0,Matt Olson,2026-06-20
0a6108ef071f9526a9826b2b0950784d,,5725,6848,0,0,0,Bobby Doerr,2026-06-20
2abcfb5d36beb174cc89ea7e7581fddd,,5711,6684,0,0,0,Ryne Sandberg,2026-06-20
5324375750d938b2efa533bc112c2607,,5664,7154,0,0,0,Kenley Jansen,2026-06-20
28f86e9d224952216dd7c34104e05833,,5640,7020,0,0,0,Ildemaro Vargas,2026-06-20
84a623a0cb516e0c31a8535e0f40a564,,5559,6443,0,0,0,Jacob deGrom,2026-06-20
94cd0e87554fd1fc88b0cfdb1b2e7309,,5558,6300,0,0,0,Terry Pendleton,2026-06-20
cd182c62478a5d2b2b4e51693f0e6875,,5503,6763,0,0,0,Jordan Walker,2026-06-20
670e048538c613f6c8b25baf031bb5df,,5488,6995,0,0,0,Andy Pages,2026-06-20
a7281b7523eee7468aed39c0dabc94e2,,5389,6146,0,0,0,Hank Greenberg,2026-06-20
ddd3238528d22c9c5894b8481e23382a,,5301,7111,0,0,0,Cedric Mullins,2026-06-20
b7eaa6fff6c1ce4f3337c9d0a1b13315,,5299,5351,0,0,0,Gregory Soto,2026-06-20
9794519958a3ac2e326fc73818d16982,,5257,5982,0,0,0,Jazz Chisholm Jr.,2026-06-20
fd166afb87f41d7115b1418bc6cee107,,5244,5967,0,0,0,Teoscar Hernández,2026-06-20
459e1b733f534a8fae22edb819b03aa2,,5201,5889,0,0,0,JJ Bleday,2026-06-20
692cc6db49a0288b2a3a75a673cf7058,,5095,6013,0,0,0,Keibert Ruiz,2026-06-20
6371ab8cf095a832f3c159f8c4ec9ad7,,5012,5844,0,0,0,Paul Goldschmidt,2026-06-20
edc096e7c7122d1d91caf889657ffeba,,5000,5559,0,0,0,Steve Carlton,2026-06-20
5ef4b30c20b42cd3ccc640e3fc5c324c,,4888,5584,0,0,0,Tommy Edman,2026-06-20
d04dceb8c77c360045aa4dbcf958a265,,4864,5390,0,0,0,Jim Johnson,2026-06-20
0fd554ba48f588ddaaf3deb76b5e8856,,4801,5481,0,0,0,Jeremiah Jackson,2026-06-20
54d6c31d9f77ff85276cbc8af984c8ad,,4752,5578,0,0,0,Chase Petty,2026-06-20
e0aebb988b0081537ca2391c60bbef4b,,4751,5576,0,0,0,Collin Price,2026-06-20
0b33b5554e8164074ac76c42c1753b12,,4750,5493,0,0,0,Pedro Ramirez,2026-06-20
b43c5df5574f3a06122fff41e9ff634b,,4728,7000,0,0,0,Yoshinobu Yamamoto,2026-06-20
cb329945c3284e6402bbb8d5b1adb199,,4700,5169,0,0,0,Garrett Cleavinger,2026-06-20
3e146c29c10b81db03db211a9bc8f3c3,,4601,5550,0,0,0,JJ Wetherholt,2026-06-20
2ac9ebc51afdc8c3369576d291b92f17,,4600,5585,0,0,0,Max Clark,2026-06-20
98e9958f7cc1460b84db83183aef7f73,,4562,6436,0,0,0,Michael Arroyo,2026-06-20
865aa00e7873e44460a67f36111c3251,,4557,5634,0,0,0,Chris Sale,2026-06-20
9bc371df9290965562c6c3b72f7f6853,,4524,5112,0,0,0,Eddie Murray,2026-06-20
1e67d05d38393c744524f1b0abb57fd6,,4501,5080,0,0,0,Angel Martinez,2026-06-20
4afa0d2b127c6779bfec904f052d1345,,4501,5823,0,0,0,Kade Anderson,2026-06-20
ef9d289e44d42596ed4359c14332873b,,4500,5071,0,0,0,Yoshinobu Yamamoto,2026-06-20
f99993fae388bfdceac718d37de43927,,4461,5784,0,0,0,Lazaro Montes,2026-06-20
95330eb7e954cdeed7fd37b81c0a85da,,4453,4992,0,0,0,Eli Willits,2026-06-20
8e30e079501785144f8c1423b4a786cc,,4402,5548,0,0,0,Charlie Condon,2026-06-20
54bc5899fae125a92c51e34b3947cc18,,4281,4837,0,0,0,Griffin Jax,2026-06-20
61b078d620838115e4c26a47b0ec3891,,4251,4867,0,0,0,Will Smith,2026-06-20
948e97cf3ac517d3d3b942ae0c6a5a5a,,4250,4890,0,0,0,Trea Turner,2026-06-20
870b42d335082ab324dfe28e322d0cec,,4236,4844,0,0,0,Rick Ferrell,2026-06-20
b6148a45d591e65fee6e3b08c9573817,,4225,5965,0,0,0,Ryan Sloan,2026-06-20
a9185a258e8bc489fc4115896e6b776f,,4219,5435,0,0,0,Rainiel Rodriguez,2026-06-20
60f7a03623246c029f50a8c4b7003bbe,,4201,5318,0,0,0,Franklin Arias,2026-06-20
9c6cfb193a2d8261bb535bd154478a81,,4201,4796,0,0,0,Willson Contreras,2026-06-20
9352debab68249703ffe4b9ed4104477,,4200,5654,0,0,0,Jamie Arnold,2026-06-20
1b6d77fac4aae671edf866f719237f43,,4125,5198,0,0,0,Trent Grisham,2026-06-20
769d8b1add485a6a7e4a2b1b366c6a72,,4100,4599,0,0,0,Ryan Ward,2026-06-20
b6f7cb36abccc5d0f8950788391236d0,,4089,4608,0,0,0,Craig Kimbrel,2026-06-20
b201e036ce38cf1ea868ec2a93b89c14,,4010,4753,0,0,0,Brady House,2026-06-20
3085cf3f2cbe7bd30a1d57bcb4e4f4fc,,4001,4800,0,0,0,Louis Varland,2026-06-20
338fd3801ca14a968b8ba64018e41b77,,4000,4884,0,0,0,Jake Bennett,2026-06-20
eee2c6c6eacefaee20da1897e6edef5c,,4000,4881,0,0,0,Nathan Church,2026-06-20
06ad210e966bbbe0c2102a06d9178d9f,,4000,5108,0,0,0,Noah Schultz,2026-06-20
4fda87836c0d2673a1624846fdfaa2b7,,4000,4845,0,0,0,Corbin Carroll,2026-06-20
e0e30caea9b513585c2ab4b97dbd2451,,4000,4599,0,0,0,Sandy Alcantara,2026-06-20
e17a5e4b67a3909c5dc203f9f8f01c23,,3906,4539,0,0,0,Jeffrey Springs,2026-06-20
b82297654b90adbafdd9264ae5ee1163,,3904,5556,0,0,0,Jesús Made,2026-06-20
c66200564256e28aa5e85dc120c1d044,,3854,4859,0,0,0,David Justice,2026-06-20
2b0ac37ddd3671b0fd917652b72e9953,,3830,4363,0,0,0,Ronny Mauricio,2026-06-20
56980d217eabeaa40c3d4bc3e1aaf21d,,3820,4406,0,0,0,Liam Hicks,2026-06-20
f29963720bd344f248b73e0876055828,,3813,4796,0,0,0,Geraldo Perdomo,2026-06-20
25696e2f8629b64ecee949c1ecc2c9c1,,3801,4098,0,0,0,Bryce Elder,2026-06-20
f3d0852f54f308de12b0648755d5a987,,3800,4449,0,0,0,Gerrit Cole,2026-06-20
91bedcc283ad42858feb529883901ee2,,3800,4850,0,0,0,Clayton Kershaw,2026-06-20
b9292789114346fec5c00496a97cd14c,,3797,4440,0,0,0,Moisés Ballesteros,2026-06-20
1f92f88ca74a2e388a30d538b425b097,,3776,4495,0,0,0,Michael Harris II,2026-06-20
87b535ae02dc75b52da639e05e005adf,,3751,4437,0,0,0,Chase DeLauter,2026-06-20
9f2d98426f293a2ea9215d98ae4b8fdd,,3750,4865,0,0,0,Willie Mays,2026-06-20
7a0ee522cb594ef3764979a02a1fb546,,3750,4598,0,0,0,Scott Rolen,2026-06-20
f13564574664a0cb139cd91723dc0b11,,3750,4365,0,0,0,Emerson Hancock,2026-06-20
3412bd884cb1e047aaa9608975f9bf54,,3709,4288,0,0,0,Jakob Marsee,2026-06-20
98617ef19f59a4cc4dbd0cafeffab418,,3700,4060,0,0,0,Miguel Vargas,2026-06-20
45aa2ba3061d40614a3600ca4c4c9a37,,3518,4301,0,0,0,Nolan McLean,2026-06-20
e87779b13df51d69b13e127eacb0bedb,,3501,4254,0,0,0,Kyle Schwarber,2026-06-20
e154c5f751f0cf6ba27ade0d0bf358e6,,3500,4002,0,0,0,Michael Soroka,2026-06-20
dda8522397f45fe7f8ff73f79f287087,,3011,4530,0,0,0,Kazuma Okamoto,2026-06-20
e25439bd0d42a5a005abc2214edf64cd,,3007,3366,0,0,0,Jacob Misiorowski,2026-06-20
b304748509db213a30a08c2c0b3eba5b,,3001,3373,0,0,0,Freddie Freeman,2026-06-20
44b644f654f79adcc5c32ac45c1687d8,,2801,3200,0,0,0,Owen Caissie,2026-06-20
ec6b5715047a5ed9589424ac2e6354e3,,2750,3155,0,0,0,Justin Crawford,2026-06-20
b117a9c674bd1db26548a486cfd3f7c8,,2377,3161,0,0,0,Oneil Cruz,2026-06-20
ded3916224a466cc6ff73aa27c765ba8,,2358,2757,0,0,0,Tyler O'Neill,2026-06-20
18b95c211affb2cc126801fc178f93b7,,2350,3000,0,0,0,Nate Eaton,2026-06-20
d4c9a5a2df560fc94c20b4808c3644e4,,2317,3014,0,0,0,Yoán Moncada,2026-06-20
dcffed0b00282a280291d9989c3e635b,,2303,2816,0,0,0,Xander Bogaerts,2026-06-20
871b3abdcf3c51fb0677673d34956608,,2263,2602,0,0,0,Jarren Duran,2026-06-20
4b62f838c8200a9212849764f77ba711,,2260,2528,0,0,0,Edwin Díaz,2026-06-20
d6b54c75e6ff3386283234650d57870b,,2259,2531,0,0,0,Salvador Perez,2026-06-20
28edce15789eceb747d4d2f13b7aefdd,,2252,2840,0,0,0,Wilyer Abreu,2026-06-20
ea417dd342d3349c4a8e4a724b51cde3,,2251,2929,0,0,0,Stuart Fairchild,2026-06-20
8c0b39e497ed9778ac3672a68d4571f2,,2251,2525,0,0,0,Shohei Ohtani,2026-06-20
5b0a8589d88ae8b04f7ae55ce11478d3,,2250,2524,0,0,0,Ryan O'Hearn,2026-06-20
8b54fd6cf5194f3baa1ce8ac81be9769,,2250,2512,0,0,0,Robert Suarez,2026-06-20
7053cd66f81c4f7dd6c03abaaf02a2c0,,2250,2515,0,0,0,Adolis García,2026-06-20
eaaed6e17525f329fef14fedcf0904d4,,1963,2495,0,0,0,Ketel Marte,2026-06-20
bffa732b48a0dedd9ca13ab24e40b076,,1899,2333,0,0,0,Raidel Martinez,2026-06-20
180698e05bf81aa326d6a8e6047533c8,,1500,1683,0,0,0,Dillon Dingler,2026-06-20
76ef7e9d2fac836db23a76579f733024,,1200,1339,0,0,0,Jackson Chourio,2026-06-20
55fb77566aba38ade96f2da28aae64d1,,993,1270,0,0,0,Seranthony Domínguez,2026-06-20
42618a363c407b4e589478a9b9db2139,,891,1177,0,0,0,Elmer Rodriguez,2026-06-20
fcdcf5c3f65ca71f64e1a77b401d9e87,,835,1001,0,0,0,Matt Davidson,2026-06-20
79ec96dacdb53fcbc78cb826f9620c04,,814,1087,0,0,0,Brayan Bello,2026-06-20
3d07a2a52ec2996a939d11568a374fb8,,801,985,0,0,0,Gregory Soto,2026-06-20
376175f2c2a7f86d5b164114132802fc,,552,812,0,0,0,Joey Meneses,2026-06-20
060cf39a4b98cf136e75c699751e8454,,521,776,0,0,0,Yu Chang,2026-06-20
d53cce1d17f9f52f4caf85f74e7d1844,,502,580,0,0,0,Hyeseong Kim,2026-06-20
9ab261d0729c6ef94a362e1f6e75dcc6,,451,589,0,0,0,Camilo Doval,2026-06-20
fdb80e16fd9eaa34ef2d0da459fbfe1c,,451,591,0,0,0,Dean Kremer,2026-06-20
7d625677d36e37e92aeab50b1f9ec395,,312,374,0,0,0,Erasmo Ramírez,2026-06-20
e3e1ff7d2908884667e32393caaf6e09,,300,421,0,0,0,Guillermo Zuñiga,2026-06-20
9c6bbc4edee80e2cc445ccc264258cf4,,154,203,0,0,0,Ben Brown,2026-06-20
8b03b664324b137f80e19dbd82fb2b98,,152,190,0,0,0,Jeremiah Estrada,2026-06-20
9f706a9283a933d9d5ab9092ad3c96fd,,152,170,0,0,0,Jesús Luzardo,2026-06-20
614f6240bfa6a73eec2e6723d8c55ee8,,152,224,0,0,0,Hunter Goodman,2026-06-20
5b5448ccb922bb99fc61622cee95825d,,151,194,0,0,0,Trevor Megill,2026-06-20
d71ff6c840121db3ea6f0a716c70f1e3,,151,189,0,0,0,Bryan Baker,2026-06-20
9208acba78f16430696a76e874662f9f,,151,191,0,0,0,Griffin Jax,2026-06-20
5a12f832b3f714b02c366459973e5ceb,,151,189,0,0,0,Tommy Edman,2026-06-20
45c01906d91d8b3589613803040a914b,,151,191,0,0,0,Corbin Burnes,2026-06-20
f61de812599096845898b305bd927478,,151,167,0,0,0,Pablo López,2026-06-20
0eaa844b6e2639e9ccf5edb5b045407e,,151,219,0,0,0,Mickey Moniak,2026-06-20
03f85a1ecce55c7189f455917799f465,,151,180,0,0,0,Luke Weaver,2026-06-20
1e4ae00b86806282a9b22e4cbb31a880,,150,183,0,0,0,Anthony Bender,2026-06-20
c947f75a502b342295c8fcf68d5b9590,,150,189,0,0,0,Jackson Merrill,2026-06-20
bc3deec957dd8a0918b92d90eaf40aa6,,150,202,0,0,0,Troy Melton,2026-06-20
98c10f52d5daf0316a2351a4179bcf83,,150,193,0,0,0,Grant Taylor,2026-06-20
e495202337a409054b2628990dc45623,,150,198,0,0,0,Yu Darvish,2026-06-20
67ebc1689dcb63ed9ffcb71ebb0e56b0,,125,142,0,0,0,Marcus Semien,2026-06-20
f0ebd4c4328c1f69f801e892110647ee,,125,156,0,0,0,Alex Bregman,2026-06-20
1ddd47d545b82b16c1ceea92a72c5af9,,125,139,0,0,0,Nolan McLean,2026-06-20
df54709556e526558a05bd4825bc73c9,,125,144,0,0,0,Bo Bichette,2026-06-20
9af93176b58bb55c3f235c0d2bbfedeb,,125,168,0,0,0,Eury Pérez,2026-06-20
eb21eae0f6435466b772def27ccbfbfb,,125,151,0,0,0,Garrett Whitlock,2026-06-20
397c4506bc45559154635235925c34ea,,125,152,0,0,0,Garrett Cleavinger,2026-06-20
480bc1e82a643613a9d59d2efc204aee,,125,145,0,0,0,Oneil Cruz,2026-06-20
79895b85a9a8dc72b599b47b4704450f,,125,152,0,0,0,Brandon Marsh,2026-06-20
1209a12d553a83990c72d267e96c4c33,,125,144,0,0,0,Jazz Chisholm Jr.,2026-06-20
fad3992128efc3573f10e9c2e29a657e,,125,143,0,0,0,Alex Vesia,2026-06-20
6988c11bcc98750e312047de3fadbccf,,125,147,0,0,0,Bennett Sousa,2026-06-20
df3d68a0fc67e10bf28b88c87b0ded23,,125,149,0,0,0,Aaron Ashby,2026-06-20
0b5abf160b4870d1517be60e7c50a337,,125,146,0,0,0,George Kirby,2026-06-20
95e733ad77b86f3336752d3cd8253922,,115,129,0,0,0,Davis Wendzel,2026-06-20
79becae145f9c22e01ffee3bbda96c23,,110,624,0,0,0,Curtis Washington Jr.,2026-06-20
126f262aa060015fa9b69a84cded17db,,105,137,0,0,0,Payton Tolle,2026-06-20
cfc421066e1e0c972013ff2e68fff4f2,,104,136,0,0,0,Carson Kelly,2026-06-20
5bd78b13d760d69be5f7bf09997cb37f,,103,133,0,0,0,Orion Kerkering,2026-06-20
2202836a6595b48e61f9c0f063ec5390,,102,141,0,0,0,Geraldo Perdomo,2026-06-20
b6aa2a849179e33f7dfe4fe861d2eca9,,102,145,0,0,0,Danny Coulombe,2026-06-20
b14cd970973cd89da4eb179541341044,,101,170,0,0,0,Max Meyer,2026-06-20
454e9fcf1cbc32310bfdb2003eadaa95,,101,127,0,0,0,Tyler Kinley,2026-06-20
18dd87c0996e9fbbec2c980c0ccecf98,,101,146,0,0,0,Roman Anthony,2026-06-20
fbd00d23fe1b8e56f542e12fb6d30f90,,101,146,0,0,0,Carlos Estévez,2026-06-20
ffa4ac61be1bece4afae31f352f59900,,100,131,0,0,0,Sonny Gray,2026-06-20
b79ab606a1792cf2f7993651e5a4c5c7,,100,126,0,0,0,Bryson Stott,2026-06-20
5e303884b55dfadbf9744134b978f02e,,100,141,0,0,0,Daulton Varsho,2026-06-20
96636c0b352b24fa766fd3473dac73a2,,100,121,0,0,0,Alec Bohm,2026-06-20
5f307d6a74257020d77197e84a41d36d,,100,140,0,0,0,Austin Riley,2026-06-20
7ae5745ce5d91d3b34c2de3c7d967139,,76,550,0,0,0,Michael Rucker,2026-06-20
c74e4e0cbbc961c15bd0d74219480120,,76,109,0,0,0,Jacob Young,2026-06-20
021745d6f71ce39dadfe9050385cb2e4,,75,88,0,0,0,A.J. Minter,2026-06-20
aa132b7258a5df8ec89267ab25bd63e9,,75,100,0,0,0,Ryne Nelson,2026-06-20
da915981070931cea2471686a713574c,,75,138,0,0,0,Jared Jones,2026-06-20
6c2543f242b643dcd5e57e427e311456,,75,106,0,0,0,Alec Burleson,2026-06-20
6c407bf5ea7d9ba106d998ef00a22453,,75,100,0,0,0,Jonathan Aranda,2026-06-20
b0df33bc0c296a7657519b8e3304f98e,,75,96,0,0,0,Brooks Raley,2026-06-20
16a6b905b0216b52128f33bd16b1bbe7,,75,90,0,0,0,Francisco Alvarez,2026-06-20
a4af60a1590a3a5de8ae540cb3c3dad2,,75,91,0,0,0,J.T. Realmuto,2026-06-20
d88407b8918523b461fd7956b731ca8b,,75,85,0,0,0,José Alvarado,2026-06-20
ac16fc2bd7d814b38a4055e2aaf515b0,,75,100,0,0,0,Shane Baz,2026-06-20
8ed6e39d561ae68b7895f01a923bd990,,75,90,0,0,0,Devin Williams,2026-06-20
8a4fbef35261007a8ef2e6a0bc61b60a,,75,95,0,0,0,Edmundo Sosa,2026-06-20
ef14d1e11c20ea4f0d56a416433eb216,,67,200,0,0,0,Raynel Delgado,2026-06-20
9908fbe8edb9e13bef9e83be9c3cc526,,54,118,0,0,0,Matt Svanson,2026-06-20
1b37240090bd3b5947933b593ca4dfb3,,53,71,0,0,0,Addison Barger,2026-06-20
9b75b6569e4d9f565ae45a1b715f680d,,53,71,0,0,0,Dennis Santana,2026-06-20
86c65a58bb2a2f4d0a563e8e6b35d190,,52,63,0,0,0,David Bednar,2026-06-20
cb3097de2aad47a8c62d0695e18d92c9,,51,66,0,0,0,Scott Barlow,2026-06-20
c897ba935280425c70bf565a984e650d,,51,69,0,0,0,Kevin Ginkel,2026-06-20
dcbc419cbc808396c9fd02d9f33d3440,,51,75,0,0,0,Tyler Phillips,2026-06-20
bb4836df9f4fad3e4b2106340ec1ac7d,,51,62,0,0,0,Grant Holmes,2026-06-20
43828e36f84fec0420219d2f9ab97c9a,,51,100,0,0,0,Jake McCarthy,2026-06-20
b0114970026542959ebd4757695230e6,,51,94,0,0,0,Michael Busch,2026-06-20
1f6ff200d4076b6ac73fc840d560bd88,,51,80,0,0,0,Foster Griffin,2026-06-20
4f40c725c377ff2b5e87e321d587ce07,,51,72,0,0,0,Eli White,2026-06-20
8b84cfc91953858774bea63ec90baa1b,,51,73,0,0,0,Jake Burger,2026-06-20
2df6d9a57f7162a907e14f9612ec9f86,,51,68,0,0,0,Jack Flaherty,2026-06-20
44380502d0dacaa4a3d800e4349e3a75,,51,79,0,0,0,Mason Fluharty,2026-06-20
62eb88106da99fb2fb939c271c2f50ba,,51,92,0,0,0,Kazuma Okamoto,2026-06-20
49ca3c5a6f1509560354ecb9642d9b92,,51,61,0,0,0,Joe Jimenéz,2026-06-20
e85a8cadf73717c688486c96abd4ca45,,50,64,0,0,0,Carson Fulmer,2026-06-20
57071ca44f8b54ea8b825076cb5a68f1,,50,59,0,0,0,Huascar Brazobán,2026-06-20
b46ecb1efcb9acb650525771f99e3da5,,50,114,0,0,0,Kyle Bradish,2026-06-20
14c3bd4333cf9682f049a445986ecfc9,,50,63,0,0,0,Roki Sasaki,2026-06-20
3eac79a2b84b4245599b77283fec3051,,50,59,0,0,0,Will Warren,2026-06-20
20f061a7ce5399d5fe1130a49838cdd2,,50,77,0,0,0,Tommy Nance,2026-06-20
707b79175f8a219bee0db03aca62c426,,50,58,0,0,0,Sean Murphy,2026-06-20
95c5801b4ccdee34459ae49d7a4207f4,,50,81,0,0,0,Brad Keller,2026-06-20
98cbb50dcd48e3c3582f564c1239fe0a,,50,60,0,0,0,Austin Hays,2026-06-20
6bc2d4f49e6e28ec867570f5cd1be65b,,50,68,0,0,0,Anthony Banda,2026-06-20
250b2cbee4de7316affcc64201094be5,,50,75,0,0,0,Gleyber Torres,2026-06-20
0c2526d3d95b0f09fc3c97883da87f23,,50,78,0,0,0,Sean Newcomb,2026-06-20
06b3208556157404d778227e4481ad10,,50,60,0,0,0,Luis Severino,2026-06-20
cc1c3841958cd659a6da4946f9820ac8,,50,75,0,0,0,Robbie Ray,2026-06-20
17639915944c476904ae01780d9691c7,,50,62,0,0,0,Eduardo Rodriguez,2026-06-20
ad00e849d342dad3186556dd4c9a4af0,,46,213,0,0,0,Kyler Fedko,2026-06-20
404d3af100b6007894601c8278b19675,,45,159,0,0,0,LuJames Groover,2026-06-20
aea1873f93c6b396e129a861d2473d7c,,43,140,0,0,0,Chuckie Robinson,2026-06-20
aa2acbc722f979fdc17cada99e14c2ff,,41,42,0,0,0,Noah Schultz,2026-06-20
d5a4d8db27cb59ccb99d58533928f40f,,36,154,0,0,0,Brewer Hicklen,2026-06-20
8a96940a6c052be2917e7fd64b5294c8,,30,136,0,0,0,Ali Sánchez,2026-06-20
87b12f273779198d8675237630ddcf4e,,28,135,0,0,0,Nick Frasso,2026-06-20
7bff6c60492fbc6130f82807356aacd6,,26,48,0,0,0,Lake Bachar,2026-06-20
168fa0172135cf8ed052e7b8ce2f73f9,,26,51,0,0,0,Matt McLain,2026-06-20
1712b5e8e69c89ad7affb0c2bff3448b,,26,46,0,0,0,Kumar Rocker,2026-06-20
b522d5a3b6ef1ea858926bc179802b17,,25,47,0,0,0,Walbert Ureña,2026-06-20
15dcae1930ba5870aab1fc4670d045fe,,25,41,0,0,0,Martín Pérez,2026-06-20
6cbe5e40fc9ee905af84c46305afbe54,,25,165,0,0,0,Nick Solak,2026-06-20
96a1ee784c828c9c53345deb9acfca14,,25,58,0,0,0,JJ Wetherholt,2026-06-20
afe062a486a95efdfba8198f41606bfc,,25,51,0,0,0,Dylan Crews,2026-06-20
890967d19f5e84564d0158d57adad6e8,,25,49,0,0,0,Kyle Freeland,2026-06-20
11c0c32a17daff333e683cea28affb34,,25,59,0,0,0,Cade Povich,2026-06-20
ff4eb309631430f0ba002a45afeb694a,,25,65,0,0,0,Gordon Graceffo,2026-06-20
66fbdb8005b5fa9957c5bbf6dccb200b,,25,58,0,0,0,Drew Millas,2026-06-20
8513996a5594d5ffa17d1c5f0467e387,,25,53,0,0,0,George Soriano,2026-06-20
6173b22eccbf7c6009a76139ead9e62f,,25,45,0,0,0,Yoendrys Gómez,2026-06-20
2625146a526ad6b85aeb9b00c7724e45,,25,55,0,0,0,Braxton Garrett,2026-06-20
f1d59f71943e9167f938748f9d30980c,,25,54,0,0,0,Phil Maton,2026-06-20
15dcae1930ba5870aab1fc4670d045fe,,25,41,0,0,0,Martín Pérez,2026-06-20
f15cb26c73905fa1687ebfbf51b257ac,,23,194,0,0,0,Blake Hunt,2026-06-20
e4e312a99a8ece1187f3b92ba2207f08,,20,78,0,0,0,Cole Carrigg,2026-06-20
914ad01959ed1cfe0704f40eac000502,,18,138,0,0,0,Josh Kasevich,2026-06-20
8f16ba442dac6149f855222a28165519,,13,99,0,0,0,Sean Sullivan,2026-06-20
40e0246110bd0a6c7d64e0381c72cd94,,11,57,0,0,0,Samy Natera Jr.,2026-06-20
95f03b504cf59f74ed8fb04dfc89bc88,,10,26,0,0,0,Braxton Fulford,2026-06-20
e4ba1a2b61cd8be741e5a2da759b6f6d,,10,74,0,0,0,Trey Mancini,2026-06-20
adf77499df028d6cc0bd4af10c9b3780,,9,80,0,0,0,Mario Camilletti,2026-06-20
ebfae8890faa6267d3e589229aff11ae,,9,48,0,0,0,Ricky Vanasco,2026-06-20
b0f861409654475d2a406add211d8bc2,,9,82,0,0,0,Beck Way,2026-06-20
01c8dabe0ba097ba9a60741229139fa3,,8,40,0,0,0,Samad Taylor,2026-06-20
16871ea9468f17214a35ee5cbddea518,,8,62,0,0,0,Ethan Murray,2026-06-20
4a59db9c67bdb1046807c27f1cf9c0c5,,8,77,0,0,0,Blaze Jordan,2026-06-20
3dac14404beff61fad284571c3ffdf25,,8,64,0,0,0,Anthony Molina,2026-06-20
b64749f2979062c0be0bb66d0eae3f36,,8,40,0,0,0,Nelson Velázquez,2026-06-20
44992727480ea7d8b83dd4368ebad930,,8,48,0,0,0,Oliver Dunn,2026-06-20
08e9abf5105960fc33164375974804a3,,8,41,0,0,0,Daniel Duarte,2026-06-20
83a704e5b8d48c3f58cdaa93793032cb,,7,40,0,0,0,Zach Thornton,2026-06-20
e00f51c96a2fc8995d4dc23bfc7c8a7e,,7,41,0,0,0,Ivan Johnson,2026-06-20
7c320d11f0da88f69a455f70406d5d9d,,7,46,0,0,0,Mike Paredes,2026-06-20
f61af8f1582543961af5470a0677db01,,7,40,0,0,0,Hayden Juenger,2026-06-20
2dacaf756cfacd2927785374218dcfbe,,6,65,0,0,0,Luis Lara,2026-06-20
ef0e7edeca2d4af1b70575545384ee48,,6,58,0,0,0,Gustavo Campero,2026-06-20
45278c834d3a76ba09771aa10a18848d,,6,38,0,0,0,Valente Bellozo,2026-06-20
299ba132957a617984b3d0541a7688e2,,6,18,0,0,0,Cody Freeman,2026-06-20
8ac5f6669ecce787ba5d2d4032e0297d,,6,30,0,0,0,Thomas Saggese,2026-06-20
76f14d2d20d237c295a9b1abda206526,,6,33,0,0,0,Zach Agnos,2026-06-20
4c80eaf0bc8fd017f1c6eb3c6ae68925,,6,22,0,0,0,Dax Fulton,2026-06-20
dc333c261f3838dbd0e9f4c22fac22ba,,5,73,0,0,0,Collin Price,2026-06-20
ede3a799fe5532ab45f5b3dd6e0f015d,,5,44,0,0,0,Clark Elliott,2026-06-20
53a91c253ce1295c6f7d9a8f30192e38,,5,63,0,0,0,Chad Dallas,2026-06-20
89dacbb06cda035bdddebf2bd0b5652c,,5,30,0,0,0,Robert Ahlstrom,2026-06-20
e1a10eda2eec8c1c670241d7cacc54ab,,5,32,0,0,0,Wilkin Ramos,2026-06-20
525a033335b2bc3efed41dc9e26d74c1,,5,26,0,0,0,Rikuu Nishida,2026-06-20
bab6e4a56bd832770d2e3b402ca3fcaa,,5,25,0,0,0,Chad Stevens,2026-06-20
2f50b29f87b3faa2e0fc8459a5ea39fb,,5,23,0,0,0,Yovanny Cruz,2026-06-20
be8bb3089a194862f300b5babf9c8320,,5,38,0,0,0,Brennen Davis,2026-06-20
de4a09048f79b17cc8591a8945467982,,5,55,0,0,0,Gage Workman,2026-06-20
58fb09456fe41d59d1a88ae203e732da,,5,24,0,0,0,Zack Short,2026-06-20
708587393383d2993abeaed3035c945c,,5,51,0,0,0,Jacob Waguespack,2026-06-20
da430ad4aed860d8bda81748cf711e18,,5,34,0,0,0,Sebastian Rivero,2026-06-20
d1d398432b609f145fc451d0bcde490d,,5,28,0,0,0,Trevor Martin,2026-06-20
b95dc89edccd07776aec09f8bb3e477d,,5,18,0,0,0,Gavin Collyer,2026-06-20
39b39b513034c70ce68ff5472b75f1c8,,5,31,0,0,0,Brett Sullivan,2026-06-20
e6424f0557914ddf60817a3f7a437bdb,,5,11,0,0,0,DaShawn Keirsey Jr.,2026-06-20
a9045441d0422e2342de9281cdab38ba,,5,11,0,0,0,Chen Zhong-Ao Zhuang,2026-06-20
1c776f0fd668e2ba6eab6804ef60f311,,5,23,0,0,0,Cameron Foster,2026-06-20
bf0be4ea130673b289cb3ac2ce7f8a77,,5,11,0,0,0,Jean Cabrera,2026-06-20
b0194a2595b3c362f118fde46b6af28a,,0,36,0,0,0,Josh Ekness,2026-06-20
81fe6a2e78782d1ef5a8aedae171b0d3,,5,14,0,0,0,Tim Tawa,2026-06-20
537511bae1cfefd8337143086509c4d3,,5,34,0,0,0,Seth Halvorsen,2026-06-20
350aca01868332223fc54bc651898a25,,5,12,0,0,0,Troy Taylor,2026-06-20
aaafd0b4c8b9bb1905adfaca895d949d,,5,27,0,0,0,Josh White,2026-06-20
aa88506a3055f39ff18dc390427c39a5,,5,16,0,0,0,Andrew Walters,2026-06-20
115a75ceaf345b23bf139b4ff36411f3,,5,26,0,0,0,Chris Roycroft,2026-06-20
287fa39c99e6a20ccbfcbf6dcc62645b,,5,11,0,0,0,Zach Dezenzo,2026-06-20
9994ba22cc830bc6a51ffccdf46bcbfe,,5,23,0,0,0,Luis Perales,2026-06-20
49464105bdb11ec73b1863675e510df7,,5,19,0,0,0,Travis Adams,2026-06-20
6795ed191a0f75361fd4ccf6f4fd5948,,5,23,0,0,0,Zak Kent,2026-06-20
49beb4d20e2a1e5bddd5e259a5ceb00f,,5,15,0,0,0,Ryan Watson,2026-06-20
1670174340eec5cbed8a315f89548ead,,5,19,0,0,0,Alan Roden,2026-06-20
5b8e7a87b996d88e6b1fa04b0c0e2e3f,,5,14,0,0,0,Alejandro Osuna,2026-06-20
ba9ce89929e301d1a9d8f901f915012f,,5,20,0,0,0,Joe Rock,2026-06-20
5ca61cd63415b8ffb112d452064d2e7a,,5,41,0,0,0,Denzer Guzman,2026-06-20
f1e7a60833b48209c17c0b0cef95477e,,5,18,0,0,0,Carson Whisenhunt,2026-06-20
04cf9933429f499172d66681e456cf15,,5,19,0,0,0,Easton McGee,2026-06-20
9afd5a2440bbb23b7e61d8aa684e90ad,,5,22,0,0,0,Blade Tidwell,2026-06-20
cf0bfd93aa1ae97146189f66964467ae,,5,24,0,0,0,Daniel Susac,2026-06-20
ddd046febe60a1db41df76b3618fff8c,,5,19,0,0,0,Thomas Harrington,2026-06-20
1427faa8962d56754e8367670d548075,,5,14,0,0,0,Tyler Tolbert,2026-06-20
ab4a7d2aaf6f584c61abdd8c76a23b14,,5,12,0,0,0,Jhony Brito,2026-06-20
68cf5282de296ffb203512d778f28cb6,,5,20,0,0,0,Johnathan Rodríguez,2026-06-20
d34bce32ebc0f52ccfad0e5e8d18f9f2,,5,23,0,0,0,Dylan Smith,2026-06-20
bff1a6dff8dc5827ed3ad474d7c66d30,,5,11,0,0,0,Ryan Kreidler,2026-06-20
b8f5b108a9169fa84f345a043f94e482,,5,18,0,0,0,Richard Lovelady,2026-06-20
1d7b425cd21a7a01f4bbdcc0b849ff25,,5,19,0,0,0,Leo Jiménez,2026-06-20
214e0eceb41a182442795cbbf29b2315,,5,11,0,0,0,Drey Jameson,2026-06-20
a8e83bde57e640c88ec9a5a9d006d680,,5,23,0,0,0,Vaughn Grissom,2026-06-20
a5e6d0b6f3642e670179c6e5d94858a7,,5,38,0,0,0,Zac Veen,2026-06-20
b6745565fb509b7d215b97ad1df66657,,5,23,0,0,0,Simeon WoodsRichardson,2026-06-20
28445c63c20cea8c7b22f439b347495b,,5,22,0,0,0,Ryan Vilade,2026-06-20
4e4f629a7c50b1bebe1d57939f3a1efb,,5,12,0,0,0,Leonardo Rivas,2026-06-20
ccc7bb36cd27718e9a830f967b83c4f8,,5,12,0,0,0,Justin Dean,2026-06-20
f003ef5fbece3174a8e518258cc7567e,,5,12,0,0,0,Jhonny Pereda,2026-06-20
1f05f11fbebb1aa4fd73c428ba647359,,5,11,0,0,0,Tyler Alexander,2026-06-20
747aac3992930cd44717b72e5309275b,,5,11,0,0,0,Germán Márquez,2026-06-20
557fb486ba01214fef33c7c119225352,,5,30,0,0,0,Bryan Torres,2026-06-20
8f4d1570552941fddb87a9c797839319,,0,10,0,0,0,Jarret Whorff,2026-06-20
7c1e34ee69c6bd4da103a190bd86fe75,,0,10,0,0,0,Andrew Bash,2026-06-20
8f910c9ff96fbcf5e4581ddb8187ff9e,,0,10,0,0,0,Ryan McCarty,2026-06-20
a2117a1e980739cd772101b6a5727524,,0,12,0,0,0,Wilfred Veras,2026-06-20
f770f3eed2cfc6a5788006546c186ede,,0,9,0,0,0,T.J. Sikkema,2026-06-20
96660ad9b5d51d896b83c813d18ec7a1,,0,10,0,0,0,Logan Allen,2026-06-20
80339a2952f92b15eb01d5c985e8089f,,0,10,0,0,0,Andrew Velazquez,2026-06-20
e1740809febc684e824dc6151e02f729,,0,65,0,0,0,Braden Montgomery,2026-06-20
4c5f502ad1328f38ef56cef116fb97da,,0,9,0,0,0,Gavin Dugas,2026-06-20
abd77eecdac330e4db7eb0782ad091a5,,0,10,0,0,0,Riley Tirotta,2026-06-20
bb9cc20b614769ee09af4116e174e537,,0,50,0,0,0,Joe La Sorsa,2026-06-20
27b8dba1d075d087f9b437fa4d593e9f,,0,7,0,0,0,Anthony Maldonado,2026-06-20
20c7a32d1da28fa3cfef9c61a01b7cd7,,0,5092,0,0,0,Edwin Arroyo,2026-06-20
27b8dba1d075d087f9b437fa4d593e9f,,0,7,0,0,0,Anthony Maldonado,2026-06-20
69593e89b0a152d8f4a7ada37ad2d1cb,,0,10,0,0,0,Jack Rogers,2026-06-20
6db5b6bbd654067fa0baab543001068a,,0,9,0,0,0,Dugan Darnell,2026-06-20
438f55d4f6b9f38c687709ee33a3a5a0,,0,8,0,0,0,Austin Bergner,2026-06-20
f271e122784e1dc7b81cc539b6983e62,,0,9,0,0,0,Jacob Webb,2026-06-20
1d076ab1ed76fd076a2c545687a86182,,0,7,0,0,0,Bryce Montes de Oca,2026-06-20
4daa09a1a547bd0c4b67f8b883e2826e,,0,57,0,0,0,Drew Rom,2026-06-20
de921cc2835a95a358193020f9a57270,,0,8,0,0,0,Gerson Moreno,2026-06-20
ac9e0728eb6f41492ad91589b1413789,,0,9,0,0,0,Thomas Hatch,2026-06-20
c90b200e7ca3193194d6448d32d30295,,0,10,0,0,0,Michael Plassmeyer,2026-06-20
8260887671ffdc5440f80e4b4ef22925,,0,129,0,0,0,James Karinchak,2026-06-20
c7e7e6196c73fa3a4d472105fa379319,,0,59,0,0,0,Josh Rojas,2026-06-20
4c6adfa8773b21646d5b49e26b0ba7a5,,0,31,0,0,0,TJ Shook,2026-06-20
79792a53191bb1d58caf7937a855dfe9,,0,5101,0,0,0,Victor Bericoto,2026-06-20
e18e49734422c0ab0b7221b2ae54de2e,,0,5201,0,0,0,Chad Dallas,2026-06-20
f7616c39a195807a036ea517523b8cf7,,0,25,0,0,0,Kade Morris,2026-06-20
f20b563a8a4f4151d6e922e748a19b1d,,0,7,0,0,0,Jake Snider,2026-06-20
95faf502abaded52bf7aecd6f1903b82,,0,30,0,0,0,Jonah Cox,2026-06-20
d7fb65327893c326be810e2e1bda6e32,,0,37,0,0,0,Zach Brzykcy,2026-06-20
e402b95a3218677c8a499e9c554aefd7,,0,8,0,0,0,John McMillon,2026-06-20
1babfa895ab2228c843eddd44a0938d7,,0,39,0,0,0,Jacob Gonzalez,2026-06-20
15ee196c7807278789b6bd5bcb03ff17,,0,9,0,0,0,Guy Lipscomb,2026-06-20
60cda44ed61db84237862cd0c51d4f74,,0,8,0,0,0,Nathan Martorella,2026-06-20
54f322367b3ead225f84454febb2f800,,0,33,0,0,0,Jase Bowen,2026-06-20
6ce7603f3a8bf3cde5b36f454731eb1e,,0,26,0,0,0,Jonathon Long,2026-06-20
0690016aa3869d2367a1c7697497cc59,,0,29,0,0,0,Buddy Kennedy,2026-06-20
bf631a4621e366db49e07060a6b99bf9,,0,8,0,0,0,Lyon Richardson,2026-06-20
b82192aa1dde5493ae032e54f395055a,,0,55,0,0,0,Stuart Fairchild,2026-06-20
5e3354c16afe3fae931cdc8c97047380,,0,33,0,0,0,Tyler Zuber,2026-06-20
a65b2e693afed6dc53b668875bb55701,,0,28,0,0,0,Yunior Marte,2026-06-20
1c93d10d450089030bb3ee460b00e9e8,,0,39,0,0,0,Tanner Andrews,2026-06-20
5bbcd1fd8206121a0b189501b0982ed7,,0,8,0,0,0,Wilton Lara,2026-06-20
32d407d44fd4eee2b11f28b3dfb785c3,,0,36,0,0,0,Gage Jump,2026-06-20
72e3e0bfaa31edea176d016922668be4,,0,26,0,0,0,Will Dion,2026-06-20
34e2bd0e794939175e85b76f72718e6d,,0,26,0,0,0,Alimber Santa,2026-06-20
ec329f86df8327e92936115a155730b6,,0,7,0,0,0,Caleb Ketchup,2026-06-20
0760fa86024d86fd863be1c119001fe0,,0,8,0,0,0,Luis Baez,2026-06-20
44586d3a243ae6f951bb2c7e555f0a11,,0,4783,0,0,0,Reid Detmers,2026-06-20
e3143dc931edff4d44a6f3d72132fe9c,,0,44,0,0,0,Tommy Troy,2026-06-20
821043fb4d6b3a3b23dcaeda6cdeb4b2,,0,34,0,0,0,Ben Ross,2026-06-20
5ab0c0270607babf98e8585f013aec78,,0,7,0,0,0,Anderson Severino,2026-06-20
ecdc410b9dab57c6b4b7cb9e8d0ef21a,,0,27,0,0,0,Nick Madrigal,2026-06-20
3c5fe0144b273feb20a7650f9f9ef8cd,,0,7,0,0,0,José Miranda,2026-06-20
a83d9f29188b6d76e0262efd5e5eaaa6,,0,7,0,0,0,Charlie Barnes,2026-06-20
42425fab2969cb8b58454e58a15b9a81,,0,25,0,0,0,Donovan Walton,2026-06-20
0ecac7ea00250bc9cc917ed3fb25e34f,,0,25,0,0,0,Paul DeJong,2026-06-20
2b968777f853bc65c59944b1c2839159,,0,26,0,0,0,Dan Altavilla,2026-06-20
2b2686694deda3cff5af52c0c03e7296,,0,39,0,0,0,Tayron Guerrero,2026-06-20
16ee73b8fa6465cd4fe597f1258c29e9,,0,4801,0,0,0,Bryan Torres,2026-06-20
1cd69ec11f87f65140956dccc4dcf280,,0,4959,0,0,0,Rodolfo Durán,2026-06-20
ffb9ce798d1f28eac812f9ac3858c637,,0,4803,0,0,0,Heriberto Hernández,2026-06-20
7b0ec8959a2c28783b4b0042dc6ad698,,0,4747,0,0,0,Enrique Hernández,2026-06-20
0368f714db2973e0f57797efc8c5f150,,0,9,0,0,0,Jack Moss,2026-06-20
9efac97756a65c42966b9e2985fabf5e,,0,8,0,0,0,Lenny Torres,2026-06-20
8c8db54e008f526e0e9f0ddf851e1e29,,0,7,0,0,0,Chadwick Tromp,2026-06-20
d3bc826f734ed3169b735fd831e7afe0,,0,8,0,0,0,Tayler Scott,2026-06-20
e635db056671f42194ed9c8b96ec8541,,0,7,0,0,0,Génesis Cabrera,2026-06-20
4715892ff2492b17f09788259ea6ca08,,0,29,0,0,0,John Curtiss,2026-06-20
82be429a7c977a2d1258e3f6c086d0c5,,0,7,0,0,0,John Brebbia,2026-06-20
a9c84dcd63f376dfc76248986155f50b,,0,28,0,0,0,Orlando Arcia,2026-06-20
dea2b8c67c875fff9a44ef152877cedf,,0,4500,0,0,0,Henry Bolte,2026-06-20
766724a07d09d87d594fb8d57d08eb71,,0,4820,0,0,0,Yohendrick Pinango,2026-06-20
aabec1c445531647485bb84dc74b1441,,0,8,0,0,0,Michael Stefanic,2026-06-20
622d60e0a1223bce88a9a029fe138dc4,,0,8,0,0,0,Kyle Whitten,2026-06-20
35a87a292032429e5a83739f8dace0ed,,0,7,0,0,0,Carlos Linárez,2026-06-20
567a82c366de6020cca2542d8c3c12f4,,0,35,0,0,0,Ryan Waldschmidt,2026-06-20
88b3c99642a099d3673b88478b704273,,0,11,0,0,0,Omar Martinez,2026-06-20
8c820885d0b6ebc9f8bfc4caa2c31a5e,,0,32,0,0,0,A.J. Ewing,2026-06-20
8bb6ae1375446646feea02ead381be4e,,0,28,0,0,0,Yariel Rodríguez,2026-06-20
d539178791a638e112de45427f78e7df,,0,20,0,0,0,Logan VanWey,2026-06-20
1dd3b0872d2aa4c2abb593ee0df4fd52,,0,32,0,0,0,Victor Bericoto,2026-06-20
66fd3463e9e8fb3d86fd0a536f6c0d73,,0,7,0,0,0,Amos Willingham,2026-06-20
d2c4e834622cb5e2a2a3ae4f5683d6b3,,0,8,0,0,0,Mike Antico,2026-06-20
02a8eb411076985cd89186821f6d5784,,0,21,0,0,0,Henry Bolte,2026-06-20
3726e4f7e145e24f9e6b0e8112a040f5,,0,4953,0,0,0,Walbert Ureña,2026-06-20
22fbfae391f38670814f9c1057ab422a,,0,5320,0,0,0,Jac Caglianone,2026-06-20
4d5ee9e04d506eb13dabb452fd0d6b08,,0,5370,0,0,0,Gaylord Perry,2026-06-20
5b7e5da75c7970c9d6cb87aa339ea291,,0,5295,0,0,0,Travis Hafner,2026-06-20
7cb1173cd89f2e05487ab5cd1f137c9c,,0,5299,0,0,0,Lou Brock,2026-06-20
c99786f52ebfe6bdd58cee557df63ecd,,0,5290,0,0,0,Joe Torre,2026-06-20
aabec1c445531647485bb84dc74b1441,,0,8,0,0,0,Michael Stefanic,2026-06-20
6e61f96dfc572f9453e1d4e0aa3ccf35,,0,28,0,0,0,Logan Porter,2026-06-20
813bdccf41c759e65b8717102a168a23,,0,47,0,0,0,Josh Walker,2026-06-20
1623d045f763d0275228d65500130356,,0,29,0,0,0,Rodolfo Durán,2026-06-20
1c8588bfabf97af2c5521c5a8e8c71de,,0,8,0,0,0,José Azócar,2026-06-20
0ea6af588e51366593c75f3dffea17e0,,0,23,0,0,0,Wyatt Mills,2026-06-20
69a05f56fcca8cba1db2f2cd2ba061d6,,0,4501,0,0,0,Bryce Eldridge,2026-06-20
211e07eb8a3964385b34e8b7a29ad5bf,,0,8,0,0,0,Kay-Lan Nicasia,2026-06-20
be91ac5aaa921f9726490a9c55eead78,,0,4603,0,0,0,Ryan Waldschmidt,2026-06-20
b0194a2595b3c362f118fde46b6af28a,,0,36,0,0,0,Josh Ekness,2026-06-20
9fa37ebecc2a362be72a6960d749abb1,,0,69,0,0,0,Trey Gibson,2026-06-20
80f666f4bd89ff5ddf92d596652e1ddf,,0,36,0,0,0,Charles McAdoo,2026-06-20
eed76ba208b643ed263ab0ebcf4c6d3d,,0,30,0,0,0,Jim Jarvis,2026-06-20
5ac2f777c39cab8a7cdc7d74c254e0c2,,0,25,0,0,0,Brett Kerry,2026-06-20
bc6ff95e021d7a96cbb25b4e9507005d,,0,8,0,0,0,Danyer Cueva,2026-06-20
e3c872da4f8e4a6d6e8c473454731524,,0,8,0,0,0,Wyatt Hendrie,2026-06-20
a2df1f986aa8e172f7308e083c7b76a4,,0,24,0,0,0,Alec Gamboa,2026-06-20
cc53f755e1cd0903d6b10f6a7b48cf3c,,0,25,0,0,0,Nick Davila,2026-06-20
15031594caa50ed5a8b62ad790de0de4,,0,8,0,0,0,Haydn McGeary,2026-06-20
06488c358db0512c60e471abc93c5e5e,,0,7,0,0,0,Bailey Dees,2026-06-20
88ec44e6ba4dc2fa8e158aa6c9a33d57,,0,9,0,0,0,Ethan Workinger,2026-06-20
e57744b2323b72ec79b9f35c77aa1c52,,0,29,0,0,0,Chase Solesky,2026-06-20
fc25c9aa837bac8e03a2b45baadc8703,,0,45,0,0,0,Robby Snelling,2026-06-20
654936b16d7f09b0312a52273a20d687,,0,8,0,0,0,Kenedy Corona,2026-06-20
215d75fb2510599d5daf0cf98782bcac,,0,8,0,0,0,Austin Pope,2026-06-20
ad2f65c9383d3de550da66101d4b8ab4,,0,8,0,0,0,José Rodriguez,2026-06-20
df5de62c8813969091356f0f93f1ab75,,0,54,0,0,0,Tejay Antone,2026-06-20
9393ddc1b9f09e87478c89f64489ecfa,,0,21,0,0,0,Tayler Saucedo,2026-06-20
ed503ee0ce776734418fd2b3dfbef530,,0,7,0,0,0,Angel Perdomo,2026-06-20
4e2cf9c1bdab38d641dff62c574179fe,,0,7,0,0,0,Brooks Kriske,2026-06-20
88493137e5eb51021279792cb2ac3e2b,,0,54,0,0,0,Trevor Richards,2026-06-20
03ea11f1d1c4a0abc17090a9383d70f5,,0,7,0,0,0,Brian Fitzpatrick,2026-06-20
f5e0707ae00d348b219b5fdc7fcffcd3,,0,7,0,0,0,Shawn Dubin,2026-06-20
ff901892b1dede1dd215776d190c3f77,,0,50,0,0,0,Travis Bazzana,2026-06-20
98332de61bcca226724232c251f5039f,,0,53,0,0,0,Peyton Gray,2026-06-20
9463b8e076118e613c8a0ef4f0ffc53c,,0,8,0,0,0,Yiddi Cappe,2026-06-20
f2f5eb4033f93f56fb4acdcdf2fee8a1,,0,25,0,0,0,Ivan Melendez,2026-06-20
d391f824d9d9be6b9601523f4d044731,,0,7,0,0,0,Gabe Mosser,2026-06-20
fd319b3ea20d1ea9fa549719b4be58da,,0,8,0,0,0,Cody Morissette,2026-06-20
289a42935e0dce49ab8667628807e7ae,,0,48,0,0,0,Yohendrick Pinango,2026-06-20
b719a233c4c531437f56a6bd305a00f6,,0,7,0,0,0,Alexander Vargas,2026-06-20
ddbcb3197ca1fa21eb50c54aa65285f2,,0,34,0,0,0,Gregory Santos,2026-06-20
2a602c85742fa13e34d2dffdd51b1cd5,,0,35,0,0,0,Will Robertson,2026-06-20
e644cf9ed77ca81ec7f14cd6504dbebe,,0,25,0,0,0,Edward Olivares,2026-06-20
a8aee984c0d8d82b632d6508c796cdb0,,0,25,0,0,0,Tyler Davis,2026-06-20
d1619e111d44eacd022b33321d8f5a03,,0,5565,0,0,0,Wally Joyner,2026-06-20
9bda45f97220d8c7d4bfff0de71777e3,,0,5288,0,0,0,Jonathan Broxton,2026-06-20
27d3f23bfd3e7330e065d2d005883715,,0,4750,0,0,0,Billy Williams,2026-06-20
84f2b44c684c0a52369ebd7130f45d92,,0,5562,0,0,0,Mike Piazza,2026-06-20
ec4977b3d2da6735b9b627bc5517abe6,,0,8,0,0,0,Diego Cartaya,2026-06-20
a512c5fedce3824341919e0e325128f8,,0,8,0,0,0,Jarred Kelenic,2026-06-20
b6078f7dfafaf6a95d7196c428abb7e8,,0,14,0,0,0,Nicky Lopez,2026-06-20
dd3b698716faae23785d205d40cd8574,,0,7,0,0,0,Yacksel Rios,2026-06-20
721e5ac7b625ab4818d98367a2117aa4,,0,7,0,0,0,Carl Edwards Jr.,2026-06-20
19fb13bda6b3af74b8a737365c4b1bf2,,0,7,0,0,0,Chris Devenski,2026-06-20
21e243161d89dc4c207690d63fb3ebc6,,0,37,0,0,0,Sung-Mun Song,2026-06-20
cbb89847cfd7f683639b44869e706575,,0,7,0,0,0,Eduardo Rivera,2026-06-20
54f9c9ecaa8b154736dedcf0f8626373,,0,7,0,0,0,Asa Lacy,2026-06-20
6e96c206f28538e77d46d20bd2930223,,0,55,0,0,0,Sam Antonacci,2026-06-20
bb636dcca08c5fa513ec98e7df2e2dd3,,0,7,0,0,0,Mitch Neunborn,2026-06-20
bd13cbd6fa308fb7ae40ff92b709b764,,0,25,0,0,0,Felix Reyes,2026-06-20
c34b0bfeb1cb3f2e6e1422d28cb53fe4,,0,8,0,0,0,Brian Kalmer,2026-06-20
c1bd9cf054c9b1876254a454519bd513,,0,7,0,0,0,Carson Coleman,2026-06-20
30a12107ea6910b5812d9e2909e270a9,,0,8,0,0,0,Parker Chavers,2026-06-20
63390b1c8910646636e3243c6a14efae,,0,29,0,0,0,Tyler Schweitzer,2026-06-20
10d8c435a58e58db7172fa9841b8bfb3,,0,7,0,0,0,Nick Nastrini,2026-06-20
f81bf9672997105d8e26b9ab69b1acc8,,0,26,0,0,0,Jack Anderson,2026-06-20
7912efd280fcbdec44d3fa201af41716,,0,24,0,0,0,JR Ritchie,2026-06-20
49297a3519217fc9b387435f099b5837,,0,8,0,0,0,Maverick Handley,2026-06-20
c5942caf1bd8fcd5753b3befe4dc12b9,,0,44,0,0,0,Peter Lambert,2026-06-20
aa5163ce7b3ec67322afc14d2bbbae2e,,0,4725,0,0,0,Mike Yastrzemski,2026-06-20
6ac4cf4a16cd3e0981c836fefb3e03c5,,0,4741,0,0,0,Tyler O'Neill,2026-06-20
e304fb654124d799f67cc215127c1856,,0,4723,0,0,0,Pablo Lopez,2026-06-20
f8982d8d977d18de3a8805203c9f0e33,,0,4726,0,0,0,Jose Alvarado,2026-06-20
64ae0ef4c1ca59f5db259a4fe726382c,,0,4726,0,0,0,Andrew Benintendi,2026-06-20
f1ab3e1a470dcaac007fb25c697abf3f,,0,4456,0,0,0,J.T. Realmuto,2026-06-20
95a5abdcfd79ed463c41e4ff62fab497,,0,4675,0,0,0,Hunter Brown,2026-06-20
e3e24deb53eb11d941eb8788b8985805,,0,33,0,0,0,Chase Shugart,2026-06-20
869092c64d0e2361ff7f2fe29f4f1c29,,0,30,0,0,0,Sam Huff,2026-06-20
b7f70ef5f048e84354b1ac0606d7b068,,0,21,0,0,0,Taylor Trammell,2026-06-20
669f9a59c2b8437a2dd24b58c3c39bfc,,0,33,0,0,0,P.J. Higgins,2026-06-20
447470afac4477f66e9d7df2c1a119f7,,0,51,0,0,0,Joel Kuhnel,2026-06-20
d26dfbb1e45974ab6308f99c63db6421,,0,7,0,0,0,Nick Roselli,2026-06-20
891be213e86428eb1928ea8a9dab31e3,,0,8,0,0,0,Corbin Martin,2026-06-20
07bae768fc6f50e1957babba5625b4a6,,0,8,0,0,0,Aramis Garcia,2026-06-20
f15f5923ba25ce8190fa115ff04f0893,,0,39,0,0,0,Patrick Wisdom,2026-06-20
1f07b355f78264ab13c4673a2f11fc8f,,0,8,0,0,0,Tyler Wade,2026-06-20
8c0656b55b59281744e47c52d2b7dce7,,0,8,0,0,0,Eloy Jiménez,2026-06-20
4ef47e8c534b3d6cdfa457546574d5e7,,0,28,0,0,0,Miguel Castro,2026-06-20
5329b8f8dc23087b4cb3fd5385fd8f9b,,0,12,0,0,0,Burch Smith,2026-06-20
6d5d893f6d72b93981f7bb1722856664,,0,22,0,0,0,Sandy León,2026-06-20
ec0fa1e28f647427dcad9505ce2544ca,,0,7,0,0,0,Carlos Carrasco,2026-06-20
0a075a174e8c20bf41d0e6dc9d5f9220,,0,8,0,0,0,Greg Jones,2026-06-20
ef83a78fdf7155fa58d407cf84da6552,,0,8,0,0,0,Yeuni Munoz,2026-06-20
6809eab02ad2caff0f7e09e9f1dacf0f,,0,8,0,0,0,Murphy Stehly,2026-06-20
ef83a78fdf7155fa58d407cf84da6552,,0,8,0,0,0,Yeuni Munoz,2026-06-20
d26dfbb1e45974ab6308f99c63db6421,,0,7,0,0,0,Nick Roselli,2026-06-20
042b8e885fa43fee36a64f587f839b0f,,0,7,0,0,0,Johnny Tincher,2026-06-20
5f1ba3608d513f6a1c21366c7176e43d,,0,7,0,0,0,Joel Valdez,2026-06-20
e167d14f1d2718355e9a8f9a69f27f54,,0,44,0,0,0,Konnor Griffin,2026-06-20
68924100d4c7048774abb64716a3029c,,0,7,0,0,0,Mason Vinyard,2026-06-20
1303d3754422be54947992b098da766a,,0,7,0,0,0,Christian MacLeod,2026-06-20
a44c061e110a353a5751dab495f733ea,,0,13,0,0,0,George Klassen,2026-06-20
0a73aa5c13611b837c0a689a34b2faec,,0,14,0,0,0,Cooper Pratt,2026-06-20
d3882a77a89db8e1f74e24948fa717e0,,0,34,0,0,0,Colt Emerson,2026-06-20
40e1abfd1b03fb3a36aabdd2d8491eee,,0,7,0,0,0,Ryan Brady,2026-06-20
63b2a89c8ba5350dd5c209328b6b3251,,0,8,0,0,0,Bryce Arnold,2026-06-20
6ec7d145c1430a24f57b1ee74c20633e,,0,7,0,0,0,Dustin Harris,2026-06-20
2fd818c52c128114f60fb447a5365e3a,,0,8,0,0,0,Jordan Geber,2026-06-20
0dfb37e593bd4a1b0890457d70e4ccde,,0,7,0,0,0,Viandel Pena,2026-06-20
d01c07ae8d0431d57d70fc591956e098,,0,8,0,0,0,Douglas Glod,2026-06-20
ea7b165865b916368fc6be8c20094c3e,,0,7,0,0,0,Sam Thoresen,2026-06-20
5545651652c41ae17d3d49ecd11a9fda,,0,7,0,0,0,Ross Carver,2026-06-20
d47f6c189e551b362c09c8b7334af14c,,0,8,0,0,0,Tres Gonzalez,2026-06-20
cc0a50bbb52c08fcc804a35d78a528f3,,0,7,0,0,0,Armando Cruz,2026-06-20
9be53bbcfc2162b6ece9fe170dbc5de7,,0,7,0,0,0,Matt Mervis,2026-06-20
bc631f02bc098a7675fbf3c7c7d74aa4,,0,7,0,0,0,Taylor Rashi,2026-06-20
6a109398fd3d1a428431eb05d5cf5d4b,,0,7,0,0,0,Adam Hackenberg,2026-06-20
f00a9c871baabb7ee0191c1ea741cebe,,0,7,0,0,0,Trey McGough,2026-06-20
650059f6d80129cafbbb30eb162d4b67,,0,4754,0,0,0,Nico Hoerner,2026-06-20
81b7f31c588e43f15e56c4e219b0f746,,0,4798,0,0,0,CC Sabathia,2026-06-20
da8457ace391f2c481327fb7362040bb,,0,4775,0,0,0,Alejandro Kirk,2026-06-20
d7588ca203a087a633eb1fc0879de324,,0,4789,0,0,0,Dansby Swanson,2026-06-20
84b475af227e8c2541feaf88a1b3dba2,,0,4753,0,0,0,Ryan Braun,2026-06-20
2a85b94ca984bf8a8298b84af3d29d7e,,0,4773,0,0,0,Troy Glaus,2026-06-20
0dfe033a6d3b0bd5cfc60f81dc86db42,,0,4100,0,0,0,Jeff Conine,2026-06-20
f85a1d9e41e3080166a6185083e0699b,,0,4183,0,0,0,Brooks Robinson,2026-06-20
9c244cf9198afa704b9c3c93edfc0837,,0,4300,0,0,0,Duke Snider,2026-06-20
0d45be5a96041d36f85b0ce2db83f2b5,,0,4345,0,0,0,Rod Carew,2026-06-20
cabf9eaa044240643039c3de0ebc468d,,0,4289,0,0,0,Tony Gwynn,2026-06-20
9bc3011b6bd1726f50695939e2fa0828,,0,4194,0,0,0,Raisel Iglesias,2026-06-20
fc5f497068c7b54411000dd84e694a06,,0,5099,0,0,0,Max Fried,2026-06-20
cb2a733e580d22d9c359e346eca144c4,,0,7,0,0,0,Chase Watkins,2026-06-20
bde37f187ca71d2130e315b0100e6df3,,0,28,0,0,0,Darius Vines,2026-06-20
41df21f5b81b98d3c45df0d3d0d7e80a,,0,7,0,0,0,Jared Shuster,2026-06-20
84da67ac210698641f087c7d20495f8c,,0,7,0,0,0,Jaylen Palmer,2026-06-20
709202c67ed817bbd54745a361c9ba67,,0,8,0,0,0,Luken Baker,2026-06-20
8b947ecbf6e8d058baaa2be393bd9c0d,,0,7,0,0,0,Cody Bolton,2026-06-20
edac2e000feb1b8d664fa262bbba1c5d,,0,8,0,0,0,Daniel Johnson,2026-06-20
1c4f65570a692af435146b49794211cb,,0,7,0,0,0,Shaun Anderson,2026-06-20
1da2ee8ef11f7fcfec38c369d75b9816,,0,34,0,0,0,Albert Suárez,2026-06-20
84dc65acecb693bf345c436db85b2312,,0,4641,0,0,0,Sal Stewart,2026-06-20
4175295da9f196f2460c91399a225bb5,,0,4002,0,0,0,Daniel Susac,2026-06-20
5782bb44987906b8b54a8fcb1c987d8f,,0,3136,0,0,0,Dominic Smith,2026-06-20
98f8a8e3b0ddf44a4f8a1628afd10742,,0,7,0,0,0,Phillip Sikes,2026-06-20
f22a4528db70aeffffd5bc22a63f956c,,0,8,0,0,0,Kyle Hess,2026-06-20
a0d61fafbe8ec4d46d1d1fee1f3b1968,,0,8,0,0,0,Cesar Franco,2026-06-20
3aaa14cc4a08c4c479c3aaeaaa3aa5da,,0,8,0,0,0,Sean Hunley,2026-06-20
594afe86c0d4eeb4090ce5a04a85dba7,,0,7,0,0,0,Kleimir Lemos,2026-06-20
e6df3740e4d5cedd230dc573528bdf03,,0,7,0,0,0,Ryan Cardona,2026-06-20
33b3a79d5db6731b4e6c571a9686c1a0,,0,7,0,0,0,Connor Cooke,2026-06-20
69a0169ee72882e1928e8b824bb7994b,,0,33,0,0,0,Carson Benge,2026-06-20
168c0f49b632fab8678645595d17b3a7,,0,8,0,0,0,Anthony Sherwin,2026-06-20
c4b710b97a74e55d0f1b9fbc74474f14,,0,39,0,0,0,Cam Booser,2026-06-20
3916ce5962baacbb18f40dae7ac8f037,,0,7,0,0,0,Brandon Schaeffer,2026-06-20
62a30eaa8153c346c9c20f0d3efdb7ba,,0,8,0,0,0,Corey Joyce,2026-06-20
443372ecc28fe0afcb1ca8b08889b707,,0,66,0,0,0,Kevin McGonigle,2026-06-20
621929ed98d23db9a944d933b74acecd,,0,8,0,0,0,Jared McKenzie,2026-06-20
d335dd9d108544a315166901fcee5e70,,0,8,0,0,0,Joe Redfield,2026-06-20
84d7ce65eff59cb2536f1d171e50441e,,0,8,0,0,0,Nick Schwartz,2026-06-20
3ba8c5e00cead1285d11e368c9e78f7e,,0,7,0,0,0,Tyler Robertson,2026-06-20
c5adc50785b45b749de41ad25e19dc3f,,0,8,0,0,0,Aaron Rozek,2026-06-20
836d3b2fe1a7f460ded1cf204f9e4a03,,0,7,0,0,0,Walker Powell,2026-06-20
a178c9ae93afd742cfe19318f5821635,,0,8,0,0,0,Jalen Battles,2026-06-20
45054b19335632231f4f393faa220e47,,0,8,0,0,0,Robert Brooks,2026-06-20
898ba88967570f4c0951112c5b1c63ef,,0,10,0,0,0,Enmanuel De Jesus,2026-06-20
0edeff358b3b3521b467da21c35cddc5,,0,7,0,0,0,Noah Dean,2026-06-20
fab9b662af2ad5d2ccd5f00cccb84ed5,,0,7,0,0,0,Chandler Champlain,2026-06-20
391f72989d9f00527916c01ec2c66a08,,0,25,0,0,0,Damiano Palmegiani,2026-06-20
5b9ee229f5e1a7be2e7353d4ff388ef1,,0,26,0,0,0,Warming Bernabel,2026-06-20
34a11a5cdc82518f9d71bf377a7c1a08,,0,12,0,0,0,Christian Cairo,2026-06-20
b9c253ebb8fc1e47817e5c9ab46cb206,,0,8,0,0,0,Tyler Miller,2026-06-20
6423d4a121f9f46f99cf619efd6d9282,,0,63,0,0,0,TJ Rumfield,2026-06-20
12774c6450096edeba5b58af6fca14c0,,0,8,0,0,0,Caleb Roberts,2026-06-20
dc215fcffb8f0c8a974ca8f34067302c,,0,8,0,0,0,Rhett Kouba,2026-06-20
dd8db90649771369890c9fb0ff24731d,,0,8,0,0,0,Brady Lindsly,2026-06-20
2bd04f37f2d6ce58d6801f1137dedb76,,0,8,0,0,0,William Lugo,2026-06-20
891fa5ae8c7542b41fe92b44fc924ded,,0,7,0,0,0,Jack Cushing,2026-06-20
ff077add78bc917de1449aa9043218f6,,0,11,0,0,0,Mickey Gasper,2026-06-20
74501b8188a9fe27183d40fbe882c0b6,,0,7,0,0,0,TT Bowens,2026-06-20
a7e3077cb66f9c218a5556915423304a,,0,7,0,0,0,Dustin Saenz,2026-06-20
abe28af5fd7efb29138b43e993e954f4,,0,8,0,0,0,Luke Ritter,2026-06-20
5314c84b9f757e52b6e96f781e3c8a9c,,0,8,0,0,0,Óscar Mercado,2026-06-20
8ad8cc14190fde302173e7aa65e3b901,,0,50,0,0,0,Caleb Kilian,2026-06-20
3ad4861f287c6165e9c309c54cac018f,,0,8,0,0,0,John Rhodes,2026-06-20
b21d51573d772362dc5c28a0d7542873,,0,16,0,0,0,Christian Roa,2026-06-20
57fce16a4b741596d87afda95e53c935,,0,8,0,0,0,Tyler Gentry,2026-06-20
64b88a1e04d1645495d094a3da20bab9,,0,8,0,0,0,Sergio Alcantara,2026-06-20
f5db2aafdf3d5a4e7d118f128dceb743,,0,7,0,0,0,Orelvis Martinez,2026-06-20
bff5d32710e5b6f29871cdcec456adcb,,0,25,0,0,0,Hunter Bishop,2026-06-20
4b373a35b18b9b3506c722e4aac00116,,0,25,0,0,0,Codi Heuer,2026-06-20
c21d4f0a1caad93cac0dd8dfcc76ee70,,0,9,0,0,0,Jared Oliva,2026-06-20
abcf9bac289ad4cbd1a620d85e5511cc,,0,17,0,0,0,Connor Seabold,2026-06-20
086fbb425cbd640a267c4c9b2cdeaa0a,,0,7,0,0,0,Jake Woodford,2026-06-20
be75e2b45ff2ead06f0aa892559ac84b,,0,3750,0,0,0,Johnny Bench,2026-06-20
6166c89f6d1b136db28ba74b2922531e,,0,5500,0,0,0,Gil Hodges,2026-06-20
e5295e5bb0c6f5bcee89b5e49a49e5e6,,0,4760,0,0,0,Anthony Volpe,2026-06-20
16f4813c1f942ad70178cebd1945f96f,,0,5080,0,0,0,Freddie Freeman,2026-06-20
471dfe3d49eb99ee07881cda44b0142c,,0,5472,0,0,0,Bryce Harper,2026-06-20
b7f31232457839ec7658063a307caf3c,,0,5000,0,0,0,Carlos Delgado,2026-06-20
20510b4c27bf2d3b6ca9c3014c842971,,0,5100,0,0,0,Corbin Burnes,2026-06-20
c851b6bf66bac6ef2e423af6ca89913a,,0,4689,0,0,0,Curtis Granderson,2026-06-20
f95262f53ccdcba9983a7a0ea7e64e95,,0,4999,0,0,0,Barry Larkin,2026-06-20
16ec1b7df5720ef82497f8eb511e21a3,,0,4668,0,0,0,Don Baylor,2026-06-20
49519cb6ad89bec7eea14ac044494987,,0,3798,0,0,0,Chandler Simpson,2026-06-20
f358b871512423a93b9a1b4834236e58,,0,3767,0,0,0,Steven Kwan,2026-06-20
d4bddaf22ffc8e7a3c5fd880c4348065,,0,3768,0,0,0,Michael Busch,2026-06-20
c3e4263fc3261b334c5d2688ec71b914,,0,1668,0,0,0,Sam Antonacci,2026-06-20
9b0514c5bcfde530a5817919341f678b,,0,3755,0,0,0,Kyle Seager,2026-06-20
ecf31284680a72a2d5f365fadead5552,,0,3777,0,0,0,Tom Glavine,2026-06-20
32a573c46f0324a762bac978d93ed80a,,0,3894,0,0,0,Ryan Howard,2026-06-20
b4598a68363a4f31a6d5523aee88d187,,0,3893,0,0,0,Jonathan India,2026-06-20
5314c84b9f757e52b6e96f781e3c8a9c,,0,8,0,0,0,Óscar Mercado,2026-06-20
530fe851e7c561af7e11c8a04851c50d,,0,41,0,0,0,Eric Haase,2026-06-20
024157ff118cb81abcd258433b68bcd5,,0,41,0,0,0,Jonathan Loaisiga,2026-06-20
75b74903e8c8908f90d359cb4a5622e4,,0,7,0,0,0,D.J. Snelten,2026-06-20
796744cbceae2011c2832fee99b0afa9,,0,8,0,0,0,Scott Kingery,2026-06-20
c3a26183b5b7514682b80bbdda5e5ea5,,0,151,0,0,0,Ildemaro Vargas,2026-06-20
bec54d7c0cb2db98888e5bcc40d2a44e,,0,1672,0,0,0,Harrison Cohen,2026-06-20
a77cbe5211685dfa5a41fecee08d854b,,0,7,0,0,0,Bayden Root,2026-06-20
1a5661acfa1eef257184e89455417880,,0,2514,0,0,0,Brendan Donovan,2026-06-20
d0d80ab388ea31685a801eab7303e45d,,0,2717,0,0,0,Michael Lorenzen,2026-06-20
0ad4523f6448e80a6fe37eef0769f4e6,,0,2648,0,0,0,Clay Holmes,2026-06-20
98211ac8ccf82097725afa9afa1f166d,,0,1600,0,0,0,Dante Nori,2026-06-20
e3ab66f697e7d9ce7e390c2b69476962,,0,1666,0,0,0,Najer Victor,2026-06-20
219c2f239b547fac60d3f8cbe51f830c,,0,1624,0,0,0,Ondrej Satoria,2026-06-20
880ea0c56745a5ae7baa146126c18374,,0,7,0,0,0,Jordan Marks,2026-06-20
3852f59d2f9be7e9017ddeab91ac3072,,0,9,0,0,0,Jacob Stretch,2026-06-20
b71d8c5dc4743a4e388faba253aac0d8,,0,7,0,0,0,Ethan Lege,2026-06-20
4b69124f779b21990b6583a32520689f,,0,7,0,0,0,Jackson Grounds,2026-06-20
7b7775131e4f316b99f6bb2ba1ebdeb5,,0,8,0,0,0,Ian Farrow,2026-06-20
5fd8319a20b6a8c2f71bc51628482eb2,,0,8,0,0,0,Eddy Rodriguez,2026-06-20
84447ac2866139df506e457d5c410b39,,0,8,0,0,0,Nick Podkul,2026-06-20
f41111bccb5f595c46b40dd0c9d8e2e7,,0,7,0,0,0,Wil Jensen,2026-06-20
7e3be2bc30074202fa086486a4c9207b,,0,7,0,0,0,Evan Kravetz,2026-06-20
403dc2745d910155603ac3a1bf0c5746,,0,7,0,0,0,Matt Merrill,2026-06-20
c0077273c06d00911c2f4f5f616e0241,,0,8,0,0,0,Rob Griswold,2026-06-20
69437fb059e30b5ea6fadd8ea7a442af,,0,7,0,0,0,Johnathan Rogers,2026-06-20
670155b8e5439629fa311c989bb6ed4c,,0,7,0,0,0,Colson Lawrence,2026-06-20
c1e5c9eaf273fb148ab39ebe6f7e6c75,,0,7,0,0,0,Mat Olsen,2026-06-20
9defa512b0093c4921d5a9b87c9c7fd3,,0,7,0,0,0,Matthew Linskey,2026-06-20
418357f284efac6beb6d17e0ff00de78,,0,8,0,0,0,Kevin Sim,2026-06-20
8049e8c8583464c612237e3a8978a9ee,,0,7,0,0,0,Leon Hunter Jr.,2026-06-20
7ad2c1391c7682c9bdfde3ad715bb4f1,,0,33,0,0,0,Justin Crawford,2026-06-20
7645a52022e628cf9fa5f78da5741c71,,0,8,0,0,0,Bjay Cooke,2026-06-20
84447ac2866139df506e457d5c410b39,,0,8,0,0,0,Nick Podkul,2026-06-20
25234b30c6871e266bd09122b38d1d5c,,0,7,0,0,0,Alex Rao,2026-06-20
1e75ea011d7d6780a99eebf5a8716b72,,0,7,0,0,0,David Smith,2026-06-20
ae82ae37f5e6be49684b699d5b80aa39,,0,7,0,0,0,Eddy Isturiz,2026-06-20
01c71866a26181f7c975dea59448c4b3,,0,7,0,0,0,Joe Delossantos,2026-06-20
cfe1fbfee2c5dcb7049447feb05853e5,,0,7,0,0,0,Sauryn Lao,2026-06-20
004b7519020239b1861ed71b4ab18ea9,,0,7,0,0,0,Cole Percival,2026-06-20
8bec52d6fa5c9e9f9d9a8f7591d3d191,,0,7,0,0,0,Paul Witt,2026-06-20
2e51aa32910ee67e2addebf90bb7e52c,,0,8,0,0,0,Cam Fisher,2026-06-20
a5d7ddb2131bd570c28c4890778d7a4f,,0,8,0,0,0,R.J. Yeager,2026-06-20
4aa2db03aa51ef33f0bbca6d12bd82f0,,0,8,0,0,0,Josh Hatcher,2026-06-20
eebb1ea641095c27456ee75599a0c99c,,0,10,0,0,0,Damon Dues,2026-06-20
cb5f5b4dee10e7b9d63f2bdabead923d,,0,7,0,0,0,Peyton Glavine,2026-06-20
350aa327da26d245ccaf9b49a78ff069,,0,8,0,0,0,Caeden Trenkle,2026-06-20
96e588b1da46ffa7646e3281acf7553e,,0,7,0,0,0,Dylan Shockley,2026-06-20
9a6f9c317713018380801b0fed97ea15,,0,8,0,0,0,Spence Coffman,2026-06-20
d750c48d59bb21eb42ed6cdda450d5ca,,0,7,0,0,0,Ray Gaither,2026-06-20
3b23afc3ff61bbef2929c0fb5d8020d2,,0,7,0,0,0,Kyle Jones,2026-06-20
7f31851a9d23fcb9e4f6d7423b740295,,0,8,0,0,0,Brady Allen,2026-06-20
5ac1aec62de63522e4a89df4cae87773,,0,7,0,0,0,Austin Murr,2026-06-20
163863f173d731c946f600691ce2d1cd,,0,7,0,0,0,Korey Holland,2026-06-20
6262e34116da0a2dc8a0cea297103b2d,,0,8,0,0,0,Quincy Hamilton,2026-06-20
07bf95de4e31a1a7833bcf3710b2ff92,,0,8,0,0,0,Eric Yang,2026-06-20
ddb3ad286b731f7671433045fb3f5322,,0,8,0,0,0,Troy Schreffler Jr.,2026-06-20
20b2bcb7d4adeba4115d9d5412f4a572,,0,8,0,0,0,Lyle Lin,2026-06-20
c97c6162958b49d499a4b34dde4fe9fb,,0,8,0,0,0,Chandler Seagle,2026-06-20
0587d9d61eb7738048f8c2f37b1c4dac,,0,7,0,0,0,Nick Fraze,2026-06-20
0b27d3d3db68dadd3ee97599bb762ee9,,0,7,0,0,0,Garrett Davila,2026-06-20
742277e7f5921a6b04f43ddbb607e5c5,,0,7,0,0,0,Ripken Reyes,2026-06-20
ae86437029e78394579415eb20c32c4e,,0,8,0,0,0,Daniel Montesino,2026-06-20
7b8a72de36e4363066110e7d61c574d9,,0,7,0,0,0,M.D. Johnson,2026-06-20
21c72823afdaf768c102fcf4dd9d0e8f,,0,8,0,0,0,T.J. Schofield-Sam,2026-06-20
4914067a9d8391d5079d37bea1fb9aba,,0,25,0,0,0,Cameron Eden,2026-06-20
f364c7344f601fe9cf577a910f3e3afe,,0,8,0,0,0,Brett Auerbach,2026-06-20
b508f21e6f9c284653fd2596aabae54c,,0,8,0,0,0,Logan Cerny,2026-06-20
400bb715506b4a1cbf6e9053ed41a5b8,,0,17,0,0,0,Bradley Blalock,2026-06-20
0f3a39ed81eb2dc4d63514ef9d4719b7,,0,8,0,0,0,Matheu Nelson,2026-06-20
f70ead6946bf8f2249625e0d2182e08e,,0,7,0,0,0,Thaddeus Ward,2026-06-20
222122e21b23d7905cb184e69ecb57f2,,0,7,0,0,0,Milkar Pérez,2026-06-20
83c52f5eb67f9d10ae08cab41a0f4606,,0,7,0,0,0,Kendall Simmons,2026-06-20
8d7662ad98027988e184004a3fcf59c0,,0,25,0,0,0,Yunior Severino,2026-06-20
61a347f32261125cd95d40cd98e37075,,0,7,0,0,0,Anthony Servideo,2026-06-20
f4a4b9e7ac8a6f28777cd0e48141bfa8,,0,8,0,0,0,Andre Lipcius,2026-06-20
4d59e474a27fc95407ab564b744c778e,,0,7,0,0,0,Justin Lange,2026-06-20
ca68929dd83c262f969a4c56728ee8fe,,0,7,0,0,0,Hyun-il Choi,2026-06-20
6a7d7ef25bfd6e76110ccbfec749e4ca,,0,9,0,0,0,Kervin Castro,2026-06-20
23565cdf4e0401718824bb048556a0b5,,0,7,0,0,0,Burl Carraway,2026-06-20
d3cf49495bb03b23977d1b841dffb315,,0,7,0,0,0,Jack Blomgren,2026-06-20
2601167cc665dfa72acc4edfa8e43c85,,0,7,0,0,0,Nick Bitsko,2026-06-20
b54fdd41d3ac24b675e24da28338cb90,,0,8,0,0,0,Max Burt,2026-06-20
1ac28faa086a77192e995bd75e4868ad,,0,4839,0,0,0,Anthony Santander,2026-06-20
32d1a39759d07d97c0afb7758c8bbf5a,,0,4799,0,0,0,Christian Yelich,2026-06-20
e61800146015461a977aca944bc65d9b,,0,7,0,0,0,Ethan Small,2026-06-20
e9346eae9b4df089e1e5779b265183f9,,0,7,0,0,0,Brennan Malone,2026-06-20
d0d252b5c45ed112054b9e9ff0f57691,,0,8,0,0,0,Kevin Maitan,2026-06-20
1b444b95730c8653f09fbf7b182a69f3,,0,7,0,0,0,Karl Kauffmann,2026-06-20
7973803c11ba488e0777540f03595627,,0,8,0,0,0,Adam Hall,2026-06-20
ed7f4c49b2339f0a4528b1f93e8349c3,,0,7,0,0,0,Matt Allan,2026-06-20
4bf04e5164f2ac82e5f31785f4cfbfbf,,0,8,0,0,0,A.J. Puckett,2026-06-20
573722f5f3d3b1f27cfffe29b552baa7,,0,8,0,0,0,Jamie Westbrook,2026-06-20
271c5a3aab88905b21f0e37f6ff40373,,0,7,0,0,0,Travis Blankenhorn,2026-06-20
8872f940cbfe48c695ba286b269ecc97,,0,7,0,0,0,Parker Dunshee,2026-06-20
fe73ef82abc9cc36ebce989c520181b9,,0,22,0,0,0,Tsung-Che Cheng,2026-06-20
6494356e416e17b637e9ff99ee46f871,,0,8,0,0,0,Beau Taylor,2026-06-20
490f225c9a3569df5d857f3ccab030d1,,0,8,0,0,0,David Buchanan,2026-06-20
2e6c80b4392e945a580cc2ce2dc07dd9,,0,7,0,0,0,Michael Mariot,2026-06-20
d08d7b2703a59ff922ccf5fa8382bf84,,0,27,0,0,0,Aaron Brooks,2026-06-20
befdae511a7f4d64b76517367ced9626,,0,7,0,0,0,Eddie Rosario,2026-06-20
b1175e66933b79c7fd8ff9862eb0b7d5,,0,8,0,0,0,Rob Brantly,2026-06-20
1a5f89abde1688b1a0b47beaa8c4f780,,0,1600,0,0,0,José Caballero,2026-06-20
93f3d514bccdcc3dbe343bde626cee44,,0,378,0,0,0,Juremi Profar,2026-06-20
c97469b27548cf501cb6e54e77941ef4,,0,363,0,0,0,Robbie Glendinning,2026-06-20
4154c243f6f04402add07a3de886b498,,0,7,0,0,0,Houston Roth,2026-06-20
1cdb3f29707f6e2ce6e4411b7de550e8,,0,7,0,0,0,Jeffry Rosa,2026-06-20
a80f912f0fdf6116d5c1554381edf93a,,0,7,0,0,0,Tyler Jay,2026-06-20
4be696a016518362164edffd3acca7a4,,0,7,0,0,0,Osvaldo Bido,2026-06-20
c382c1cd29d76632957480971909bc49,,0,7,0,0,0,Kelvin Cáceres,2026-06-20
2cfb3393bc8ab3fb06cdbad757e0b695,,0,120,0,0,0,Jake Cousins,2026-06-20
f208171d31af9c81b0cbb7326ef34e81,,0,7,0,0,0,Chris McMahon,2026-06-20
865fd1ddb5d601c901f3505df7368007,,0,25,0,0,0,Hudson Haskin,2026-06-20
fc97a1236b9c2872bb979da9135fdb72,,0,7,0,0,0,Brett de Geus,2026-06-20
60c0c64d52e40de71575671cfc950b11,,0,28,0,0,0,Austin Cox,2026-06-20
db01873b95bc63e15476f667949454c9,,0,46,0,0,0,John King,2026-06-20
df5437b4b1768553187552f21c378c6e,,0,7,0,0,0,Elvis Peguero,2026-06-20
d373fc59a74ecf9a2162809e5d2a2ab9,,0,27,0,0,0,Max Kranick,2026-06-20
32b112556f2f5353686bfdffedecfc01,,0,7,0,0,0,Justin Garza,2026-06-20
6462779f422c95d0a4fc0c71b50df618,,0,26,0,0,0,Kody Hoese,2026-06-20
489539658dd9503c57c8da8435fe1eb5,,0,1667,0,0,0,Heliot Ramos,2026-06-20
15138cc8f7631f416c33b54755834b75,,0,27,0,0,0,Oliver Ortega,2026-06-20
da62c1df0ea24cbdd7bf1727f02a855a,,0,7,0,0,0,Forrest Wall,2026-06-20
57650760c796f5be2d48fec934dfa4d6,,0,8,0,0,0,Joshua Palacios,2026-06-20
b9ec24eb874928df8c72593ecbeaad45,,0,28,0,0,0,José Quijada,2026-06-20
326427442bda5766b058d3463485b119,,0,27,0,0,0,Ryan Burr,2026-06-20
15a04539923db01690f5eb474d5d5651,,0,7,0,0,0,Bryse Wilson,2026-06-20
ee5f3fb07048fe96d340af3974a1368a,,0,7,0,0,0,Justin Anderson,2026-06-20
bf5a81714ebb3f60a190d3d58cad8819,,0,7,0,0,0,Scott Alexander,2026-06-20
e15d42d00a08800128871854cf7eaa47,,0,25,0,0,0,Jake Marisnick,2026-06-20
76de6b45292f7cf130cdc858059e8099,,0,1600,0,0,0,José Quintana,2026-06-20
1ab6bf426a430a0426841a29c507e3ff,,0,1679,0,0,0,Aaron Nola,2026-06-20
b183eceb1ff3a6cdcaabab8338bb9c8a,,0,7,0,0,0,Luarbert Arias,2026-06-20
0a69797803bc8fd6d619e5edd2684942,,0,3057,0,0,0,Jim Kaat,2026-06-20
e7b7ed3f4265b2040f31042e7ce8da75,,0,3059,0,0,0,Mike Napoli,2026-06-20
fba9bc4ba8fd486d1ba8108668960683,,0,2998,0,0,0,Kyle Stowers,2026-06-20
9525ae12d803bdfb0dad11edf48790a1,,0,2999,0,0,0,Masyn Winn,2026-06-20
239eb9a428bdd7454f26c2ea84b7b865,,0,3054,0,0,0,Torii Hunter,2026-06-20
f63b3c429edfb2a57c67bb0bdb4c9037,,0,3058,0,0,0,Shawn Armstrong,2026-06-20
5b19c15c089a2e67ac35645cf9d06203,,0,1671,0,0,0,Luis Severino,2026-06-20
7ae0e0627c217a5ad5b7d240acf7d28a,,0,1677,0,0,0,Luis Arraez,2026-06-20
7f860f0ae8119616cccb650124f80085,,0,3250,0,0,0,Gleyber Torres,2026-06-20
99db289156a2c5eb758881aafa8746d1,,0,7,0,0,0,Keaton Anthony,2026-06-20
357641fc340ab7c48290390346335c11,,0,7,0,0,0,Brody Moore,2026-06-20
a21704b3d2f440bf6ba6b6b38dbd0eb9,,0,7,0,0,0,Trent Baker,2026-06-20
917ca3d4a90a1f416185feee1904b482,,0,7,0,0,0,Peter Strzelecki,2026-06-20
3a777eb441222fcb3e4d03b374f8b485,,0,7,0,0,0,Connor Gillispie,2026-06-20
29088111199b7b11769a204286c647b4,,0,7,0,0,0,Luke Adams,2026-06-20
dc6376952e706405b5695bdbeaf70df2,,0,7,0,0,0,Osvaldo Berrios,2026-06-20
5b6548ff1c84b5178a97425fca154615,,0,7,0,0,0,Eduardo Salazar,2026-06-20
7f9f0c15b71cf1f4524120e5fae22bc5,,0,7,0,0,0,Nick Avila,2026-06-20
a9e700b4799af3b212161ccae4108525,,0,39,0,0,0,Shane Drohan,2026-06-20
1c932a9e79fa9654c75ea81807262280,,0,7,0,0,0,Walter Pennington,2026-06-20
4fcf766ede03153b6c51ba708ff8dad4,,0,31,0,0,0,Gabriel Hughes,2026-06-20
af258cfb2cbaf222de23c04cd5ec755d,,0,8,0,0,0,Coco Montes,2026-06-20
32b6118cb3bcaba310c4c6e28e029002,,0,7,0,0,0,Sean Bouchard,2026-06-20
58c3d4df8f272ee192f64d74e5f576ec,,0,8,0,0,0,Cal Stevenson,2026-06-20
9838d46a30be43ab00b64ef170cb52ec,,0,22,0,0,0,Michael Siani,2026-06-20
a9b296714d8ec83b9813d7fb6a5ae9c7,,0,8,0,0,0,David Bañuelos,2026-06-20
495f2ce32cda60c866f562bbf0d7b5e7,,0,7,0,0,0,McKinley Moore,2026-06-20
504e821d6755cd851a49d1d0bc56aeb8,,0,8,0,0,0,Nathan Hickey,2026-06-20
72dac4844bec7688bfa876fa19d0d827,,0,7,0,0,0,Luis Castillo,2026-06-20
b15f5f523b59406dbe9baed43d1625c3,,0,7,0,0,0,Kyle Tyler,2026-06-20
6e1c4d97cb6965df17182c684f5d30b4,,0,10,0,0,0,Alika Williams,2026-06-20
8aac7e830c5da023fb3a1abe39ac53fd,,0,30,0,0,0,Gus Varland,2026-06-20
a9fc822dd0a8b2f3e63c9457f17fdcfe,,0,8,0,0,0,Livan Soto,2026-06-20
aad3771c8452f2a354768820b896596b,,0,7,0,0,0,Penn Murfee,2026-06-20
01a905627b1069f6935d19f854fd5019,,0,28,0,0,0,Dauri Moreta,2026-06-20
c3f72491633e95acdf793803c719dd58,,0,7,0,0,0,Joan Adon,2026-06-20
53eded25bd4437765d25a4504360d831,,0,8,0,0,0,Terrin Vavra,2026-06-20
9d71192129cb34bf441e1a1d0a9bee1c,,0,8,0,0,0,Luis Ortiz,2026-06-20
533ba758cc200d5731cdc6f6d92f02a5,,0,28,0,0,0,Alex Faedo,2026-06-20
66352ad5eb052d1f18352da40bc6d1c7,,0,7,0,0,0,Zach Thompson,2026-06-20
46c5dcae16fb5cc4884f8ba7e467bd24,,0,7,0,0,0,Cody Poteet,2026-06-20
dc5e8568267084873e0d75af1b4162fe,,0,25,0,0,0,Stone Garrett,2026-06-20
07af647d5aed192cec6d555edc9e08cd,,0,7,0,0,0,Julian Merryweather,2026-06-20
0853c372d74cd360bcfe26b53271d363,,0,7,0,0,0,Kyle Nelson,2026-06-20
568b6e37adbb33623ce9fd49ddaffc09,,0,8,0,0,0,Oscar Gonzalez,2026-06-20
be4c4b616d8882cb5d5ab1f3767a7098,,0,7,0,0,0,Tyson Miller,2026-06-20
30bdb5484a7dfa269fe554f0776d26f7,,0,7,0,0,0,Josh Fleming,2026-06-20
b9071767ea97e16a89393d47a1e9d6fa,,0,7,0,0,0,Dillon Tate,2026-06-20
468dd4fa22c10a95aefac92820114574,,0,8,0,0,0,DJ Stewart,2026-06-20
03d6b3f873e27258a8a7ab2ee041490e,,0,7,0,0,0,Scott McGough,2026-06-20
dd2102b1d49b89cdea47f2ab54e5fac8,,0,2400,0,0,0,Jeff McNeil,2026-06-20
7053cd66f81c4f7dd6c03abaaf02a2c0,,0,2514,0,0,0,Adolis García,2026-06-20
b2235c000fc4c759ae0d158eabd1e6c5,,0,2512,0,0,0,MacKenzie Gore,2026-06-20
7449f84d6d1334b8a8c1ec5cc89a807f,,0,2509,0,0,0,Edward Cabrera,2026-06-20
8b54fd6cf5194f3baa1ce8ac81be9769,,0,2512,0,0,0,Robert Suarez,2026-06-20
3b759b0d9e3fba4f99ce144809b75966,,0,2500,0,0,0,Whitey Ford,2026-06-20
63835ca7159709169c42e6dcd6803c0a,,0,7,0,0,0,José Ruiz,2026-06-20
7bc1c5500f065e9cb1bd710ebb4ef55e,,0,27,0,0,0,Ben Lively,2026-06-20
08526e6f9bc087eabeaedcfcc64ee903,,0,7,0,0,0,Dylan Covey,2026-06-20
ecec9f88f5d37c6c5c584a4a4f1696d8,,0,7,0,0,0,Joe Mantiply,2026-06-20
9ac0f5165aa3d86ce255f9118703ad9e,,0,7,0,0,0,Chris Stratton,2026-06-20
26631dafbccaa7569263a36023a5871a,,0,27,0,0,0,Michael Fulmer,2026-06-20
1c296ed5e6e2698852e68c89d2c0ffb4,,0,11,0,0,0,Drew Sommers,2026-06-20
db5b6b7b1f0959722d29b5c7fd08ef04,,0,28,0,0,0,Hunter Strickland,2026-06-20
3cd7930e165a0786225eeb12db185062,,0,28,0,0,0,Ryan Brasier,2026-06-20
58584ca8bcb43439d45d765cd4b26990,,0,28,0,0,0,Justin Wilson,2026-06-20
fb835dde01d40e9a961d247e53a543c5,,0,7,0,0,0,Casey Kelly,2026-06-20
910cd6cd06f2412d590b823c67c3f24e,,0,7,0,0,0,Luis De Los Santos,2026-06-20
174653127f0be4c446c278fedf8a9afc,,0,12,0,0,0,Leandro Lopez,2026-06-20
ee07b8dd52aeb6a78be190ddfb15ef77,,0,89,0,0,0,Tatsuya Imai,2026-06-20
295ecbc9df232487791f0a76e3121e0e,,0,7,0,0,0,Cade Winquest,2026-06-20
19bb2f4aff837e7957c51a28442350f3,,0,22,0,0,0,Jose Franco,2026-06-20
59e2e17305379a21ededb2f1ac7338da,,0,9,0,0,0,Yorman Gómez,2026-06-20
09c18ccd4a39721020c07921a3fbaf8d,,0,59,0,0,0,Nick Raquet,2026-06-20
c552431c911d621e0f32d2b5fefa0cd1,,0,7,0,0,0,Alexander Alberto,2026-06-20
2741b22e3cfef277f7f199f227dca18e,,0,14,0,0,0,Miguel Mendez,2026-06-20
f788cdeb7f0ebb608368c4af543b9d28,,0,42,0,0,0,Luis Morales,2026-06-20
62e9bd370d7329c9ca798c6a556283a3,,0,10,0,0,0,Alex Carrillo,2026-06-20
b7534b138dfc15e4af117c558d2eb748,,0,46,0,0,0,Juan Burgos,2026-06-20
fe1217c2bb5cab9b33da369357bc69fa,,0,7,0,0,0,Welinton Herrera,2026-06-20
7bb28c49c7282736b84e8e7c07066d0f,,0,7,0,0,0,Yaramil Hiraldo,2026-06-20
bc61951076002f426566f16b89f98155,,0,38,0,0,0,José Fermin,2026-06-20
3031718ed0757284d4bcd61793d12927,,0,10,0,0,0,Jonathan Pintaro,2026-06-20
da8264f1a5acec7587fdcd7be4efbc0f,,0,22,0,0,0,Anthony Nunez,2026-06-20
bc0573f8d99ab77e497196dd51b1155b,,0,19,0,0,0,Ryan Johnson,2026-06-20
b0e5ea92dcae131d9984069628ccb5ec,,0,12,0,0,0,J.C. Escarra,2026-06-20
1350c6ea128117e076a0fda8cfe8fae2,,0,20,0,0,0,Duncan Davitt,2026-06-20
ba8047b7cff47b813eecdfe189504865,,0,17,0,0,0,Tyler Uberstine,2026-06-20
cd9f01bf3ff838163e9ccef702a10c1a,,0,19,0,0,0,Brandan Bidois,2026-06-20
4aa33d644c913047e5c6b4c7ce995c54,,0,45,0,0,0,Andrew Alvarez,2026-06-20
94c9ad46d4dc781d985c2b577ed3fed4,,0,24,0,0,0,William Kempner,2026-06-20
e26f626ca692c5704c4ba6ce1523a712,,0,34,0,0,0,Jose Fernandez,2026-06-20
86107d400fa07db15b95e5afedad5aab,,0,28,0,0,0,Hyeseong Kim,2026-06-20
7b2d7f71ef2e7dd0fa276e175796c2b2,,0,21,0,0,0,Eduarniel Núñez,2026-06-20
a4d8aa17f763a3768af33f06034a1966,,0,7,0,0,0,Lazaro Estrada,2026-06-20
7478e0b8911703abbbcee8a213555700,,0,11,0,0,0,Dylan Ross,2026-06-20
f41f934e680f05121a732f6b3c8860c0,,0,7,0,0,0,Trent Sellers,2026-06-20
878a2ded0fce9786fc9967a02c781e47,,0,8,0,0,0,Austin Peterson,2026-06-20
6f17ee4852bb5f8a9ef884816cd55bc2,,0,68,0,0,0,Tomoyuki Sugano,2026-06-20
09d34bc8301d01e0bc7d059c9de11724,,0,38,0,0,0,Ryan Gusto,2026-06-20
77c5984bb2962b48821a2478dba06db8,,0,40,0,0,0,David Morgan,2026-06-20
5612083fdf854e80896240df776f6c6c,,0,54,0,0,0,Brad Lord,2026-06-20
a143ba2c5995adbca07b079f19cda34b,,0,33,0,0,0,Otto Kemp,2026-06-20
0b006309196e8c4f37f86602ad2e5f8a,,0,36,0,0,0,Kade Strowd,2026-06-20
81b9a54aaec89a2124aea8696c2e3bdb,,0,18,0,0,0,Rolddy Munoz,2026-06-20
b007f8e061ddabd72f070dcd0e647f06,,0,150,0,0,0,Jack Dreyer,2026-06-20
94a0a40efebc034ea09dfb07f78ffb27,,0,7,0,0,0,Moisés Chace,2026-06-20
fa19a2a8acd4645dbedd807f1424f3c0,,0,7,0,0,0,Jedixson Paez,2026-06-20
609164fccfcab46b80c10e6f201b4501,,0,15,0,0,0,Jhostynxon Garcia,2026-06-20
d0bfa9bb209a0fba6ced33e2eb333ec7,,0,38,0,0,0,Didier Fuentes,2026-06-20
26503aabcafe1978cd18b295a25e8c54,,0,86,0,0,0,Connelly Early,2026-06-20
3fdbbf72782d664d5a69ae78ef2343d7,,0,19,0,0,0,Kendry Rojas,2026-06-20
8ca786cc209e45ca1fa5ed3c60e5c72d,,0,44,0,0,0,Zebby Matthews,2026-06-20
9f32f06050f3e71e8bc4ccc8dd8de1e8,,0,30,0,0,0,Bradgley Rodriguez,2026-06-20
012afa4d6b96a4921a63d0e477c44bfc,,0,87,0,0,0,Edgardo Henriquez,2026-06-20
e04c095b981c8beef9db5f772b2ecbd9,,0,149,0,0,0,Trey Yesavage,2026-06-20
c732115bff1841758c4dd0d49170bdcd,,0,32,0,0,0,Cam Smith,2026-06-20
f6b7fceae47941eeca14be23315a87d8,,0,40,0,0,0,Christian Moore,2026-06-20
b8911a280a08239f0e5e352d3efb18a5,,0,3990,0,0,0,Nick Kurtz,2026-06-20
e71b1dceb6911e7ab1ecde0819cc43ef,,0,34,0,0,0,Jac Caglianone,2026-06-20
75cd8c270f40bcca3498840f91787892,,0,1670,0,0,0,Chase Burns,2026-06-20
65a27390dfbbc2d9576bee720ab2bd02,,0,35,0,0,0,Jonah Tong,2026-06-20
13af3212361daf50eeef9e3cdd46bd29,,0,7,0,0,0,Jack Neely,2026-06-20
55785aebc475cf4d5085b0c9cad195ce,,0,27,0,0,0,Andrew Morris,2026-06-20
53d4350a7b8cf066d2da14342442bfb2,,0,19,0,0,0,John Klein,2026-06-20
0f328704b1bec477bc09768e8b1c3f6f,,0,40,0,0,0,Javier Sanoja,2026-06-20
d8d03b5b54d2d51c2764d90a044afe72,,0,11,0,0,0,Thayron Liranzo,2026-06-20
62a6d21da7c8aa7a8118f68cbe1c0f02,,0,13,0,0,0,Franco Aleman,2026-06-20
02a51c758cf08beb51259c93598fe7eb,,0,19,0,0,0,Julian Aguiar,2026-06-20
54afa40faaec52b2445ac9af7493093e,,0,18,0,0,0,Henry Baez,2026-06-20
af39cd29d6fab7e6e414055fd0762b0e,,0,18,0,0,0,Kristian Campbell,2026-06-20
10aa5921465c078042da6c3c664ab04f,,0,7,0,0,0,Angel Bastardo,2026-06-20
b2be94f03413f513058125e1e01cb5c2,,0,25,0,0,0,Jhancarlos Lara,2026-06-20
2dea22136563b80a78bd02cac4c0dd7e,,0,7,0,0,0,Lucas Braun,2026-06-20
f91c2ecb08d8a95b83a077d3d3ac41af,,0,7,0,0,0,Jake Bloss,2026-06-20
8547e189fb6665f3f8ce2dc3180d3e12,,0,19,0,0,0,David Davalillo,2026-06-20
70837579841cbb5b90c7575265a409a8,,0,38,0,0,0,Jack Perkins,2026-06-20
0ad7717616a71be9f2fd87d7196c23ba,,0,10,0,0,0,Eric Cerantola,2026-06-20
6fed0aa5f2f455b84816677939a06caa,,0,15,0,0,0,Alex Cook,2026-06-20
d83d4e0b92b7bb0fd491557a9a4e43ed,,0,34,0,0,0,Brandyn Garcia,2026-06-20
d76c8f2a8b2e05e4b4e15e6ddb4364fc,,0,27,0,0,0,Logan Evans,2026-06-20
170a1390752781d65c52b275cbc8b3a0,,0,15,0,0,0,Jake Miller,2026-06-20
2ddae4b3582c8b0801faa4aaec03a56a,,0,13,0,0,0,Alex Hoppe,2026-06-20
a3a16f0b8f2373419aa95efcd93e640e,,0,18,0,0,0,Philip Abner,2026-06-20
74ea470ae370f5e3ecb9167321201423,,0,46,0,0,0,Brandon Sproat,2026-06-20
275eca589a290c97759d6b4a05635b20,,0,30,0,0,0,Blas Castaño,2026-06-20
f072f2c3b861c5a539859402ca1fcf58,,0,20,0,0,0,Jared Serna,2026-06-20
03bad695349aa76c1269cc33425fb4fc,,0,21,0,0,0,Mitch Farris,2026-06-20
2e2f994afb36721d278c66e6c87a5165,,0,21,0,0,0,Riley Cornelio,2026-06-20
01cdb44fc81794a25af12358bb67f971,,0,62,0,0,0,Matt Shaw,2026-06-20
7ceff64272258ef2e09f3b81bf7a94aa,,0,46,0,0,0,Tyler Ferguson,2026-06-20
a6115ec3096074b46d31fe934d6cf56c,,0,23,0,0,0,Esmerlyn Valdez,2026-06-20
d3cdbc1265cc6a9c2dffca25ee5f0248,,0,25,0,0,0,Jack Brannigan,2026-06-20
999f3dac619eb42d8105b8427adbe5ef,,0,14,0,0,0,Eduardo Valencia,2026-06-20
9ac86f22fa15b0898c0849375379852e,,0,55,0,0,0,Bryce Eldridge,2026-06-20
7bddd56550c873f45962e19446891199,,0,24,0,0,0,Kyle Karros,2026-06-20
d139b4e292a8ed31cf96fdb360f5c55e,,0,47,0,0,0,Luke Keaschall,2026-06-20
22530e6c1f7f3a722b7d3284361b7638,,0,33,0,0,0,Eric Wagaman,2026-06-20
5c2dc7074f70b353e284d5944cace346,,0,22,0,0,0,Craig Yoho,2026-06-20
09591006cbc6ca035ea54ed123f49ec2,,0,10,0,0,0,CJ Kayfus,2026-06-20
3e65fc9cabd44b64c5fc9e5f4fb1dc62,,0,40,0,0,0,Ben Williamson,2026-06-20
38137bddec273f7c39da77713c912812,,0,9,0,0,0,Brice Matthews,2026-06-20
996db966efde8f6c57e68a3a5d15a748,,0,34,0,0,0,Abimelec Ortiz,2026-06-20
f1d2d5c5c205ffebdf12725ab8c5a1df,,0,17,0,0,0,Rafael Flores,2026-06-20
7da8d43d4277142c35faa05b13369cb7,,0,50,0,0,0,Nathan Church,2026-06-20
1b8ce0094397837f68dc4d5ae6c3ee9d,,0,669,0,0,0,Shota Imanaga,2026-06-20
45c61bfb20ad79724ce0ea5d092331ab,,0,400,0,0,0,Justin Wrobleski,2026-06-20
3753c5f0a7298b22fdc53a7240f6c33a,,0,98,0,0,0,Shane Smith,2026-06-20
235a134c40b5bfafa2c1756d7b17e649,,0,600,0,0,0,Erik Sabrowski,2026-06-20
115a75ceaf345b23bf139b4ff36411f3,,0,26,0,0,0,Chris Roycroft,2026-06-20
3518b750f01bd2577b5ddc25a94a05cd,,0,27,0,0,0,Jesus Rodriguez,2026-06-20
46ab09e7b563d6ce257625f8ee0cd640,,0,24,0,0,0,Ryan Ritter,2026-06-20
8ade6ab5936ca457d23b35e1c8b74420,,0,3325,0,0,0,Ben Rice,2026-06-20
27943adf6028dee7f24b47c09545087b,,0,7,0,0,0,RJ Petit,2026-06-20
9a6405edf36438737a9c1364cdc890bf,,0,50,0,0,0,Ryan Fernandez,2026-06-20
b0874ed69fb5d0f5e1ca7e49871e391e,,0,7,0,0,0,Pierson Ohl,2026-06-20
8af7b162ee457833012bdb5fc721ca1a,,0,12,0,0,0,Paul Gervase,2026-06-20
366664af0a4bd428db7cd76d7d937365,,0,43,0,0,0,Caleb Durbin,2026-06-20
3d831d634ce5997caec56820755b75d9,,0,8,0,0,0,Ben Cowles,2026-06-20
1700a8378f6d1317369070bd18b27271,,0,47,0,0,0,Billy Cook,2026-06-20
d2f89444b4bad528940ebbeb79bfee10,,0,35,0,0,0,Ben Casparius,2026-06-20
d2c7b4577499b02f2a19c00f2a9fd934,,0,44,0,0,0,Hunter Bigge,2026-06-20
37f06d4af08c7fdaef2b5a630d5097ee,,0,83,0,0,0,Yuki Matsui,2026-06-20
495fc292dd9e1bb3d55aa8d012d60a1d,,0,37,0,0,0,Agustín Ramírez,2026-06-20
bd78ca418ea36b9ab9deff43d269a996,,0,40,0,0,0,Carlos Narváez,2026-06-20
1a942e46f81b38d13ef126ad21f22862,,0,33,0,0,0,Keider Montero,2026-06-20
0bb014c71d8cc6b977f3065c40203743,,0,51,0,0,0,Juan Mejia,2026-06-20
a8e0d3caaeb3534567e7f14e52d8c648,,0,28,0,0,0,Hayden Birdsong,2026-06-20
04340b5ee2de8577a707eb5b91cb6bb0,,0,7,0,0,0,Yoniel Curet,2026-06-20
3151767411e7bba5ffd3a2c85cd45aad,,0,12,0,0,0,Angel Chivilli,2026-06-20
a98aa1bf02b7298e5e86a07f2c0d665a,,0,20,0,0,0,Braden Nett,2026-06-20
a78add5264f6c17551e471f69a3c2015,,0,16,0,0,0,Sawyer Gipson-Long,2026-06-20
eb80f96db3dc056b6626298781c86cf9,,0,37,0,0,0,Zach Cole,2026-06-20
f36571c7ba7fbc3af4b1557bc7f48d18,,0,15,0,0,0,Emiliano Teodo,2026-06-20
41af96746cda957bb5b97fc2a181763b,,0,47,0,0,0,Carson Seymour,2026-06-20
c4c99244ef598afdf9640014c8240822,,0,51,0,0,0,Landen Roupp,2026-06-20
4bc889e15f89fa4c7cb0d78f93b7d5b1,,0,43,0,0,0,Spencer Miles,2026-06-20
6c93d59d503d0b21912c8ae064aece79,,0,42,0,0,0,Trevor McDonald,2026-06-20
118d522fcc471c92d7d02691b63a055c,,0,23,0,0,0,Jimmy Crooks,2026-06-20
0f02bcee1a159d6a03fe33cc73ccdafd,,0,7,0,0,0,Hayden Harris,2026-06-20
bd0cdf97047d50a56ea948420553cc27,,0,55,0,0,0,Nolan Schanuel,2026-06-20
536d6c43d6c31449d77658ea8914cac2,,0,7,0,0,0,Jack Winkler,2026-06-20
9df7d74b96335fd4699b534e17e41021,,0,44,0,0,0,Colby Thomas,2026-06-20
1f0b4307a9ac545c047c97b8e2c6cf08,,0,7,0,0,0,Rhylan Thomas,2026-06-20
8eb818575a4b9341df6bb00747e22e54,,0,7,0,0,0,Jose Espada,2026-06-20
205c4a850dc53494ee11c9fe6e83eefb,,0,47,0,0,0,Victor Scott II,2026-06-20
bed526483e6b50d74ea9662c8d733058,,0,3344,0,0,0,Jacob Wilson,2026-06-20
f8e89dbf797267fa87de5dc50512fc34,,0,38,0,0,0,Hurston Waldrep,2026-06-20
a94d2e5d918c6efccb53b15ca3e8d64b,,0,25,0,0,0,Kyle Teel,2026-06-20
df1ffaac635eebce06a000e2cc1e9234,,0,39,0,0,0,Rhett Lowder,2026-06-20
a7c8e0d6c87c6da043fd2c6882b0a85e,,0,440,0,0,0,Wyatt Langford,2026-06-20
3bd9414810e1cee9595bd479eb36b49b,,0,28,0,0,0,Chase Dollander,2026-06-20
4d9d3c9270dea7ca248321aaf287a7b1,,0,39,0,0,0,Cade Gibson,2026-06-20
a48e2234bf7528892a0fc39f8f8642fc,,0,30,0,0,0,River Ryan,2026-06-20
3bd5620d3144d91d91087c18eb54dcf7,,0,19,0,0,0,Luis Peralta,2026-06-20
3ef0a5fa4bf9c4c373d23cb96089f471,,0,9,0,0,0,Carlos Rodriguez,2026-06-20
105c5829bf97f02d6ca942aa814565ff,,0,34,0,0,0,AJ Blubaugh,2026-06-20
ab75d2b1f8ced1e78ea8126e4c62d241,,0,10,0,0,0,Victor Mederos,2026-06-20
9cd22e29d9caa7fb7e7fcfad92401bdd,,0,16,0,0,0,Coleman Crow,2026-06-20
05fcd7d5f5fd342bc30d545d45e042df,,0,59,0,0,0,Brant Hurter,2026-06-20
53f704eaaae53d1e00e6f29b18725e51,,0,11,0,0,0,Angel Genao,2026-06-20
d658cae21bb318b531a0821e2b48fa89,,0,9,0,0,0,Luinder Avila,2026-06-20
978e1445bf1103eb08abe00a2651ef3a,,0,7,0,0,0,Ryan Harbin,2026-06-20
cd3c6816814222bebe225376f5b623ce,,0,31,0,0,0,Kyle Hurt,2026-06-20
466bfb61acc4b10148d85b3b9d955b54,,0,9,0,0,0,Nacho Alvarez Jr.,2026-06-20
7a9ac097d7b51912b51762090fbb4f4c,,0,56,0,0,0,Ryan Walker,2026-06-20
a67752d2f711e9f5f110df79dc3b8033,,0,14,0,0,0,Steven Zobac,2026-06-20
43c95b7b2fa21df241f5ac0d84b1eb9e,,0,19,0,0,0,David Sandlin,2026-06-20
b60a00414a3e82aedbd34b76c868c807,,0,45,0,0,0,Luke Little,2026-06-20
764ff395b6c74f95271dab5c7ac194a7,,0,9,0,0,0,Mason Barnett,2026-06-20
8fad23192cd4795bcb817c29e4a9ff15,,0,7,0,0,0,Elmer Rodriguez,2026-06-20
6b34ead51bb4df7183171402d9edc6e9,,0,29,0,0,0,Pedro Ramirez,2026-06-20
0e4c47d1b4512ca132d8bc06dbb34cb4,,0,7,0,0,0,Roddery Muñoz,2026-06-20
80bdd825c8f4f708b00848826e046325,,0,27,0,0,0,Porter Hodge,2026-06-20
77afb0bc65ff488c3b1f4c86d4c51798,,0,40,0,0,0,Tanner Gordon,2026-06-20
6088ebf48aa2ff2d7f8c12151e0b5400,,0,32,0,0,0,Yilber Díaz,2026-06-20
415d36e5bc07c53a6b096a20cda76e57,,0,7,0,0,0,Leonardo Balcazar,2026-06-20
946587ac336f3042a76eb864934f1e6e,,0,30,0,0,0,Jose A. Ferrer,2026-06-20
c8c249f154c4bce19c36fd993f9e72e6,,0,19,0,0,0,Antwone Kelly,2026-06-20
4c6bf2ca0bab2f0a7648b3ff318fcc54,,0,7,0,0,0,Jayvien Sandridge,2026-06-20
cf3393ad34d652dd9e4304236ff0d016,,0,9,0,0,0,Kohl Drake,2026-06-20
97a626fc3c29b758dea3743343cff08e,,0,55,0,0,0,Hunter Dobbins,2026-06-20
2658cd569d47340928461e15e9d79d8f,,0,18,0,0,0,Sam Aldegheri,2026-06-20
e9ff5819a7bb1593c208bb867a2fb9c5,,0,3297,0,0,0,Cam Schlittler,2026-06-20
e38df435806aa74f437f4e34039e8e3c,,0,9,0,0,0,Dylan Ray,2026-06-20
778dfbf4f86170dbf3f79caaf21cff81,,0,7,0,0,0,Matt Pushard,2026-06-20
55b2164c962984d43747da12dd1f17d7,,0,7,0,0,0,Chase Hampton,2026-06-20
506e94963798feca355726212c1f0285,,0,127,0,0,0,Braydon Fisher,2026-06-20
66672ab585aacff0c82d32d4c676b550,,0,25,0,0,0,Brooks Baldwin,2026-06-20
b7b76cee9010d4677b5422b3fb0a2bd7,,0,46,0,0,0,Mason Englert,2026-06-20
d862b93b646712db54491b8ce0fd8f9f,,0,48,0,0,0,Keaton Winn,2026-06-20
882f7e542dec173f942affc2a5f964c9,,0,39,0,0,0,Casey Legumina,2026-06-20
bf4673ccf88bd9704dfad2072bf48a09,,0,51,0,0,0,Zach Maxwell,2026-06-20
78de1387570ca4e34590390187c0cef5,,0,42,0,0,0,Andre Granillo,2026-06-20
9ead56d6efdb35331687d3bb620a45b9,,0,51,0,0,0,Richard Fitts,2026-06-20
6363d92342f6a810bb1474baf1524de6,,0,31,0,0,0,Blake Dunn,2026-06-20
bc9e7ed27e808f28bfd06f79baebdc66,,0,80,0,0,0,Noah Cameron,2026-06-20
fae30c2f1199efb9f4bec32eea141f30,,0,21,0,0,0,Brady Basso,2026-06-20
eab4ec819171bd64c897d3613780010b,,0,14,0,0,0,Josh Simpson,2026-06-20
b1ee96c51f40390e5dd85afd6f1648e5,,0,28,0,0,0,Colin Selby,2026-06-20
aec1d886bcc1774c890e53b502c111e3,,0,32,0,0,0,Brent Headrick,2026-06-20
ef0280e3925f6f099408f01631e64488,,0,154,0,0,0,Jung Hoo Lee,2026-06-20
0374de48ccfa4182bee25fe74ab8ca24,,0,33,0,0,0,Steven Cruz,2026-06-20
54fa1600d036b82a20e3d18b3c7bc2a5,,0,11,0,0,0,Winston Santos,2026-06-20
42268ca1d47c4888aab6e3839e8a914f,,0,13,0,0,0,Graham Pauley,2026-06-20
9925f96b83c48f91400c99c48a9f09c0,,0,18,0,0,0,Wade Meckler,2026-06-20
c22b2f14abf269027fe055f0d6583f20,,0,48,0,0,0,Jakob Marsee,2026-06-20
2095e796ebf6a8ac07adc1e26429b404,,0,46,0,0,0,Chase Lee,2026-06-20
e7d48800b55115a2670698814f9c995d,,0,29,0,0,0,Stephen Kolek,2026-06-20
aa348f22a02240450e1b2367ef09db0c,,0,34,0,0,0,Liam Hicks,2026-06-20
2a68ca5d4960d8f85e9ec2d851a785ce,,0,46,0,0,0,Spencer Bivens,2026-06-20
0ad3448f4d68f867fc9e4de6ee67a1a6,,0,42,0,0,0,Grant Anderson,2026-06-20
d87e341d0d57c097baac80daca17d170,,0,20,0,0,0,Tyler Samaniego,2026-06-20
beca7d711c5ccfbd157d61774c3f6295,,0,45,0,0,0,Cody Laweryson,2026-06-20
f36de8c9712b6b5443d36a4f01dd98f2,,0,7,0,0,0,Miguel Ullola,2026-06-20
0c4573e383472557a035438a94980823,,0,8,0,0,0,Patrick Monteverde,2026-06-20
ed964a178602e7241783ebc774cd7c45,,0,28,0,0,0,Jordan Leasure,2026-06-20
5df4f3069cf0361a70cda557a273dddf,,0,25,0,0,0,Robert Garcia,2026-06-20
7711d7e22df7194ac8ead8000b95e55c,,0,32,0,0,0,Alex Freeland,2026-06-20
3a5aa16dcb3fc33f43c5fefc75943887,,0,8,0,0,0,Tucker Flint,2026-06-20
230321483a4ea4059c9465d80c0347fc,,0,14,0,0,0,Jadher Areinamo,2026-06-20
cce7f88b51d0109dedd81a1e25536221,,0,13,0,0,0,Héctor Rodríguez,2026-06-20
bc83167ca377a424bf92f6af0e625e67,,0,23,0,0,0,PJ Poulin,2026-06-20
c3cf2bcf347e38224b126773bdcd76f0,,0,35,0,0,0,Joey Loperfido,2026-06-20
607946c612a10618398b51c38e20768d,,0,8,0,0,0,Jacob Hurtubise,2026-06-20
41a67e8260202b93e89993b7516783ed,,0,33,0,0,0,Elvis Alvarado,2026-06-20
746d170f5a255eb84ef12310c1e16d9c,,0,48,0,0,0,Chase Meidroth,2026-06-20
bbe17bb3db987bca75f1952f068653a4,,0,26,0,0,0,Ben Joyce,2026-06-20
3db7d98931e09fa6674c7a5f17dec1da,,0,27,0,0,0,Drew Thorpe,2026-06-20
e8220346196688967a4c69f1fd1df002,,0,28,0,0,0,Gavin Stone,2026-06-20
25a24504b2f4f5e039d4824c49586aba,,0,99,0,0,0,Chandler Simpson,2026-06-20
65d42f5f8443db03875f4ef66533deff,,0,35,0,0,0,Tristan Peters,2026-06-20
2a130c03010c8744a52d4987ce4476f3,,0,34,0,0,0,Carson Palmquist,2026-06-20
e2e32696891071301260b53560570a6b,,0,7,0,0,0,Peyton Pallette,2026-06-20
30f971df2bb5f6398acf1fd770f402c4,,0,92,0,0,0,Daniel Palencia,2026-06-20
4c396796332a6ec3f5de91279a1ddcd5,,0,8,0,0,0,Nick Morabito,2026-06-20
6feae7fd3c7b9e20d03f62a41f766f37,,0,36,0,0,0,Mason Montgomery,2026-06-20
6d1a6221e68e981843184cdfbb38e273,,0,10,0,0,0,Hendry Mendez,2026-06-20
0fa8e0a0a3ff1d41f7c22c6d5fb0240c,,0,43,0,0,0,Jacob Melton,2026-06-20
d903302407f590de0777cbf9251b6be8,,0,36,0,0,0,Tanner Bibee,2026-06-20
0cde4987a09acb6eec069ea99418171b,,0,7,0,0,0,Jairo Iriarte,2026-06-20
df2c41705682e958f08da6c58fd65df9,,0,13,0,0,0,Andrew Hoffmann,2026-06-20
221d68ddd1722726c63a8e7f040eda48,,0,7,0,0,0,Garrett Hawkins,2026-06-20
c021af9c499dad0dc415e521410185cd,,0,20,0,0,0,Gabriel Gonzalez,2026-06-20
eae0768bc1199a76806cf85d929363a4,,0,28,0,0,0,David Festa,2026-06-20
0f73298320adf23b9cc80d9431cc6fa8,,0,8,0,0,0,Yanquiel Fernández,2026-06-20
deab5caf2dc94776c992f7fec5e2fe62,,0,20,0,0,0,Christian Encarnacion,2026-06-20
6d95915c884ae9d06961bf81c3774760,,0,18,0,0,0,Caden Dana,2026-06-20
3eb2846128881d376f5181bd48b1833b,,0,46,0,0,0,Jonathan Cannon,2026-06-20
5f74a86f361c5124d1ef06cbabad638e,,0,3345,0,0,0,Junior Caminero,2026-06-20
e1f019125927e75cb2ffb426e60060a4,,0,8,0,0,0,Mitch Bratt,2026-06-20
09ef533131382d9c4fa3f07998ef08c8,,0,11,0,0,0,Mason Black,2026-06-20
639bf1132a9cbef56d9687b8eb5544c6,,0,606,0,0,0,Emmet Sheehan,2026-06-20
083d1bd017d6eaa07dcc6ce89a892477,,0,25,0,0,0,Leonardo Bernal,2026-06-20
c90eab17348a516b7bba00d03a959a84,,0,38,0,0,0,Ryan Bergert,2026-06-20
9791d126169e489197ae35cb0b7a9c2c,,0,40,0,0,0,Samuel Basallo,2026-06-20
f62c0ba429e34f3b156bb37107ff2a22,,0,46,0,0,0,Moisés Ballesteros,2026-06-20
d5e92289fb4f31bbf0279f21ec4d437b,,0,1670,0,0,0,Drake Baldwin,2026-06-20
939f484d3c71346786b59e65aaccbe31,,0,32,0,0,0,Spencer Arrighetti,2026-06-20
d7f5f7095c9774ce7955dbe0e8078b1e,,0,1690,0,0,0,Bryan Woo,2026-06-20
fd37c1a28f86a489f484f462c1802719,,0,14,0,0,0,Will Wagner,2026-06-20
0476bd4c7c056073b433fec11471179e,,0,28,0,0,0,Mike Vasil,2026-06-20
dc6942c1e6afd62b1923af72b334f562,,0,38,0,0,0,Bryce Teodosio,2026-06-20
ad61e144abe6cd16d8132eb82b26d44d,,0,1200,0,0,0,Cade Smith,2026-06-20
fe022ac0f9b0d0686dc1b6709fef9d27,,0,10,0,0,0,Hao-Yu Lee,2026-06-20
639bf1132a9cbef56d9687b8eb5544c6,,0,606,0,0,0,Emmet Sheehan,2026-06-20
5c4a6b3802e96bd5b2b0cf301074a223,,0,24,0,0,0,Orlando Ribalta,2026-06-20
3fae0faf4303386356c5bebeaa38a519,,0,21,0,0,0,César Prieto,2026-06-20
ce6c8eef5f8a39c6ac1cd87ba2b6927d,,0,41,0,0,0,Chad Patrick,2026-06-20
48c1109cc29c069c0be81c67f265853a,,0,8,0,0,0,Tanner Murray,2026-06-20
0068c7303d3b559990322eb1be327110,,0,7,0,0,0,Ryan Loutos,2026-06-20
d2d9bfb8be7b38e42e29376a5ddb98cf,,0,8,0,0,0,Alek Jacob,2026-06-20
b8b2882cad8a428fe8d93c0d7bdf0997,,0,11,0,0,0,Colton Gordon,2026-06-20
4b2b6be38633cc402e32d2770fd06f5c,,0,17,0,0,0,Kyle Backhus,2026-06-20
21033e4e0ad9b641788e81df5c5b09d7,,0,46,0,0,0,Masataka Yoshida,2026-06-20
2bc12b607804ad3c3fcfa2287c1586f4,,0,11,0,0,0,Gabriel Rincones Jr.,2026-06-20
92e1f9ca43f3dc93d12b18469b7e257a,,0,7,0,0,0,Griff McGarry,2026-06-20
35cde0ef9eae79809c1c1f30b1861888,,0,33,0,0,0,Cole Young,2026-06-20
689ba1fdf5c5c993e083fdbbe152a65b,,0,35,0,0,0,Bryan King,2026-06-20
bd2181c11f5846acfc821f8d96cc43df,,0,7,0,0,0,Domingo González,2026-06-20
cc6316675b5f0891316b85b77a2bb148,,0,8,0,0,0,Oscar Colás,2026-06-20
dbe5efb3682ee5719ad2918a02507855,,0,33,0,0,0,Sammy Peralta,2026-06-20
a46f6901eb0b224e62eb1fb554526756,,0,44,0,0,0,Grant Wolfram,2026-06-20
ad053d76a7c3de7c7909834fdf77ad5c,,0,9,0,0,0,Alex McFarlane,2026-06-20
c4b799967f65fb30743dd6d942e2d06b,,0,20,0,0,0,Riley Martin,2026-06-20
875f1f1ab41943e80c5b482b8bc72dbf,,0,8,0,0,0,Justyn-Henry Malloy,2026-06-20
2437605138c6f4c59d1e5f5dafe8245a,,0,8,0,0,0,Ronan Kopp,2026-06-20
69d8b4bab8af0a1f3294885c9d587fa8,,0,25,0,0,0,Kodai Senga,2026-06-20
5ffedcec0dc09e3989f8cb0721fdad99,,0,445,0,0,0,Munetaka Murakami,2026-06-20
b665dbde88b67544d5c57a3c6a54bdc2,,0,125,0,0,0,Cade Horton,2026-06-20
174004bd12cc2d89f70c5ef5138e1e59,,0,20,0,0,0,Sterlin Thompson,2026-06-20
77d6572e68358bea7abf7961d8b88de3,,0,35,0,0,0,Sal Stewart,2026-06-20
106d4af935ccb0bdf8ec39b348bc771f,,0,37,0,0,0,Dalton Rushing,2026-06-20
923335b3a1dfad391b80204a298542f1,,0,48,0,0,0,Connor Prielipp,2026-06-20
5451cf8b33e3895bc038ac427478d907,,0,424,0,0,0,Zach Neto,2026-06-20
3c8df51601de2d820cb755831c30a342,,0,91,0,0,0,Parker Messick,2026-06-20
18aca6bc2811b6ef10e4becae83dff0c,,0,7,0,0,0,Adam Mazur,2026-06-20
74bb7c05b8dc37d29a422fabf52a2a5c,,0,26,0,0,0,Brycen Mautz,2026-06-20
31efb6f8788844c7041c6210e56724cb,,0,13,0,0,0,Tyler Locklear,2026-06-20
99a1ee5bb568f574ff5183c81be3944e,,0,90,0,0,0,Brooks Lee,2026-06-20
14d8c15123978842b072130bfe1bd78f,,0,19,0,0,0,Jace Jung,2026-06-20
651fed5977ca5add1433545fabaff6d9,,0,33,0,0,0,Spencer Jones,2026-06-20
8b03b664324b137f80e19dbd82fb2b98,,0,189,0,0,0,Jeremiah Estrada,2026-06-20
63eb03aa6eb04a47299ba64a704e2767,,0,50,0,0,0,Jackson Holliday,2026-06-20
c848005dc91d26266a939d92735da934,,0,24,0,0,0,Cooper Hjerpe,2026-06-20
68223c56e66991bc927bc8bacd577042,,0,56,0,0,0,Drew Gilbert,2026-06-20
2f1c2e2dcf02e5232672345352551c01,,0,44,0,0,0,Chase DeLauter,2026-06-20
ac451b50cf7a92f62e551c348b7f3d17,,0,17,0,0,0,Jake Bennett,2026-06-20
ac5896d3a8a33baef1c69dedd8f9038f,,0,46,0,0,0,Jordan Beck,2026-06-20
3e9fa7ec4b48c474cf2debd969f5808b,,0,50,0,0,0,Dylan Beavers,2026-06-20
a8d35af26ce4abd76121839fca330c4b,,0,37,0,0,0,Hunter Barco,2026-06-20
a7c4234089e59fbac41ddabdb9a4e020,,0,7,0,0,0,J.P. France,2026-06-20
4e63c14327a688cfa92bd9735027cf96,,0,135,0,0,0,Fernando Cruz,2026-06-20
60a8242e22d5cebc183642498cbcc7f7,,0,28,0,0,0,Andrew Saalfrank,2026-06-20
c785b1fff841c0b82dd5d8a01d86ef53,,0,7,0,0,0,Ty Adcock,2026-06-20
827723b522a5d03d9a33310d6df7fec6,,0,19,0,0,0,Deyvison De Los Santos,2026-06-20
2ab3c36bc51cf085ba0be75be3e3bcc7,,0,56,0,0,0,Brennan Bernardino,2026-06-20
7960e1bd572f75a0eb7c8d98e132e171,,0,34,0,0,0,Justin Slaten,2026-06-20
c55ee23d915bc2500057dcb3952ec285,,0,40,0,0,0,Tim Herrin,2026-06-20
0b99a7b7613349c7b8845c06eef4253d,,0,39,0,0,0,Hunter Gaddis,2026-06-20
c70421a731f543c08333866392373a1b,,0,7,0,0,0,Marc Church,2026-06-20
3411c13cbf607bee956a43563c8ae3bf,,0,145,0,0,0,Wilyer Abreu,2026-06-20
4444321b0f9cbbfd488f835bf1d74752,,0,23,0,0,0,Yosver Zulueta,2026-06-20
372ba0c33285026f34510e77410b2a4a,,0,25,0,0,0,Brett Wisely,2026-06-20
ad5f38e76ff1e4db0e2daaf008820919,,0,40,0,0,0,Jared Triolo,2026-06-20
aaddb492118e0801fabcf9f553e26440,,0,24,0,0,0,Paxton Schultz,2026-06-20
89bc7d3e9d62f0d8a4d4a45759b645ea,,0,16,0,0,0,Brandon Eisert,2026-06-20
751ce64bb946fef40f372be34f08861b,,0,31,0,0,0,Cam Sanders,2026-06-20
649a3832d5d20dffdbd92841656dc6f1,,0,11,0,0,0,Mitch Spence,2026-06-20
d621253a50c54b5bfcdee59e3f8dd851,,0,33,0,0,0,Edouard Julien,2026-06-20
870791f1cdfa4f05c97121862c38bb2f,,0,28,0,0,0,Bryan Hoeing,2026-06-20
f1a469b9b59a8bc310a96b6f64482798,,0,44,0,0,0,Michael Helman,2026-06-20
1b5ef31143f2b9d36a931cd27c9b64e5,,0,40,0,0,0,Nate Eaton,2026-06-20
363f35d57e1ab1ca9b66f3f264f067c3,,0,41,0,0,0,Daniel Schneemann,2026-06-20
607de3c2ebca43fdebefd7c8c8fcb0fb,,0,37,0,0,0,Dane Myers,2026-06-20
5d9b9b5eaeade7e165b0a2860fc0da3b,,0,33,0,0,0,Isaac Collins,2026-06-20
ab7be3366d7c6386894917545e7cd9dd,,0,99,0,0,0,Kerry Carpenter,2026-06-20
8d712a98de3e239901d6ea24ec2cbfb9,,0,43,0,0,0,Brandon Young,2026-06-20
42e021ddd6cb6a1d050860bf2d3b4588,,0,17,0,0,0,Nick Sogard,2026-06-20
a8459ba0e13d6ea572faf37eb96adc82,,0,49,0,0,0,Kevin Kelly,2026-06-20
fc05052e5cb8669dd92a72b1a36dc281,,0,47,0,0,0,Christian Koss,2026-06-20
050c7c00c837ad5cb6c5be1c8bb00a9d,,0,40,0,0,0,Michael Kelly,2026-06-20
7dd7a60e64376bc9b91ea69269900c83,,0,33,0,0,0,Jared Koenig,2026-06-20
907e5d6d56553551250f3ce7c812c6bb,,0,31,0,0,0,José Fermín,2026-06-20
3d2f43311977f47489a684c985e21091,,0,41,0,0,0,Chase Silseth,2026-06-20
e9f4b5c48238a7f30fbbbaaf95a323a2,,0,650,0,0,0,Davis Martin,2026-06-20
7832bc795e385fd0641590b81d315a7f,,0,5,0,0,0,Jorge Barrosa,2026-06-20
0231dd33516be08bb127ed94c79be264,,0,600,0,0,0,Robert Suarez,2026-06-20
b1bf3e4732e7db920954470432c0f304,,0,21,0,0,0,Andrés Chaparro,2026-06-20
0dc4f4eb03e18261a9470b4fab7aebe0,,0,55,0,0,0,Pedro Pagés,2026-06-20
22a9ed18cce02011142a5a09b659e651,,0,35,0,0,0,Hunter Stratton,2026-06-20
6c2275f3097d9b761a31dbb0af2137aa,,0,34,0,0,0,Evan Sisk,2026-06-20
2767a026c7b91903c4165ec2f37b5db8,,0,7,0,0,0,Daniel Robert,2026-06-20
a47506b07b815af5640742c3a43b6adc,,0,25,0,0,0,Tyler Fitzgerald,2026-06-20
c20c5701e0388c288a9bb5a17d3908d5,,0,7,0,0,0,David Villar,2026-06-20
84ebe29d8c07eb6aa1e161f056cc3fdd,,0,33,0,0,0,Ryan Ward,2026-06-20
b8051f4ff1c86cd87f00bbb3249af2aa,,0,20,0,0,0,Hunter Feduccia,2026-06-20
58e8e9e032bde3098c75e39b06941c5b,,0,45,0,0,0,Jonny DeLuca,2026-06-20
15f252096eb8efd2e1ac7522602dedba,,0,32,0,0,0,Jake Bird,2026-06-20
9850ec1a613e85945c270ed05bfcdebf,,0,28,0,0,0,Andrew Nardi,2026-06-20
9249567a6dc1c6501a0f6f589c071899,,0,48,0,0,0,Troy Johnston,2026-06-20
aa079cb1dba35505f8b2adb11ead62b7,,0,7,0,0,0,Darren Baker,2026-06-20
614446492e3e0ed8ebf70cb835640c75,,0,7,0,0,0,Enmanuel Valdez,2026-06-20
a44d75aa42193b2a168fd085aadc1e97,,0,7,0,0,0,César Salazar,2026-06-20
855c010e110d475c891efa3b115090d5,,0,152,0,0,0,Randy Rodriguez,2026-06-20
f071f6417c6efb5b10058ea857efbfaf,,0,15,0,0,0,Blaine Crim,2026-06-20
84f4eee1e4f6fdaf3d1582457f3a3cc1,,0,8,0,0,0,Max Schuemann,2026-06-20
c7ec0ca2dc5fa750175901c0c68e7afa,,0,9,0,0,0,Brett Harris,2026-06-20
ab607beefb01d8ec5e7e2a838a3a41bd,,0,38,0,0,0,Luis Curvelo,2026-06-20
fce95c28b1f1d3317847e9631bce9e59,,0,7,0,0,0,Garrett Acton,2026-06-20
c72cee6c4a564c6545248179d6150112,,0,35,0,0,0,Davis Schneider,2026-06-20
e49f60d43d8112a9abd73ad2b4ab9218,,0,39,0,0,0,Spencer Horwitz,2026-06-20
1e59c56355016dfc80413d403a9a57a9,,0,7,0,0,0,Steward Berroa,2026-06-20
2e39bb272f24994300e7982c8764ea94,,0,90,0,0,0,Justin Sterner,2026-06-20
767fcb669a49a577a5c2f7ec7444bf85,,0,28,0,0,0,Joel Peguero,2026-06-20
be2c9eebab5b41fa08c9e118d25b7e4e,,0,7,0,0,0,Jayden Murray,2026-06-20
546f65e93b487cf4c8b6c230f619e8d2,,0,35,0,0,0,JP Sears,2026-06-20
f4d709e89042d12b94be4aa76ee67ec9,,0,20,0,0,0,Ricky Tiedemann,2026-06-20
e41a5e562c5bfb0f318c49e7fde903da,,0,23,0,0,0,Ethan Roberts,2026-06-20
f7d4bedb83145ff385c3d84ec858a8af,,0,33,0,0,0,Ron Marinaccio,2026-06-20
7b9ddc4e5f5cfe04d8121239feb81ed8,,0,91,0,0,0,Steven Kwan,2026-06-20
cbe3a303e631066b82d52b29b20eb0a2,,0,960,0,0,0,Maikel Garcia,2026-06-20
a0a19674d27d4d66c6b4d0d4df307b0a,,0,53,0,0,0,Calvin Faucher,2026-06-20
c5a3dce4fa2f882b39641b50cced7e30,,0,147,0,0,0,Felix Bautista,2026-06-20
c0292ef4fe9bd33c83c0aa338ce5d841,,0,10,0,0,0,John Rave,2026-06-20
984320657f4c02079e592d25f9e56ccb,,0,7,0,0,0,Justin Hagenman,2026-06-20
11a00f54bb0ade50d48b0b745cfe5202,,0,38,0,0,0,Kody Funderburk,2026-06-20
03076d23b60c348873072ce3e3106499,,0,8,0,0,0,Clay Dungan,2026-06-20
c8943222aceadb801163a7db406fd5eb,,0,55,0,0,0,Yennier Cano,2026-06-20
b556396a482d59ce450c4210fde88a28,,0,93,0,0,0,Bryce Miller,2026-06-20
77da79ea01954f66ae727f49f59d6325,,0,60,0,0,0,Tekoah Roby,2026-06-20
2781a4833d9c5910769491d6196f37c4,,0,30,0,0,0,Mitchell Parker,2026-06-20
339de5af635fc8ff82daf71a12658fd3,,0,43,0,0,0,Daylen Lile,2026-06-20
d9dbc0879b8e15fcd4e79fc13a3cb426,,0,28,0,0,0,Cody Bradford,2026-06-20
fc14867ab47d215792c6d61b3e149639,,0,37,0,0,0,Tobias Myers,2026-06-20
90d3f4d242011704bba15e801d31b990,,0,46,0,0,0,Curtis Mead,2026-06-20
9d15e7dd4a083668adf7a0fcd8cd265b,,0,36,0,0,0,Kyle Manzardo,2026-06-20
dd8425be400ba1e377f2fb1337e7fbda,,0,35,0,0,0,Jacob Lopez,2026-06-20
1103a5d1c8d8748cc118631619997197,,0,7,0,0,0,Prelander Berroa,2026-06-20
7c605df76fed0156c2db3d07a131ba8c,,0,17,0,0,0,Matt Waldron,2026-06-20
4cd2f73969c465260f658bbbefc6c6fa,,0,45,0,0,0,Brandon Valenzuela,2026-06-20
89a89c6e7d1f895d4491b2dde442f373,,0,7,0,0,0,Jack Suwinski,2026-06-20
25b99b46528a3d3ba6e526011b57449d,,0,39,0,0,0,Lawrence Butler,2026-06-20
c1285bd75263dc82c25d0387b662720d,,0,7,0,0,0,Victor Lizarraga,2026-06-20
8f3a6bbd35150cc463e05a1bcb59d4ea,,0,40,0,0,0,Robert Gasser,2026-06-20
2673d2c7614f8e731ad4d251e9003326,,0,62,0,0,0,Bubba Chandler,2026-06-20
2c25d3b616fd5daaa0d7b5bb861212d3,,0,10,0,0,0,Edwin Arroyo,2026-06-20
1fbdae0323316028779ea7776d96706a,,0,28,0,0,0,Hayden Wesneski,2026-06-20
b9def6177f531749e3eb494a2f9c802f,,0,7,0,0,0,Ken Waldichuk,2026-06-20
d895c50079453b59f10916211b1c5ec7,,0,32,0,0,0,Randy Vásquez,2026-06-20
1a789143b82d9f2aab626500bbddf373,,0,21,0,0,0,Grant Holman,2026-06-20
43ec0ae76a32951e881ed9006ee9148b,,0,35,0,0,0,Zack Gelof,2026-06-20
df5d1d3460296eda7f136779c73ef666,,0,26,0,0,0,Denzel Clarke,2026-06-20
674b483bbf57d028696e44932defd442,,0,30,0,0,0,Oswaldo Cabrera,2026-06-20
0b272453958f1be8fe941bc7b7ce4d70,,0,9,0,0,0,James Outman,2026-06-20
20dab4ff4e0ff7e4b65fc0a84b3c38d0,,0,9,0,0,0,Brendan Beck,2026-06-20
33ab746ef8f370eae11a3750245b7001,,0,448,0,0,0,Louis Varland,2026-06-20
eaa378e49dfc68f55404c7a2246efbec,,0,98,0,0,0,Abner Uribe,2026-06-20
732662c10a8a661e561dfc304461ce7a,,0,152,0,0,0,Spencer Steer,2026-06-20
bff88649b2997d27e12a287bf3352ebf,,0,14,0,0,0,Hayden Senger,2026-06-20
8584ea9217e7b42647242bada244c29e,,0,35,0,0,0,Christian Scott,2026-06-20
f8d2a3bef3a337bd7e373dda14d97d64,,0,23,0,0,0,Eric Orze,2026-06-20
4cdf02f3254c6c24b336d113ea3785e1,,0,40,0,0,0,Logan Henderson,2026-06-20
c00ee324eb592491104add2a49780ca1,,0,7,0,0,0,Dom Hamel,2026-06-20
a48d1f88c8987e5df2c5919f3aace0aa,,0,670,0,0,0,Seiya Suzuki,2026-06-20
374338dcb2cca0347610a1fe48f699f8,,0,24,0,0,0,Jorbit Vivas,2026-06-20
884e26615b88fef0b391b7345fc40af5,,0,19,0,0,0,Edgar Quero,2026-06-20
a6a73b41a9a2f24de277e1647cc5f31b,,0,46,0,0,0,Richie Palacios,2026-06-20
9fc099733f8ae98f8a03c82903b10bcf,,0,7,0,0,0,Davis Daniel,2026-06-20
e60ff0a44ffe74217a9bf493aa9c0125,,0,7,0,0,0,Ky Bush,2026-06-20
86eb7145302a8c64a3bd3bcd7e914f9d,,0,32,0,0,0,Vinnie Pasquantino,2026-06-20
bf0f2616d74a61d4d638e40cc4e06b6b,,0,80,0,0,0,Reese Olson,2026-06-20
5d43364ed3cb0488d3ed5828257433bf,,0,7,0,0,0,Chayce McDermott,2026-06-20
129445b683da5e719086a8a23d5a8e08,,0,35,0,0,0,Michael Massey,2026-06-20
c212056a482709db670ad54f1bf20b1b,,0,10,0,0,0,Ben Kudrna,2026-06-20
e32ba364f167eb5dd4e5ae50922bd388,,0,32,0,0,0,Will Klein,2026-06-20
a8a39756c9bc6b1400602c12f0f7f0ec,,0,39,0,0,0,Carter Jensen,2026-06-20
8ff8c77b8e45721afcaaa4460dcf4260,,0,427,0,0,0,Yainer Diaz,2026-06-20
023e4ec2879390d3f7c3f3ba84182409,,0,17,0,0,0,Beau Brieske,2026-06-20
117539e22a1a0d4b4e51661789ab4556,,0,26,0,0,0,Christian Franklin,2026-06-20
8b988e0a4789394db15485df0dcacced,,0,7,0,0,0,Doug Nikhazy,2026-06-20
db756f952bb3448739b3b920f12ee827,,0,45,0,0,0,Jaden Hill,2026-06-20
8d43736e059f135ffec7a8896370acb4,,0,1333,0,0,0,Elly De La Cruz,2026-06-20
dcaa58e28439af6afab161bc0afaf864,,0,7,0,0,0,Xzavion Curry,2026-06-20
af1302eaf8b9a5390949dbe5856d9d92,,0,7,0,0,0,McCade Brown,2026-06-20
09e6eea997cfe8bfff037869bc4759dd,,0,25,0,0,0,Will Brennan,2026-06-20
6c66804014e902f4bf40b9ac33a97b3f,,0,41,0,0,0,Andrew Abbott,2026-06-20
3c91dc11177a8027942be54920be1e1c,,0,28,0,0,0,Brandon Walter,2026-06-20
e7edff35a8aefee34480edabea5672ff,,0,24,0,0,0,James Triantos,2026-06-20
02ac74caf818af0f27587dbde29edfe2,,0,7,0,0,0,Cristian Mena,2026-06-20
fa4aba74dc65546f886a53c2849a8a61,,0,32,0,0,0,Tanner McDougal,2026-06-20
8f5c5485f7fff6246cf4b5d6cdbbf418,,0,45,0,0,0,Wikelman González,2026-06-20
dbaf52c4e1ed94d6c768d532e6444b6f,,0,447,0,0,0,James Wood,2026-06-20
dd969f0c5238edf32ea67bdab398d089,,0,102,0,0,0,Sean Burke,2026-06-20
9d87937dc7dfe3118381eea3227cca03,,0,8,0,0,0,Reed Trimble,2026-06-20
a431f04c5707596762722642abd4693e,,0,28,0,0,0,AJ Smith-Shawver,2026-06-20
734e2e393152af7120bdf75d62083343,,0,625,0,0,0,Spencer Schwellenbach,2026-06-20
1c399b3dcda144948b5307e161c87131,,0,46,0,0,0,Joey Ortiz,2026-06-20
67e688ccacc457bfa7df6d8cb64c656b,,0,33,0,0,0,Connor Norby,2026-06-20
fcea3083e99881f9e5b77093ba48ba88,,0,10,0,0,0,Darell Hernaiz,2026-06-20
1ab2ba81a65d0f0897d3689b1de3192c,,0,11,0,0,0,Joey Estes,2026-06-20
676504cfbd998de61b0a986ecc8f3d70,,0,36,0,0,0,Dylan Dodd,2026-06-20
a266cd8ba44c35c6041e83e443d2a711,,0,12,0,0,0,Adrian Del Castillo,2026-06-20
cc801f27cf8d447fe11a75b6661882ff,,0,14,0,0,0,Ryan Bliss,2026-06-20
1764dc2bf73a10aa163297f2a88cb752,,0,95,0,0,0,Jack Leiter,2026-06-20
9933ab4227edf9a224a0871a57e1a281,,0,427,0,0,0,Gavin Williams,2026-06-20
113e923f37102c69ed6d308556427893,,0,14,0,0,0,Carson Williams,2026-06-20
714d1cb96e1c8f74540352123e159e01,,0,27,0,0,0,Jordan Wicks,2026-06-20
74920364aff89ae6f87b390ce6ed59f1,,0,11,0,0,0,Kahlil Watson,2026-06-20
5a3ad543fdc8a7b69d992c83f84b7108,,0,7,0,0,0,Trey Sweeney,2026-06-20
31597159e4418a3956b4e7436b81325f,,0,34,0,0,0,Andrew Painter,2026-06-20
5a2a94c2e12972c2cbe3c904b08ee35c,,0,21,0,0,0,Max Muncy,2026-06-20
4fb1eb9a7cd7ab573f57b46f57776728,,0,150,0,0,0,Colson Montgomery,2026-06-20
496a1d73b2969e061fe41ea00d627f1c,,0,100,0,0,0,Michael McGreevy,2026-06-20
de5537dc97c09ffe9b76d0625df40106,,0,36,0,0,0,Marcelo Mayer,2026-06-20
fabf0d56bb262d0e7c0a5c908c083b7f,,0,37,0,0,0,Ty Madden,2026-06-20
971d40df8894ce96de16d28f5216e82d,,0,26,0,0,0,Joe Mack,2026-06-20
0d5cf03b2f300a69d9463e756f24c7b3,,0,7,0,0,0,Ryan Weiss,2026-06-20
4814e561008b473b5f741858d2ca553c,,0,15,0,0,0,Jordan Lawlar,2026-06-20
12206f5d3710138c73f197c685993eca,,0,28,0,0,0,Jackson Jobe,2026-06-20
98320347a914ea64d21844c1fddfacb9,,0,54,0,0,0,Brady House,2026-06-20
0449bf71f3d5df8a96d20b5378fb7c05,,0,27,0,0,0,Gunnar Hoglund,2026-06-20
22966936e0c8b00cbd3954e176b84cfb,,0,98,0,0,0,Sal Frelick,2026-06-20
0bfe169731fc7e77feb32768f71108d9,,0,50,0,0,0,Harry Ford,2026-06-20
de598d14089193f7b7fa3ee45e653df6,,0,11,0,0,0,Henry Davis,2026-06-20
e383021e40cd708989e857c61e7e74f0,,0,96,0,0,0,Colton Cowser,2026-06-20
377672ee44f136f4ecca8f9d81363251,,0,13,0,0,0,Tyler Black,2026-06-20
e2ee56ed7c684759140cd9671cf3e734,,0,43,0,0,0,Joshua Báez,2026-06-20
f720062320f5ac165efb4700cbcbcf81,,0,35,0,0,0,Sam Bachman,2026-06-20
7e8394b93dd8fcfabc23ed23e1fad0d1,,0,85,0,0,0,Cole Ragans,2026-06-20
b2e6a3fd82f48fd558f9a1304ae1f5f9,,0,42,0,0,0,Tyler Holton,2026-06-20
5c05993c5a039551fda8744b189c30fc,,0,53,0,0,0,Matt Gage,2026-06-20
1ac8dede3aeaa0d16ee905eab428bbd5,,0,37,0,0,0,Dominic Canzone,2026-06-20
9362d8e2f391209fd9b3e4c3c007f105,,0,177,0,0,0,Matt Brash,2026-06-20
01257af91c962e2697d9701a05d0afdd,,0,37,0,0,0,Nick Fortes,2026-06-20
a84c1a0514c22715cc968739482ce189,,0,8,0,0,0,Jhonathan Díaz,2026-06-20
eb3039a07d24c603858fe25273cb92a2,,0,50,0,0,0,Janson Junk,2026-06-20
cad785ee081cd832ecc66c8eefe0dd9f,,0,27,0,0,0,Romy Gonzalez,2026-06-20
8e6150fc3088a10351d7db63d3a115df,,0,11,0,0,0,Cooper Criswell,2026-06-20
1ca7ebb4a7cc9af2e539ced15811c7fb,,0,95,0,0,0,Jacob Latz,2026-06-20
7b4984e73c824a590e6550f2d40338cd,,0,57,0,0,0,Yohel Pozo,2026-06-20
2eb166aae2a29fbb14dcf584befb0036,,0,32,0,0,0,Justin Bruihl,2026-06-20
b9fa85dba99be02e1b6cc3a406c976d8,,0,8,0,0,0,Pedro León,2026-06-20
ad75b4f78c334f66d1056fcbf66ebf9f,,0,28,0,0,0,Willie MacIver,2026-06-20
5255ced02cd8ba2a95b9ecc0a881e02e,,0,27,0,0,0,Angel Zerpa,2026-06-20
f545a7adceabe2014c71d554c40776ee,,0,59,0,0,0,Joey Wiemer,2026-06-20
e195483388f5773ad8548fc6576c4901,,0,7,0,0,0,Shay Whitcomb,2026-06-20
64350d032f0f2baaec0962e16c8e98b7,,0,48,0,0,0,Ian Seymour,2026-06-20
e61607b7ad4d4231ae9e25f8aa1b691e,,0,7,0,0,0,Matt Sauer,2026-06-20
7148a50d743cd5c078809cd225ec0060,,0,34,0,0,0,Marco Raya,2026-06-20
dad1a4f226c1ad8c6ea3b0a321985456,,0,994,0,0,0,Ceddanne Rafaela,2026-06-20
aa448a21299e6e41b915f25e896cbdce,,0,49,0,0,0,Logan O'Hoppe,2026-06-20
700b336e620fbe4ef0c48546340c4853,,0,14,0,0,0,Luis Mey,2026-06-20
52bcec9abedd7cdc96a869448c5780b7,,0,100,0,0,0,Jake Mangum,2026-06-20
31274c6fab54b086d2feb8d301ced03a,,0,133,0,0,0,Miguel Vargas,2026-06-20
c3f5f8749d5cd9dc39ff66d01471050a,,0,7,0,0,0,Bailey Horn,2026-06-20
187c2c2ea59f52acfc7d8c42beba8987,,0,39,0,0,0,David Hamilton,2026-06-20
2263797a0db5455b5f7a425d3b81e4ae,,0,15,0,0,0,Jonatan Clase,2026-06-20
0d6217efe030640e846a96e5648b8062,,0,26,0,0,0,Graham Ashcraft,2026-06-20
3b9720d50dcc1dcdb12ae9e6f44679f2,,0,39,0,0,0,Ryan Zeferjahn,2026-06-20
37ab405d10f55709c4d6fd732fb7baf0,,0,26,0,0,0,Freddy Zamora,2026-06-20
2df1571049936ad74ba8d7b731ddc644,,0,38,0,0,0,Nick Yorke,2026-06-20
1d7bea42cceb0984f059695f69f3156f,,0,96,0,0,0,Masyn Winn,2026-06-20
4c7d3491007c463551d2196ca8f4d782,,0,13,0,0,0,Cole Wilcox,2026-06-20
b3f2b18d0f9bd13460d354b97a4b7ba5,,0,448,0,0,0,Jordan Westburg,2026-06-20
ddcefc43e36ebe4a1bd352c69c4569f4,,0,30,0,0,0,Austin Wells,2026-06-20
fdff97783b9db3b8264cae48b2fd8a25,,0,275,0,0,0,Jordan Walker,2026-06-20
d4c57bcb361ac34bea6f696cc470f672,,0,25,0,0,0,Eguy Rosario,2026-06-20
1178a77abce72382f33e39d67ba304db,,0,25,0,0,0,George Valera,2026-06-20
bb4db2335d9d210198179081822a324e,,0,59,0,0,0,Ezequiel Tovar,2026-06-20
d22deb4bb47c333376a17250e25a3f72,,0,7,0,0,0,Mason Thompson,2026-06-20
9f16d139f17a23815f69608f4daa7734,,0,37,0,0,0,Kai-Wei Teng,2026-06-20
469e9edf1a34ee059a2af4f414049770,,0,55,0,0,0,José Tena,2026-06-20
4d9c92b0bd29ae56bdbb7b05be5729b0,,0,142,0,0,0,Spencer Strider,2026-06-20
706f65d0362648177d6a242a655d4ad5,,0,38,0,0,0,Lenyn Sosa,2026-06-20
f4b02f159a72784c2cb0efc66bf64bcb,,0,144,0,0,0,José Soriano,2026-06-20
62ae1f1510d2b6a3e7c2cb32db4fa267,,0,40,0,0,0,Josh Smith,2026-06-20
e5077774cd6ce6a4a751694a613ca166,,0,158,0,0,0,Casey Schmitt,2026-06-20
530d552605f53d2f2e9d3f04d271e5dd,,0,42,0,0,0,Esteury Ruiz,2026-06-20
d847ac6cbc7b40dad2ed8ab77f3b8593,,0,44,0,0,0,Nasim Nuñez,2026-06-20
c8b57784dafe7c0c3ac3af7f6d77da4a,,0,15,0,0,0,Endy Rodríguez,2026-06-20
3d92eec9733c0d5c042d66aa05f94baf,,0,50,0,0,0,Emmanuel Rodriguez,2026-06-20
7c869d6b42d510254910688e8bce54df,,0,8,0,0,0,Bryan Ramos,2026-06-20
60f16e05fd684adb97c6e78f88d429a2,,0,14,0,0,0,Jeferson Quero,2026-06-20
34eb027174639f3ab7c98f8160746fe3,,0,47,0,0,0,Connor Phillips,2026-06-20
1ad4300e5a6788b9f2f0b7016f1f9bdf,,0,32,0,0,0,Wenceel Pérez,2026-06-20
fb9c1202cb2baf7b6d5c4fc611a633b6,,0,44,0,0,0,Oswald Peraza,2026-06-20
f01d4724539ae0011f4807a0d9966b6f,,0,80,0,0,0,Ryan Pepiot,2026-06-20
6dd60e97c6b6819143653449ed06e28f,,0,48,0,0,0,Andre Pallante,2026-06-20
28f604e21ac1964af3f09ed7ce811a6c,,0,4169,0,0,0,Andy Pages,2026-06-20
42b15f103a468e025392940424ccc95c,,0,7,0,0,0,Michel Otañez,2026-06-20
7b89600ad222e7facbbd4d6020ca3dfc,,0,11,0,0,0,Robinson Ortiz,2026-06-20
ce9545821f2a79785b87309e196b9884,,0,28,0,0,0,Justin Martinez,2026-06-20
6c7e77aa34dbc2615f785b3c30f57eb1,,0,28,0,0,0,Dedniel Núñez,2026-06-20
9620ceac92f61f6b8b329fce3e5b7695,,0,44,0,0,0,Kyle Nicolas,2026-06-20
739f1b59bdf187170adc22311ec034e6,,0,26,0,0,0,Chris Murphy,2026-06-20
1d8f32bc2158c838dd2de1efad4ae032,,0,52,0,0,0,Carmen Mlodzinski,2026-06-20
cc397b51e321c5397844de90027c7f2f,,0,26,0,0,0,Bobby Miller,2026-06-20
149dd5b8c6b46a541b030574578dba28,,0,25,0,0,0,Parker Meadows,2026-06-20
3244f487ccd1a3c9cac1cba5055c3f1b,,0,14,0,0,0,Grant McCray,2026-06-20
ef3dbd06cf8c4578bf379f6c587c6cff,,0,21,0,0,0,Zach McCambley,2026-06-20
2a6fe9f0ee337416ad86cc778ac02932,,0,7,0,0,0,James McArthur,2026-06-20
692e8e08c5d5ff670931f521c75e4e12,,0,41,0,0,0,Coby Mayo,2026-06-20
008fc5bfc976c3175d375559960d5719,,0,25,0,0,0,Luis Matos,2026-06-20
950cd2bcb5667473dc19571609980b6a,,0,51,0,0,0,Gavin Hollowell,2026-06-20
4d8c919eae55df9125b3797ef650690d,,0,35,0,0,0,Angel Martinez,2026-06-20
95b730d6139a4b0c8cb54a292055338e,,0,28,0,0,0,Alec Marsh,2026-06-20
05ec40f33462677d23d5708305071814,,0,9,0,0,0,Matthew Lugo,2026-06-20
e530c3a13283bf920f787fc1e86d533c,,0,1002,0,0,0,Otto Lopez,2026-06-20
8878a5e4496b9a9d1a6488b5387829d1,,0,40,0,0,0,Nick Loftin,2026-06-20
2e6763d00ad08496505cc59d5d994806,,0,46,0,0,0,Brandon Lockridge,2026-06-20
2fd2ebe57fa5ca66160bccb2a5bc2c74,,0,44,0,0,0,Brendon Little,2026-06-20
73704f85e3dd96e8a21fe1bf8f9b9a7f,,0,8,0,0,0,Max Lazar,2026-06-20
4cf00fbb034045a171cc4626f2047968,,0,7,0,0,0,Andry Lara,2026-06-20
c390cf8c7dd7f681ae459b9a3671bc20,,0,26,0,0,0,Jack Kochanowicz,2026-06-20
ca0517f8e5416335d0825597c01651d6,,0,28,0,0,0,Landon Knack,2026-06-20
76c4c700125c732029144b4d9c8bcea1,,0,41,0,0,0,Colt Keith,2026-06-20
a4724f56c0020fcf4f05c174856dbbff,,0,7,0,0,0,Lucas Gilbreath,2026-06-20
ad3e1e321e0b57e856aecb0c9f1a8e2c,,0,27,0,0,0,DJ Herz,2026-06-20
102ebfdb99480cf99f4b20f2dd27c662,,0,25,0,0,0,Heriberto Hernández,2026-06-20
47af444f0b13fa599a1e5a2c3ad1eb67,,0,51,0,0,0,Cole Henry,2026-06-20
ea695c0f60fa0717377056c14b76f540,,0,131,0,0,0,Ronny Henriquez,2026-06-20
8563a920b3c21900ccba89902e9ea028,,0,19,0,0,0,Tink Hence,2026-06-20
5501ab052ebd5722b470fa682618d59d,,0,7,0,0,0,Jagger Haynes,2026-06-20
4ae1b2107e3a61502ba21b4a3737f4fc,,0,283,0,0,0,Kyle Harrison,2026-06-20
80e7083d06ec6f2df0f8787210d63a7c,,0,1659,0,0,0,Michael Harris II,2026-06-20
7199bb758b257d1e7159ad66cecbbe4f,,0,25,0,0,0,Brenan Hanifee,2026-06-20
6a7865ac19f277ca5b90cbf82a6f045a,,0,12,0,0,0,Petey Halpin,2026-06-20
7c1be1c133b6e3d1647470fde338aeb9,,0,140,0,0,0,J.T. Ginn,2026-06-20
8471e9000c444baf95fbcc8b94f2af23,,0,16,0,0,0,Jose Corniell,2026-06-20
a8e48d32d24c1e71e95325358e160a1d,,0,9,0,0,0,Justin Foscue,2026-06-20
b0f815bc0dbc699824cbe43e0865dc89,,0,49,0,0,0,Ryan Feltner,2026-06-20
e66f8da19c68495961de15a2d82dda89,,0,89,0,0,0,Bryce Elder,2026-06-20
c22ab34e261661c6d90e031f26f399b2,,0,11,0,0,0,Jake Eder,2026-06-20
c5ebb65176f62585826f5cf08cfb8fa0,,0,36,0,0,0,Ezequiel Duran,2026-06-20
ca481aae799e455177868b1fb36d6775,,0,99,0,0,0,Brenton Doyle,2026-06-20
bb1d06380fd1362222d765a2782b66d3,,0,28,0,0,0,Camilo Doval,2026-06-20
4f9b08e25864ee526c4bb188bd0dafcd,,0,8,0,0,0,Zach DeLoach,2026-06-20
2b07c5bf9a079e04162666f4426aebd0,,0,11,0,0,0,Trei Cruz,2026-06-20
7b56ce7c39ffbcfbe93897adc42bd130,,0,3342,0,0,0,Pete Crow-Armstrong,2026-06-20
fffd1cc6259d03cff1c7e2cd74d0ca9c,,0,19,0,0,0,Jeff Criswell,2026-06-20
f9528a75898801a9751932cbd77b3b5b,,0,33,0,0,0,Carlos Cortes,2026-06-20
385a2e38e6ad0ff0f9055565db255e00,,0,53,0,0,0,Clayton Beeter,2026-06-20
2722143a11698ce6da425789bdc4d840,,0,30,0,0,0,Slade Cecconi,2026-06-20
64a5ebcc3bdcca515d7588d903e9add4,,0,40,0,0,0,Cade Cavalli,2026-06-20
c3e9f1c2eb00dfe35366fe23ea781961,,0,40,0,0,0,Evan Carter,2026-06-20
0c282683a259277111ee48c6f3df736d,,0,15,0,0,0,Owen Caissie,2026-06-20
e424425ddd79b70dbfa2e4f0c4b04824,,0,27,0,0,0,José Buttó,2026-06-20
33542ccf435f07107fe274a503b8aa53,,0,32,0,0,0,Mike Burrows,2026-06-20
f82547a84fd9889dfe639979b0d7c183,,0,3341,0,0,0,Hunter Brown,2026-06-20
f59e66ec9d93de41f80405fbf0f3f4a4,,0,127,0,0,0,Taj Bradley,2026-06-20
5c99fc158360474c381435d3559e99b4,,0,45,0,0,0,Joe Boyle,2026-06-20
7f0a416646f3fdc82189675fabdad0eb,,0,37,0,0,0,Jonathan Bowlan,2026-06-20
711618c6f57d660450ea73d7ff98afe3,,0,40,0,0,0,Brayan Bello,2026-06-20
3936b143c3bb950536495b1d02ff54f9,,0,28,0,0,0,Brandon Williamson,2026-06-20
90b24fa20532b191721a9ccdc33e370b,,0,44,0,0,0,Tristan Beck,2026-06-20
671b5e63febfd86c5931ed6513358294,,0,7,0,0,0,Carter Baumler,2026-06-20
d2b786ceb8fa14cf4bba0ad8c400409a,,0,24,0,0,0,Adael Amador,2026-06-20
2c8cf5b67c5cbbc4fec9a97823fc8604,,0,34,0,0,0,Logan Allen,2026-06-20
9d778766413d4f7e029b5fd98bcb302e,,0,57,0,0,0,Blaze Alexander,2026-06-20
2a70c48a8537bf9f02ef011b9a57bc17,,0,44,0,0,0,Kevin Alcántara,2026-06-20
6c868e2b026ed8ced44005e8f41b61c4,,0,40,0,0,0,Luisangel Acuña,2026-06-20
1b7d9b581cc1f7bf5b117680669d5bc0,,0,11,0,0,0,Maximo Acosta,2026-06-20
0c33c53d42787d16c7b1c23b8a4982ed,,0,7,0,0,0,Daison Acosta,2026-06-20
6939227a409340044feaa12f7361fda2,,0,41,0,0,0,Mick Abel,2026-06-20
02a83b107367aeb3864f5df61204d153,,0,50,0,0,0,Ha-Seong Kim,2026-06-20
581a806eb67f2c7cda9dc285a6cb8536,,0,4170,0,0,0,Garrett Crochet,2026-06-20
11002dc0b04df9bba4b2f545f8c25f61,,0,28,0,0,0,Alexis Díaz,2026-06-20
67ce8ae0439ea8313a8e6dc9eb92f9be,,0,27,0,0,0,Manuel Rodriguez,2026-06-20
494b87d16b3db75c41d03f9a391f09e3,,0,10,0,0,0,Alan Rangel,2026-06-20
a20046f2597a675e4d82b99630f577e0,,0,11,0,0,0,Luis Medina,2026-06-20
f0567479dd83b47a27df4b8bccca0771,,0,8,0,0,0,Kyle McCann,2026-06-20
01d3a492b101d1248e94f1e6849b8fbd,,0,1002,0,0,0,Alejandro Kirk,2026-06-20
8343d8cc7bbcff4e9158c4692b4753c9,,0,45,0,0,0,Jake Irvin,2026-06-20
3de2d3793dfac4e0edb980c730eee6c8,,0,45,0,0,0,Bryan Hudson,2026-06-20
3f9ed2f7d0388f179676275987766052,,0,94,0,0,0,Colin Holderman,2026-06-20
35a1112662be00b6af214400e5d19984,,0,39,0,0,0,Sam Hentges,2026-06-20
8ec1b12a5980c0e89aef71c71f81b72f,,0,28,0,0,0,Luis Garcia,2026-06-20
71a78e496cdafe575b7698cbf5be0be5,,0,28,0,0,0,Jason Foley,2026-06-20
c8d5b1c4a371716b7a75398b12ba9d0c,,0,94,0,0,0,Nick Gonzales,2026-06-20
3b6a1ac6ec22dbb82a5397813406b1bf,,0,10,0,0,0,Yerry de los Santos,2026-06-20
254a702c0063291f2e2be725b5bcf5c3,,0,37,0,0,0,Joey Cantillo,2026-06-20
7ddd3844db128c81ec9aa2980bd7cc63,,0,84,0,0,0,José Caballero,2026-06-20
77a512ce7835e123f20addc3095e481e,,0,55,0,0,0,Javier Assad,2026-06-20
69de97979346a2901242dd5fc897e999,,0,9,0,0,0,Nick Allen,2026-06-20
3fc3480cc7328cc172726e6626935784,,0,8,0,0,0,Jordyn Adams,2026-06-20
3eb9867e9044e2ad5d263281105bdc39,,0,41,0,0,0,Spencer Torkelson,2026-06-20
31221ab053458a6dec74dbb6fdcbed0f,,0,45,0,0,0,Garrett Mitchell,2026-06-20
3eb923b4d723538858ac9af9c27f88a9,,0,50,0,0,0,Austin Martin,2026-06-20
dceb42343ba1b297f4818fec4d0c3d24,,0,29,0,0,0,Heston Kjerstad,2026-06-20
c422e8f1094a028fa56b80407babe72a,,0,19,0,0,0,Robert Hassell III,2026-06-20
985c77490334816fcdbf40644dcacde9,,0,156,0,0,0,Emerson Hancock,2026-06-20
4ab9fde93ac1aa78ee82078f6f15d0f0,,0,7,0,0,0,Carlos Vargas,2026-06-20
d1da019ae375333d98bbfde271ffa33e,,0,109,0,0,0,Reid Detmers,2026-06-20
6ba8d74d27ef78295442496f2d857f2b,,0,29,0,0,0,Patrick Bailey,2026-06-20
27be79eb1e2f8634f1f84e0184d07f8d,,0,43,0,0,0,Cole Winn,2026-06-20
49fa8be3676d678e60243d656d6387ca,,0,7,0,0,0,Will Wilson,2026-06-20
00485b656ea0c3fe0a6ef27a887cea55,,0,605,0,0,0,Ryan Weathers,2026-06-20
346066d876f80d03c8719e42477bf012,,0,7,0,0,0,Blake Walston,2026-06-20
8516f0a2f962e54c82872b8ca94b252a,,0,37,0,0,0,Matt Wallner,2026-06-20
2cf15359038a158fcc72761140f81809,,0,30,0,0,0,Anthony Volpe,2026-06-20
2fcce6a25bfb444059567861160ba89a,,0,29,0,0,0,Victor Vodnik,2026-06-20
f6b47de361f4d47eade52d41029609dd,,0,39,0,0,0,Matt Vierling,2026-06-20
8ec4afa27895d5669c7e4f5bd10c5874,,0,30,0,0,0,Mark Vientos,2026-06-20
a57627d9ce049219681e03392103a482,,0,38,0,0,0,Everson Pereira,2026-06-20
59d71a0011e2f064993264b7bad6a83f,,0,450,0,0,0,Brice Turang,2026-06-20
e85ef8a80ac20d47e517611644f3ef3a,,0,28,0,0,0,Zack Thompson,2026-06-20
8d0432dd7486905342173168200ea467,,0,44,0,0,0,Kyle Stowers,2026-06-20
7761626eea6ad3f110390634551e371a,,0,138,0,0,0,Justin Steele,2026-06-20
3675fe0474e7202d802666cb405a3ffa,,0,17,0,0,0,Anthony Seigler,2026-06-20
8e7f20cf9cd1e3f7f13193889d47b130,,0,7,0,0,0,Jackson Rutledge,2026-06-20
e6fe3408c6203d8491a470acbf08c303,,0,104,0,0,0,Trevor Rogers,2026-06-20
56a37b9f6899b495d4541d80f06dcc48,,0,47,0,0,0,Grayson Rodriguez,2026-06-20
52916fdd3c7442de0f32c5c507e5413d,,0,31,0,0,0,Brayan Rocchio,2026-06-20
e0a391dd8c44da9e3472761e7b9b0991,,0,25,0,0,0,Quinn Priester,2026-06-20
79c04c5843766022e14e8bfcd400f9a2,,0,28,0,0,0,Konnor Pilkington,2026-06-20
bffb8f9329533d408e886b6731bbc648,,0,40,0,0,0,Michael Petersen,2026-06-20
54fb904a4fb712df218a45f74330d0d9,,0,34,0,0,0,Rafael Marchán,2026-06-20
f31502fea91eab9d92cb62698d84665d,,0,3342,0,0,0,Jeremy Peña,2026-06-20
85c779298305494d14dbb12f47fa18bd,,0,39,0,0,0,Kyren Paris,2026-06-20
00b20e677947c11a527b05d2947f2f81,,0,8,0,0,0,Tirso Ornelas,2026-06-20
132d9571e034f63590f7cd3701697c3b,,0,34,0,0,0,Bo Naylor,2026-06-20
4ebb84b08ba9d2c88bf33e6283cf0ccd,,0,446,0,0,0,Gabriel Moreno,2026-06-20
324a4e3d3b81c4ec51667c9e6d099cae,,0,18,0,0,0,Christopher Morel,2026-06-20
eab67c8b65650cb3418ac64b14a96d28,,0,37,0,0,0,Kameron Misner,2026-06-20
4c87222c1071a2bd23de5c185158ece4,,0,42,0,0,0,Erik Miller,2026-06-20
5f3b6256f1782f8c8d58136749299f14,,0,5,0,0,0,MJ Melendez,2026-06-20
8d424bd9a5fcf64fd87961547c3db614,,0,33,0,0,0,Ronny Mauricio,2026-06-20
e19d1ba1c2652764693d88a3ded8c8b2,,0,40,0,0,0,Noelvi Marte,2026-06-20
51ca5f93ee5ec700a176952294ce4972,,0,36,0,0,0,DL Hall,2026-06-20
22a74b8559343945431936049af92a80,,0,7,0,0,0,Alek Manoah,2026-06-20
149841a38a16c95d8410139657fc9def,,0,84,0,0,0,Daniel Lynch IV,2026-06-20
4c2ee4099f0d5312042b978d435ba791,,0,25,0,0,0,Korey Lee,2026-06-20
241da8ad0157174daeea6b5264bce215,,0,3774,0,0,0,Shea Langeliers,2026-06-20
87a5724aaebbc3fe4ae126c973fc5989,,0,48,0,0,0,Jeremiah Jackson,2026-06-20
ec6e486d71092ee1ca45bace55f64fc3,,0,43,0,0,0,Kyle Isbel,2026-06-20
691fbe776cf5a678138f2580d67273f8,,0,19,0,0,0,Nolan Hoffman,2026-06-20
ed3bc2b2a76e2da823424797785f248b,,0,25,0,0,0,Rece Hinds,2026-06-20
865e9875b2b296281fce03e334a9fee1,,0,114,0,0,0,Iván Herrera,2026-06-20
bd1b6ea998e7a32a0ac153ce19c1d648,,0,37,0,0,0,Daysbel Hernández,2026-06-20
6b50bb288b06d3e5f5652b9662116d51,,0,1344,0,0,0,Gunnar Henderson,2026-06-20
cdeb94ac87b90f07372114b9bb57416a,,0,36,0,0,0,Hogan Harris,2026-06-20
a8f1a1f5e73dd50e8af7a3493daa90e6,,0,95,0,0,0,JJ Bleday,2026-06-20
8aae5e6d0d95ad05335bf6bf10500e04,,0,28,0,0,0,Michael Grove,2026-06-20
dfac371ba3d128f372218dbe91469198,,0,446,0,0,0,Riley Greene,2026-06-20
65181d2521366a0f30b414fda9d34d1e,,0,30,0,0,0,Luis Gil,2026-06-20
089213869f2de198372a5216fe977cb9,,0,9,0,0,0,Daniel Espino,2026-06-20
e01959eff4fe94af5504c62dea029fde,,0,7,0,0,0,Jerar Encarnacion,2026-06-20
df44b17965abf83fbc925cd570dca3e5,,0,30,0,0,0,Jasson Domínguez,2026-06-20
eb351fe26740c68bb072fc2328afb3de,,0,25,0,0,0,Triston Casas,2026-06-20
1b00e5365443ddb9d6154f58f65719c1,,0,4184,0,0,0,Corbin Carroll,2026-06-20
f8cebc0a3aac6143bb9e5794e8bf04a7,,0,33,0,0,0,Luis Campusano,2026-06-20
60fca31069a0a8e673e0594e6bfadeb1,,0,14,0,0,0,Tyler Callihan,2026-06-20
0dc0c1720aa5343303a5bdb4b8295b75,,0,116,0,0,0,Kris Bubic,2026-06-20
feb3a2230683be9daff85a27bd6117da,,0,27,0,0,0,Dean Kremer,2026-06-20
fcee52812f4d20267106d42c87bd9e67,,0,46,0,0,0,Will Benson,2026-06-20
fe599a4cdcec505ebb8a512e963708d7,,0,35,0,0,0,Brett Baty,2026-06-20
35f001aade09052936bf9534c80ca8af,,0,7,0,0,0,Ji-Hwan Bae,2026-06-20
a3ffaa440bb0a9883c58ae41ca91e613,,0,17,0,0,0,Akil Baddoo,2026-06-20
5f0ce2aee75f53732c6d9d1e53c9db61,,0,668,0,0,0,Braxton Ashcraft,2026-06-20
c3662d2254bab92674e301d3c94749af,,0,40,0,0,0,Gabriel Arias,2026-06-20
94557d368a572d073dd6aae8f55e3984,,0,440,0,0,0,CJ Abrams,2026-06-20
5b1d25ca86d461b13a7fce7ec8fed635,,0,48,0,0,0,Matthew Liberatore,2026-06-20
1324ea23c48ff165a6a7d654a500e3f7,,0,1000,0,0,0,Adley Rutschman,2026-06-20
ece6318e08d6463a738496358b988e54,,0,28,0,0,0,Zach Pop,2026-06-20
7f2d9e6ad91d33f897dde80f02db2b85,,0,25,0,0,0,Ryan Mountcastle,2026-06-20
952f305f0c793e3dd3b8a9d25ef1e067,,0,14,0,0,0,Mason McCoy,2026-06-20
a0cb33a23e9ab0294619699176fd7120,,0,35,0,0,0,Gavin Sheets,2026-06-20
c36eb557117c0c0ae6c34e6f2dafb982,,0,47,0,0,0,Keegan Akin,2026-06-20
c63df62384a82d9987e1496fed9fa046,,0,26,0,0,0,Joey Wentz,2026-06-20
1e8f94ec484c9a459fcd3f78291e9e50,,0,41,0,0,0,Will Vest,2026-06-20
94f8ab9e5bfe963f70e980c5a9760588,,0,121,0,0,0,Isaac Paredes,2026-06-20
f21a7f8143ab2c08e2c183f85ec26a95,,0,30,0,0,0,Alex Lange,2026-06-20
b8ee46178719a2785e1ad11d2e14e790,,0,27,0,0,0,Derek Hill,2026-06-20
3606b6ab820fb55781913e165bd5f565,,0,39,0,0,0,Kody Clemens,2026-06-20
1146aaa38bcba7416022ada8c56d3305,,0,5253,0,0,0,Julio Rodríguez,2026-06-20
f964baed9bc9821e707706ec15457b63,,0,1323,0,0,0,Logan Gilbert,2026-06-20
84ef2d4455a0248450d2dd16b0716ede,,0,6,0,0,0,Joey Gerber,2026-06-20
2f74e2884bcaefe5d23376995ad767d8,,0,35,0,0,0,Andrew Vaughn,2026-06-20
4b642cd869960b115909db5fa9094ca4,,0,35,0,0,0,Freddy Fermin,2026-06-20
c6752e5285db04b1023471a0e2f58dcc,,0,26,0,0,0,Luis Robert Jr.,2026-06-20
d075296056a095f635a6e7e9068342f9,,0,30,0,0,0,Tanner Banks,2026-06-20
02c0cbe4f70a6323bce7c5a3a4ecf0ff,,0,42,0,0,0,Tyler Stephenson,2026-06-20
f3552874aaaf61d88dc39fb86302d8fa,,0,39,0,0,0,José Siri,2026-06-20
1ccde69bb3adcc795cbaeb5b81893d6e,,0,45,0,0,0,Tony Santillan,2026-06-20
e69370ca377b64b7a25e7589d467447e,,0,24,0,0,0,Reiver Sanmartin,2026-06-20
40115f501abc9303c9b5dd7ce277fc7b,,0,45,0,0,0,Nick Lodolo,2026-06-20
78a499123eb33d5420c239d6414ceefe,,0,25,0,0,0,Jonathan India,2026-06-20
b8c293f8327e5743462b06abf4cd655c,,0,50,0,0,0,TJ Friedl,2026-06-20
45f3aa3f3f861c0107cd4b003a188c92,,0,7,0,0,0,Emmanuel Rivera,2026-06-20
088bb67d601303dac6f0495076bd626d,,0,39,0,0,0,Blake Perkins,2026-06-20
7300fe37a11d7a95bb6a1d604b443885,,0,7,0,0,0,Jackson Kowar,2026-06-20
c2ac033249f6339c4af69e6e9285cc00,,0,42,0,0,0,Jahmai Jones,2026-06-20
3c0058847fee68c2fc88edf97665a187,,0,29,0,0,0,Dairon Blanco,2026-06-20
2de4092a45e5e6ac16fe90c04049caac,,0,104,0,0,0,Heliot Ramos,2026-06-20
0e1c006767ace83586d66b4fa2f81dc5,,0,25,0,0,0,Bryce Johnson,2026-06-20
4373e707fa7739b400092a12b99795f4,,0,448,0,0,0,Josh Jung,2026-06-20
4a58d29546c719d16827e402a2727c31,,0,25,0,0,0,Andy Ibáñez,2026-06-20
5c5894c53079beaec08da25af25611e3,,0,37,0,0,0,Jesús Sánchez,2026-06-20
432a5b6b702897b9bd0fb3836fda306b,,0,1300,0,0,0,Dylan Lee,2026-06-20
6deea1d90037ac8a9bcb7953e8f61bfa,,0,55,0,0,0,Edward Cabrera,2026-06-20
dfb807019359e65baabded539851c45d,,0,29,0,0,0,Austin Warren,2026-06-20
0d5c419c4c7a6a20ffaf16f4788e916b,,0,36,0,0,0,Isaac Mattson,2026-06-20
6d1c342516eb2e231cf3d51cdb6c4586,,0,44,0,0,0,Zack Kelly,2026-06-20
0bf4c605e22d3dbcdaed57a5893aee61,,0,7,0,0,0,Alan Trejo,2026-06-20
e98baf8ed33f685a5cb7022c49b7c9ee,,0,11,0,0,0,Jason Alexander,2026-06-20
a7c23ecc517095e8b2cd56326e1101d5,,0,28,0,0,0,Danny Young,2026-06-20
9498763c3305ef4d9f1bc1ed16dc9175,,0,32,0,0,0,Nate Pearson,2026-06-20
f8125851a363c1802ed028e920630883,,0,25,0,0,0,Santiago Espinal,2026-06-20
bd28f400cfd6178e441c840d590e8a7a,,0,25,0,0,0,Griffin Conine,2026-06-20
abd925d58484066035b38a13aef63fe7,,0,7,0,0,0,Riley Adams,2026-06-20
335c4b7d36b104e7ca0d2cee1b3e9c6e,,0,29,0,0,0,Cody Ponce,2026-06-20
6d0c39e7ef0f69c981421e701d391978,,0,37,0,0,0,Nick Mears,2026-06-20
0c85c8f0d7f443712a06d6c34e75154f,,0,39,0,0,0,Ke'Bryan Hayes,2026-06-20
bf2e80648550c5a4d04383f8c00c7e51,,0,19,0,0,0,JT Brubaker,2026-06-20
8011e3cc1737b968b35841799c91db47,,0,33,0,0,0,Alek Thomas,2026-06-20
e732e96743e300815600949d935c19f7,,0,37,0,0,0,Pavin Smith,2026-06-20
b85485efcaaa25f1969578e3cb6c3d9a,,0,27,0,0,0,Bailey Falter,2026-06-20
11f1aa08059130f04230e46a4ff3a0df,,0,18,0,0,0,Ryan Rolison,2026-06-20
108cd64dd4a5f1693b509ad1f5f601b5,,0,35,0,0,0,Justin Lawrence,2026-06-20
63010692f21594d6701680165d958d71,,0,27,0,0,0,Steven Wilson,2026-06-20
78d686a2f6fd26b022d6656da02dcc6d,,0,39,0,0,0,Jesse Scholtens,2026-06-20
3eded4af9fff0cdcf9515e61b782e478,,0,7,0,0,0,Owen Miller,2026-06-20
0f4f8a34441b911299ac49d18e7ba423,,0,439,0,0,0,Xavier Edwards,2026-06-20
c3831fc3b423cddcbea7936591cb27d5,,0,31,0,0,0,David Peterson,2026-06-20
56ce460f82cfd87859ecb469d3ccd184,,0,27,0,0,0,Tylor Megill,2026-06-20
c24963982cfdf5a250275f12f7dd721d,,0,8,0,0,0,Luke Williams,2026-06-20
14fda8054cef85987ad47ef19f53436a,,0,45,0,0,0,JoJo Romero,2026-06-20
70eff683341fca6a7f8d0891d2c91cd4,,0,38,0,0,0,Tyler Gilbert,2026-06-20
f003ef5fbece3174a8e518258cc7567e,,5,12,0,0,0,Jhonny Pereda,2026-06-20
4c0e697613c81e36104f49901178ce06,,0,28,0,0,0,Tanner Houck,2026-06-20
3f492e0da09b0081746c290e12819199,,0,27,0,0,0,Connor Brogdon,2026-06-20
dc87ff2f52e793564a16339da65ee955,,0,27,0,0,0,Nick Sandlin,2026-06-20
5308371ea687cad13060e6dbb3295407,,0,16,0,0,0,Eli Morgan,2026-06-20
b522b25e44fd46f765112cf38560d238,,0,44,0,0,0,Andruw Monasterio,2026-06-20
6f390fa8c827ecc763e3679afeba1cbe,,0,8,0,0,0,Nolan Jones,2026-06-20
68e0ef77506eb7c4bbd5316b5aed9839,,0,47,0,0,0,Tyler Freeman,2026-06-20
fdaa827453ddc92e497c2fd4abe0b0f4,,0,1300,0,0,0,Ernie Clement,2026-06-20
217f4c60b92121eb05be9734d91a7659,,0,30,0,0,0,Alex Call,2026-06-20
e3ed8aa5cc9c8aabe7ff682a3a8c9b12,,0,32,0,0,0,Jared Young,2026-06-20
cc1e70f42d721a035b4f5e4214b0c92b,,0,27,0,0,0,Keegan Thompson,2026-06-20
0f7edc90bb6584b5bf560309f2bdf087,,0,7,0,0,0,Jordan Weems,2026-06-20
83c2331424dd63ededc5c8bb41bdae12,,0,50,0,0,0,Tyler Wells,2026-06-20
eb93097a72cbb1a4e5904febbe09b4ca,,0,32,0,0,0,Kyle Hart,2026-06-20
bc720fdae0732122aa881a7ccc78e071,,0,235,0,0,0,Jarren Duran,2026-06-20
d313a162d7e45a1dbaf7c077412fca30,,0,28,0,0,0,Kutter Crawford,2026-06-20
0bf6805b865addee3142cbbe5d06fe4c,,0,96,0,0,0,Eduard Bazardo,2026-06-20
a52550c0064e1bc5f3a7ca54add8ff14,,0,25,0,0,0,Weston Wilson,2026-06-20
fd9ea030ce1b0108278d3a3d8cf7c50e,,0,7,0,0,0,Justin Topa,2026-06-20
18ac16e82d52c6a8f639a23a35aaf13b,,0,1673,0,0,0,Drew Rasmussen,2026-06-20
a92e9edb1a392008ab5979d904d2cb03,,0,32,0,0,0,David Fry,2026-06-20
23173599057991cb50f019332e37d569,,0,28,0,0,0,Bowden Francis,2026-06-20
c9e453691beefc9ad8d0066a8ac3e276,,0,28,0,0,0,J.P. Feyereisen,2026-06-20
ddaa6b4994eb589adb067ba95b1f8c93,,0,43,0,0,0,Lucas Erceg,2026-06-20
9d04b19ae3b777bcaf0f8517c9f3fcae,,0,33,0,0,0,Connor Wong,2026-06-20
83bbec8fbee0babfe0113226d2658e3c,,0,43,0,0,0,Cole Sands,2026-06-20
432e19fb8df17ecab191f58b9df0bd21,,0,8,0,0,0,Ben Rortvedt,2026-06-20
326429edc16a998e0a3020886cca8891,,0,145,0,0,0,Brent Rooker,2026-06-20
af1e3cdad0a505ef354f4cff89563a27,,0,34,0,0,0,Luke Raley,2026-06-20
5aa0c3c6b5adee4ba9cc9f0d6af4f4d9,,0,50,0,0,0,Bailey Ober,2026-06-20
99a2a7d9b10dc29c6ec87e3ead082ed5,,0,38,0,0,0,Jovani Morán,2026-06-20
6ca4c1203c7be186312580dcd7de4bf8,,0,58,0,0,0,Royce Lewis,2026-06-20
2ad1314e1132402b108ab1a9662ce0b2,,0,37,0,0,0,Trevor Larnach,2026-06-20
25f5292d8b2741007dd21963fa23159d,,0,440,0,0,0,Ryan Jeffers,2026-06-20
ad667dc5a1cc6f2018ac3a3f24d0b86f,,0,1327,0,0,0,Jhoan Duran,2026-06-20
4f39d3ba1be1b3fe548fa0547611eae0,,0,43,0,0,0,Jonah Heim,2026-06-20
42a67ea84b36e189d27d9dbfac4ac560,,0,41,0,0,0,Kyle Finnegan,2026-06-20
766360e5b57867ba7b9553614b2cde89,,0,39,0,0,0,Riley O'Brien,2026-06-20
6bed9deae6ea58e8fc1fc4e0ce9c19b8,,0,191,0,0,0,Edwin Uceta,2026-06-20
5580b98ca86754a8b03e8854e18f3b6d,,0,41,0,0,0,Zach McKinstry,2026-06-20
41cd1fb5fb6de1d385d798737b77b9c7,,0,28,0,0,0,Josiah Gray,2026-06-20
ef7e5d8c5306a5008b2ae5a918a36ae0,,0,7,0,0,0,Drew Waters,2026-06-20
0f825523db9830fcf60bc77839dac105,,0,9,0,0,0,Braden Shewmake,2026-06-20
0e07052fd941f0ae83ddf986fbff60fe,,0,1003,0,0,0,William Contreras,2026-06-20
17801a1ed6b4e07972373a579cc2605c,,0,8,0,0,0,CJ Alexander,2026-06-20
ec71605687b248211114d38e0613e525,,0,16,0,0,0,Ryan Thompson,2026-06-20
249bff1e0ff87445c15baffb9640467f,,0,44,0,0,0,Taylor Walls,2026-06-20
3e6f045aba05631c48da29aacc9b6261,,0,7813,0,0,0,Cristopher Sánchez,2026-06-20
a1a576f02d863b09d77a7ceeb79592fb,,0,1673,0,0,0,Joe Ryan,2026-06-20
0c453092933377fb7da88e9e344cc8ec,,0,148,0,0,0,Brendan Donovan,2026-06-20
2931da769cca52d74d36e22bd335ec68,,0,153,0,0,0,Shane McClanahan,2026-06-20
b0607b3d62600802ba8d63a57fd06498,,0,11,0,0,0,Miles Mastrobuoni,2026-06-20
c4f4fe3e0c45ad84c187e1da4bd49ac0,,0,40,0,0,0,Nathan Lukes,2026-06-20
e1cb7d25024f8832ecb9c07faed70685,,0,45,0,0,0,Josh Lowe,2026-06-20
4d3bf81d0a61703983ef778afba82ec2,,0,25,0,0,0,Tristan Gray,2026-06-20
4498a9e1376884e3e19f08ae90da33db,,0,36,0,0,0,Jake Cronenworth,2026-06-20
459b8c43d97aa88e3b34f0b275b8833a,,0,10,0,0,0,Vidal Bruján,2026-06-20
3a0a55dcd5584f5121c4ffed65e0440f,,0,30,0,0,0,Juan Yepez,2026-06-20
258fb7956ab58226fd879a9df160b327,,0,25,0,0,0,Ramon Urías,2026-06-20
0107f4354033f64315202a440ad661e0,,0,28,0,0,0,Johan Oviedo,2026-06-20
dfca485d716d691ec91c4921a4addb35,,0,56,0,0,0,Lars Nootbaar,2026-06-20
fa492fcc29406ec651221105539d86e0,,0,50,0,0,0,Kyle Leahy,2026-06-20
0bd263660cf5558bf09ef5b0ee2f6354,,0,656,0,0,0,Michael King,2026-06-20
0ef92043acaf4a05a71ce3bbff088d00,,0,7,0,0,0,Dylan Carlson,2026-06-20
3fde4589de07e0e49d23384c466bd317,,0,35,0,0,0,Greg Weissert,2026-06-20
06fd558962d71a025cee24950b7b4e93,,0,81,0,0,0,Clarke Schmidt,2026-06-20
4f4d4150f1d41e9b3c93cff729d98609,,0,28,0,0,0,Kaleb Ort,2026-06-20
f31245e6910629af282f716d758b51d9,,0,38,0,0,0,Yohan Ramírez,2026-06-20
8b650cec4f4f3df766d1ac73d59261d7,,0,34,0,0,0,Jake Meyers,2026-06-20
d06d54fbe1f6781d1d09ae46dec731a4,,0,26,0,0,0,Chas McCormick,2026-06-20
eb2cf982de88b9242f5a1c2b4f590e4f,,0,8,0,0,0,Corey Julks,2026-06-20
0f9b069da8311afed36f6bdb3d7cc8b9,,0,28,0,0,0,Cristian Javier,2026-06-20
528a841217378abdf48d536017aa6297,,0,28,0,0,0,Ronel Blanco,2026-06-20
d72691d8e7d6c3abf7ce8c97da7c6975,,0,46,0,0,0,Luis García Jr.,2026-06-20
887a9dd6acb445b962f049d24610c30d,,0,8,0,0,0,Seth Brown,2026-06-20
b9c251125a70dea084e4483ce98bb0f6,,0,37,0,0,0,Tyrone Taylor,2026-06-20
db27a6583a1b0eefbc2ae6cc4f6cbcb9,,0,670,0,0,0,Nico Hoerner,2026-06-20
9b1f317d36b575b15fa481a4db3fd2c5,,0,25,0,0,0,Tyler Heineman,2026-06-20
4eac923abe76da2bb6a7b7bd2faf9e1c,,0,40,0,0,0,Cole Sulser,2026-06-20
973c343c461feaeca95926dee290e9bb,,0,152,0,0,0,Gabe Speier,2026-06-20
4a32eea61bcc0990d5525cad1ef42144,,0,7,0,0,0,Gavin Lux,2026-06-20
cec7b57743531b2a3c45d887d515f2f4,,0,40,0,0,0,Anthony Kay,2026-06-20
5f347d310715eb46023078018a562066,,0,25,0,0,0,Sam Haggerty,2026-06-20
436a8a73dff6c4332945db36fd2ebc13,,0,25,0,0,0,Brusdar Graterol,2026-06-20
d52ecd4caf7599a8b09e5d4099395bb3,,0,52,0,0,0,Tyler Rogers,2026-06-20
68acb3e686c535274ed2733c5cacf215,,0,150,0,0,0,Rico Garcia,2026-06-20
5259b835d0d6360ac4af97cb26c6b63a,,0,50,0,0,0,Willi Castro,2026-06-20
f40d34d36b7103d1b0cc8cef6b2bb9c6,,0,446,0,0,0,Andrés Muñoz,2026-06-20
a010d2ed40c8bb00194c3194bc09e1bf,,0,43,0,0,0,Jake Fraley,2026-06-20
203d6c4ef79c2a48c1abe83fe58aebef,,0,39,0,0,0,Brock Burke,2026-06-20
1db8c408ccc6a61a8d65f43b8754549e,,0,1003,0,0,0,Logan Webb,2026-06-20
21fc42ec34975dd886329b42f15b1d4c,,0,27,0,0,0,Joel Payamps,2026-06-20
586dd68af8f58379bd085c710e64b6c0,,0,123,0,0,0,Randy Arozarena,2026-06-20
5b3438ee877434706a475089f469728a,,0,42,0,0,0,John Schreiber,2026-06-20
32bc66e070a3db994bd84ef6a9badec6,,0,27,0,0,0,Patrick Sandoval,2026-06-20
793b47923b80535b5d5980fe5f231c9c,,0,45,0,0,0,Dustin May,2026-06-20
b2cfe736a8e0b516581c6b053a10eb90,,0,84,0,0,0,Trent Grisham,2026-06-20
cce51b3e9feff60ef004d79cfd848221,,0,93,0,0,0,Bryan Abreu,2026-06-20
6be756cf6bb0095d47c89ebfb53b67a0,,0,40,0,0,0,Jake Rogers,2026-06-20
430a51bbdca0e18c4adb00a6f0156595,,0,7,0,0,0,Colin Poche,2026-06-20
24057f9ab80078e56fcdda0b804f3675,,0,424,0,0,0,Adrian Morejon,2026-06-20
35042a6482e3802f3d7ebf76a3dadfff,,0,28,0,0,0,Ian Gibaut,2026-06-20
37c744508d3763bde9480c5f0aa88fbd,,0,155,0,0,0,Mauricio Dubón,2026-06-20
3477ff63b2612c51f8b53b5cc21a6b1b,,0,7,0,0,0,Matt Thaiss,2026-06-20
e276924c69748ef81232ac4099182d0d,,0,42,0,0,0,Jimmy Herget,2026-06-20
cdc7e1369c88f4b6783b2fb594755b30,,0,25,0,0,0,José Urquidy,2026-06-20
ad71006586a34b68db870a2c5a57f3fc,,0,1004,0,0,0,Dylan Cease,2026-06-20
16fb2b182c0a4cc83ab17594210e4081,,0,17,0,0,0,LaMonte Wade Jr.,2026-06-20
1bf17f538eda169bbffc15473b1e9094,,0,25,0,0,0,Tony Gonsolin,2026-06-20
da5212258d7c54281686baa6ec8cab28,,0,41,0,0,0,Aaron Civale,2026-06-20
5210140aba24331c6d6e24d05b2845a3,,0,41,0,0,0,Zac Gallen,2026-06-20
d9bff48b9aa641ce2ea0009b518e9b78,,0,7,0,0,0,Jordan Romano,2026-06-20
2a5e175c4e1993db7cfee2096129763e,,0,33,0,0,0,Ty France,2026-06-20
729cb3109d1eff9ffe4863d9d1580198,,0,47,0,0,0,Pete Fairbanks,2026-06-20
db468ca229f24eec186622b1d15c3b52,,0,18,0,0,0,José Suarez,2026-06-20
cb1e5a21dca43aab58af30f29fc5a440,,0,7,0,0,0,Andrew Knizner,2026-06-20
b1fd25158fc7f7754df68c5019c1add0,,0,43,0,0,0,Mike Yastrzemski,2026-06-20
1f52b5c269a9cb8167a02c07e65c692a,,0,10,0,0,0,Garrett Stubbs,2026-06-20
1b616b1975b67c3b629bfc7922836f85,,0,1001,0,0,0,Will Smith,2026-06-20
09cc3cf3a69b52dd327484b410a76050,,0,145,0,0,0,Josh Naylor,2026-06-20
ac2baf08b010d79011f7af43241a6def,,0,8,0,0,0,Cavan Biggio,2026-06-20
530b3686dafd33d4102cac6399ee874e,,0,99,0,0,0,Luis Arraez,2026-06-20
40bb20cfccebbd13933b759dc8a0b2e8,,0,25,0,0,0,Luis Rengifo,2026-06-20
1016d4d24cb2a94f46b4e249458a0b9c,,0,45,0,0,0,Nathaniel Lowe,2026-06-20
b14023d60b548f8d8c3bdb5007d3bdaa,,0,96,0,0,0,Merrill Kelly,2026-06-20
0d45ff58ac936ff1e3921121c63dd7ff,,0,33,0,0,0,Griffin Canning,2026-06-20
78231ec7cf8a161e261c733ec5932123,,0,41,0,0,0,Jacob Webb,2026-06-20
e7a2d526d80e9dcb110273ef7b72913d,,0,36,0,0,0,Lane Thomas,2026-06-20
7e9710991246f1f678a15bafb0046477,,0,130,0,0,0,Gregory Soto,2026-06-20
5ad3cb6d2945790326b11e1b50c0b590,,0,28,0,0,0,Josh Sborz,2026-06-20
608a85f4bb70e0386a9458c6920759f7,,0,447,0,0,0,Bryan Reynolds,2026-06-20
d43b0fdeb1d865b30f504f1245b2835d,,0,99,0,0,0,Ryan Helsley,2026-06-20
3adacf96da2519363ab623bd4de7e382,,0,26,0,0,0,Thairo Estrada,2026-06-20
a055ff6aca3c589b202de2f835858904,,0,183,0,0,0,Taylor Clarke,2026-06-20
860e8e93fedc70005accab8dc281a06a,,0,46,0,0,0,Trent Thornton,2026-06-20
303917d53c23c24e73938f04c183bff6,,0,36,0,0,0,Chris Paddack,2026-06-20
e6b1819fc054a1828217e87509b58da7,,0,25,0,0,0,Dylan Moore,2026-06-20
7ea3f1860381115a3c9e377d03648c73,,0,38,0,0,0,Joey Bart,2026-06-20
76d4ab1cee08796a9efe8cb910811d17,,0,15,0,0,0,Connor Joe,2026-06-20
fd6d3b8a9c55424159cbedd6a769ef3d,,0,28,0,0,0,Reed Garrett,2026-06-20
b1565a38303e584c9d6794af5bbaeeb4,,0,27,0,0,0,Yusei Kikuchi,2026-06-20
93475d052e87767b9aee258c1a73edf2,,0,43,0,0,0,Brady Singer,2026-06-20
d5c8ec04d464551594e63f44be769442,,0,47,0,0,0,Keibert Ruiz,2026-06-20
1164ca62a7c5e6db9a28f10de26be287,,0,100,0,0,0,Casey Mize,2026-06-20
1d054c98b32b77cfc3b29db06d44cf4d,,0,7,0,0,0,Keston Hiura,2026-06-20
ddf55cbd78a6380987e0bdedc5caa6f0,,0,3353,0,0,0,Hunter Greene,2026-06-20
3343e4c55521612f64157746b2ab66e9,,0,51,0,0,0,Nolan Gorman,2026-06-20
aa1b52f73629ebec5147857d137ca4ea,,0,38,0,0,0,MacKenzie Gore,2026-06-20
ea04a88e38fa4cd172419459e31b0960,,0,109,0,0,0,Andrés Giménez,2026-06-20
ebb59c2a924e567a7e9b0b96d6323b3b,,0,125,0,0,0,Taylor Ward,2026-06-20
dadbe3eb7bcd626bdee7f606de2003d2,,0,7,0,0,0,Ian Anderson,2026-06-20
51b63c63b772f59a2a62db0cc2f44e5e,,0,44,0,0,0,Miguel Amaya,2026-06-20
58e326ec04da57d92ac58bf223fde051,,0,665,0,0,0,Jo Adell,2026-06-20
d8707f83dac49e8f0d34eeb046159e60,,0,7,0,0,0,Jon Berti,2026-06-20
0dadd7c1777fc29524735aac6d7e2db6,,0,7,0,0,0,John Means,2026-06-20
e0a47a10485fa1f1ec9f9ace9f3e1344,,0,44,0,0,0,Myles Straw,2026-06-20
07425bbd7a0fcdf625ee3bbbb6ee4050,,0,27,0,0,0,Spencer Turnbull,2026-06-20
3c8c47177ffa0ebf537f0f3406fdf18c,,0,8,0,0,0,Reese McGuire,2026-06-20
7d149e10fbcdcc718aa5ef814d67a49b,,0,7,0,0,0,Kyle Wright,2026-06-20
21c81efb5f40d3c9b014a53c73fa7f66,,0,44,0,0,0,Rowdy Tellez,2026-06-20
57bd6391943108abbffd4323a9eb7c4f,,0,75,0,0,0,Ian Hamilton,2026-06-20
03715b6e6446f9cb0ab12ee10e434f3c,,0,101,0,0,0,Framber Valdez,2026-06-20
dae2e69c8dc26efea4945b1847fd0b64,,0,80,0,0,0,Matt Festa,2026-06-20
d7da7d3d1e9119d24e72e04bfe54b90b,,0,27,0,0,0,Sean Reid-Foley,2026-06-20
f63a64c3a5a6fe5cc76cc70633ffd1a2,,0,35,0,0,0,Danny Jansen,2026-06-20
3155f2ec096f3d30a126c44400d65c2d,,0,7,0,0,0,Touki Toussaint,2026-06-20
b599ac34c438261085284c22829b750f,,0,40,0,0,0,Cedric Mullins,2026-06-20
22acbe50386607934e0e25de6131489d,,0,146,0,0,0,Brandon Lowe,2026-06-20
c8b37a9d2f7535710a50102c1a66fa10,,0,32,0,0,0,Adolis García,2026-06-20
0197bb2377d61f709bd44fd5784db370,,0,127,0,0,0,Ramón Laureano,2026-06-20
3425282fedc04d26e00b5cb88cd5b1d2,,0,33,0,0,0,Jeffrey Springs,2026-06-20
f72626d76b353712503fcec1e5618d00,,0,148,0,0,0,Ryan O'Hearn,2026-06-20
2b7d319b529b30d9a7856e099319a84c,,0,95,0,0,0,Ranger Suarez,2026-06-20
eed7e4efdb9949ceb5adfd6530081cf7,,0,34,0,0,0,Jeff McNeil,2026-06-20
fea2c6bef6b746be6a6ce4aaaa8a358c,,0,44,0,0,0,Jose Trevino,2026-06-20
fd48d2612737fb25d222e6a69d7e1a56,,0,27,0,0,0,Luis Urías,2026-06-20
a069b168f88af2884a73d1840413d6f3,,0,1338,0,0,0,Fernando Tatis Jr.,2026-06-20
e584b5bb9b5c4957a319534dfa7876cb,,0,40,0,0,0,Cal Quantrill,2026-06-20
f34b5e3053f8f903b2ee7af0b5fe806b,,0,132,0,0,0,A.J. Puk,2026-06-20
cafea1639d99eab6e046aadd476cbd1f,,0,27,0,0,0,Dane Dunning,2026-06-20
e4d9079b5e20bb24f19512cedc3f5d9a,,0,456,0,0,0,Pete Alonso,2026-06-20
6fe27e423becdd3c909df052c1ca1d9d,,0,27,0,0,0,Kolby Allard,2026-06-20
1a4b8865616601f8f341294d578e2c22,,0,35,0,0,0,Enyel De Los Santos,2026-06-20
8c58a1aa1150d1b2bd5aff2d5c8887ec,,0,10,0,0,0,Cionel Pérez,2026-06-20
906d58417206daeb663b84811b4e3d1c,,0,28,0,0,0,Evan Phillips,2026-06-20
0fec6bd8bd87f6877cfca3abd4ae4280,,0,27,0,0,0,Ryan Borucki,2026-06-20
57bdb6d6a28bbe08882c93db4e97d48f,,0,7,0,0,0,Drew Smith,2026-06-20
caaf2af535777c382efc7fa72a4b363a,,0,143,0,0,0,Michael Soroka,2026-06-20
6185dc4268c91ca55529b6735f757bd9,,0,8,0,0,0,Nick Martini,2026-06-20
17c008adb6e5e62bd453826459959e0c,,0,37,0,0,0,Jalen Beeks,2026-06-20
67e5c7c912fa4fd80a8ef2a87adfda33,,0,39,0,0,0,Jake Bauers,2026-06-20
746dedd11a1fddb63d3cfbf885a3a99f,,0,7,0,0,0,Austin Wynns,2026-06-20
791dd04e0de4ec1f39395063bb1e0224,,0,48,0,0,0,Zack Littell,2026-06-20
d5bef3f3d67e53ccd3b802a6e17866e9,,0,25,0,0,0,Caleb Ferguson,2026-06-20
9eb5a2bc3a8bc344ad0f7ec08d9bdc81,,0,133,0,0,0,Shane Bieber,2026-06-20
4810434f5afe99779e49cdae6b76537d,,0,978,0,0,0,Freddy Peralta,2026-06-20
9dd4a2184db9992cd0e1dab234e8971e,,0,7,0,0,0,Luis Guillorme,2026-06-20
a379a1f5bb9598a61808afedfdb88a03,,0,154,0,0,0,Seranthony Domínguez,2026-06-20
fc16a28187ca6431fa15309f53d96d7e,,0,170,0,0,0,Jason Adam,2026-06-20
c65057b8ecb4d29d7fb65007781ee066,,0,7,0,0,0,Julian Fernández,2026-06-20
eda09d2e768aebe0b26104d1f013879e,,0,7,0,0,0,Austin Gomber,2026-06-20
5defeb4a595990da5f35dd786567f011,,0,35,0,0,0,Eric Lauer,2026-06-20
be87e4bc2360b2dce58f8f3dfb8668b6,,0,27,0,0,0,Lou Trivino,2026-06-20
4726089d7d915715e03bdb3922dd8e6e,,0,45,0,0,0,Isiah Kiner-Falefa,2026-06-20
fd2e2b03edf1be5fa9760fbbdbee9f77,,0,28,0,0,0,Hunter Harvey,2026-06-20
bbd0930e0f6bca29eafae47b3fd88a7d,,0,115,0,0,0,Clay Holmes,2026-06-20
f24d23e9957649c3814669598d8be993,,0,7,0,0,0,Billy McKinney,2026-06-20
6483a8d82852b11a027b948f98807517,,0,28,0,0,0,Joey Lucchesi,2026-06-20
480e0d0449c669730f3cb967f3b8e363,,0,30,0,0,0,Tim Hill,2026-06-20
0f72bdd06e0ab842343cd2c089c3ef52,,0,27,0,0,0,Jordan Hicks,2026-06-20
8ac93e8a999528050610f4170beae99e,,0,28,0,0,0,Nestor Cortes Jr.,2026-06-20
0bab64563a620dca9dee96720d5bf0f9,,0,31,0,0,0,Ryan Yarbrough,2026-06-20
b48479b4a7fffec43e3e4ae745bc646a,,0,8,0,0,0,Greg Allen,2026-06-20
ae909975cc613d0d8aad0cae4414e3c4,,0,3373,0,0,0,Ronald Acuña Jr.,2026-06-20
030f18e599da5d4eb50f84be6389b9d7,,0,28,0,0,0,Michael Kopech,2026-06-20
058a4620bad7fed4f960e229d5e698fd,,0,1339,0,0,0,Kyle Tucker,2026-06-20
bfe9c5b68a8ad4a7a2708a8702b91e50,,0,54,0,0,0,Leody Taveras,2026-06-20
2e4c54b42f64ddd47b3d44afa50f3811,,0,43,0,0,0,Tyler O'Neill,2026-06-20
a1743a162c13e95d81f7ffef209f2f52,,0,3421,0,0,0,Vladimir Guerrero Jr.,2026-06-20
acf6a4d732a2f4534bada963a514d076,,0,627,0,0,0,Tanner Scott,2026-06-20
943be202160891356218e0ca70076d5a,,0,41,0,0,0,Sam Moll,2026-06-20
0e0911b11f1f7e26c9d8a31755d00d48,,0,34,0,0,0,Walker Buehler,2026-06-20
3c67dbf5ee627ba3fe85f6502b38dde0,,0,43,0,0,0,Sandy Alcantara,2026-06-20
28daf6ba0eb6f9bcce1a4d06fc0952ef,,0,25,0,0,0,Alex Verdugo,2026-06-20
f8a108e03c95e95445f30004babcfca5,,0,43,0,0,0,Harrison Bader,2026-06-20
583f594cb980a4f44a35d32dd3463c46,,0,44,0,0,0,Tyler Mahle,2026-06-20
47a29b5025c00e58da1525015aec138a,,0,149,0,0,0,Anthony Santander,2026-06-20
5b95c565aacd4f020d2d4a29af13e80c,,0,36,0,0,0,Mitch Garver,2026-06-20
07129fefb0be3498640aaca377a3a80f,,0,40,0,0,0,Tim Mayza,2026-06-20
6e8dc0900ea180e20e767f47d3d164eb,,0,34,0,0,0,Ryan McMahon,2026-06-20
37c52c6416675a40b0b5611025c3c42f,,0,40,0,0,0,Rhys Hoskins,2026-06-20
289836effa80a573254c2fe6168fb41a,,0,28,0,0,0,Dietrich Enns,2026-06-20
82d1c9e6172d124fcfbdbec2a7d17348,,0,3336,0,0,0,Max Fried,2026-06-20
90bc6b73e7790d6827c273666fad2c64,,0,7,0,0,0,Lucas Sims,2026-06-20
2f9133d42994d385a407a527b8b5880f,,0,54,0,0,0,Erick Fedde,2026-06-20
21d2b271fd8c0fee1a95933e80a3eb69,,0,37,0,0,0,Kyle Farmer,2026-06-20
8295c90600ee7e42a6f4f3db96886d66,,0,28,0,0,0,Aaron Bummer,2026-06-20
2eb31b87baaa886790dd772959d8d5b5,,0,23,0,0,0,Ryne Stanek,2026-06-20
67054e578e347fdacc86bd466fb62b63,,0,109,0,0,0,Andrew Kittredge,2026-06-20
b455f2d0fc53b86a6e221b50905ba631,,0,11,0,0,0,Paul Blackburn,2026-06-20
d72568b6f7d6931c976cb340c114866f,,0,25,0,0,0,Mike Tauchman,2026-06-20
8e962db7579df65f4a2175e349e0b9e8,,0,40,0,0,0,Victor Caratini,2026-06-20
4928f45c3eb75e1c871c5cbe5cad500c,,0,86,0,0,0,Miguel Andujar,2026-06-20
01087ae4c0f050fd4a091810083377b8,,0,124,0,0,0,Luis Castillo,2026-06-20
0f7ed732c61cf0725526f5476a8cbbc3,,0,40,0,0,0,Hoby Milner,2026-06-20
74c33aac10d265ad20adc2464bac3af5,,0,448,0,0,0,Matt Chapman,2026-06-20
122bb68ec291f9586cc3f7ef00c16103,,0,660,0,0,0,Brandon Woodruff,2026-06-20
3fa786680dde7f61f19292ef42cccbe5,,0,26,0,0,0,Austin Slater,2026-06-20
69951db4d62175de0281d37b3058c6d8,,0,44,0,0,0,Pierce Johnson,2026-06-20
caaf16e544436453424abc4e2c6c9fdf,,100,131,0,0,0,Ian Happ,2026-06-20
7012d352622e23e9f79cb4f849daf74b,,0,29,0,0,0,Amed Rosario,2026-06-20
9780a3e1b0451cba73e61d1eba533105,,0,42,0,0,0,Emilio Pagán,2026-06-20
a32b2001f7c59f26fe9dfb045285bc72,,0,5145,0,0,0,Cody Bellinger,2026-06-20
a2d216e4160586dcd27adae34d660a36,,0,629,0,0,0,Nick Pivetta,2026-06-20
fe5a1b4848670bbe3d42d9606ed18445,,0,90,0,0,0,Jakob Junis,2026-06-20
90633ec52bf251872e5498009b333ec3,,0,26,0,0,0,Jordan Montgomery,2026-06-20
2b8ffc5fec534a283a708aae1aa453eb,,0,38,0,0,0,Paul Sewald,2026-06-20
41e9ad3d7adb6f1aa42a28bb9e20c5bd,,0,39,0,0,0,Kyle Higashioka,2026-06-20
d4f09a329e422e70bf0cb1680f086d9d,,0,43,0,0,0,Antonio Senzatela,2026-06-20
a6ab4558434d84cabe0fee55b467a99c,,0,38,0,0,0,Luis Torrens,2026-06-20
1baa8f3043c881ac39373bebaad2e452,,0,4150,0,0,0,Yandy Díaz,2026-06-20
7e633e1e1c163cf17aa4042e27b4f925,,0,97,0,0,0,Lourdes Gurriel Jr.,2026-06-20
eaa4cb7aa0e1b4f890c927c9ceb7066e,,0,4169,0,0,0,Josh Hader,2026-06-20
317e4429da2e061853e1b1562284c084,,0,34,0,0,0,Brent Suter,2026-06-20
974b14e3cc841991fca60d89d9c359a0,,0,40,0,0,0,Victor Robles,2026-06-20
499b01d5a366ab5f4cb6eeb15671f07d,,0,31,0,0,0,Jorge Mateo,2026-06-20
10a3ec7a23ed4e208ba9379e1930e007,,0,600,0,0,0,Ozzie Albies,2026-06-20
8e35b050f27d6e875e34da5b545acf60,,0,158,0,0,0,Willy Adames,2026-06-20
b8ada8e4493b418f275d040d62ab7c8f,,0,1336,0,0,0,Matt Olson,2026-06-20
04b8f2eb2aedc91b6244988ebac29517,,0,28,0,0,0,Trevor Williams,2026-06-20
fb20092e8ae4d1966d7fd0f0295db2c7,,0,37,0,0,0,Wandy Peralta,2026-06-20
8cd7b60c812e57c7baf3d1d809553cb1,,0,7,0,0,0,Yuli Gurriel,2026-06-20
242ccd752a959e5739da18dec8f2b5e2,,0,68,0,0,0,Jeff Hoffman,2026-06-20
9e57d7730624a6faae08c979a8a8353b,,0,43,0,0,0,Rob Zastryzny,2026-06-20
c3e0328a67aa26757744245a41942b61,,0,150,0,0,0,Brandon Nimmo,2026-06-20
114768cd1d819a4ece42e2cd0ab08893,,0,8,0,0,0,Mitch Haniger,2026-06-20
10c60d686c75309471f1b5bfb289fa68,,0,25,0,0,0,Tyler Austin,2026-06-20
408db3e3f9781754e45757d91159732e,,0,180,0,0,0,Teoscar Hernández,2026-06-20
9d475c88736fc621628eb0c238ca2d34,,0,50,0,0,0,Andrew Benintendi,2026-06-20
59c76b723735c11ce502c8c6154164ad,,0,145,0,0,0,Matt Strahm,2026-06-20
20a0490d91975300267cc2ced52d7369,,0,27,0,0,0,Joe Musgrove,2026-06-20
27f943d39beafa49e72e1977604398c9,,0,34,0,0,0,Reynaldo López,2026-06-20
9cb59f05b23616ea1fead370f139d422,,0,46,0,0,0,Josh Bell,2026-06-20
1ce23dd3a112ddafd2c655f7f8443c3c,,0,7,0,0,0,José Leclerc,2026-06-20
8e5d432527a3fd976faaa54b8842224e,,0,7,0,0,0,Jeimer Candelario,2026-06-20
83542e58aa1611b4fc374f49b9953107,,0,29,0,0,0,Brock Stewart,2026-06-20
8ba857e51e65cd9adf16dbea87408bbe,,0,37,0,0,0,Seth Lugo,2026-06-20
04955f5133f9e556732100712a7883c9,,0,5090,0,0,0,Blake Snell,2026-06-20
206c2cd6b17fbcfa84a4aeead4d8cacf,,0,39,0,0,0,Adam Frazier,2026-06-20
09a18061424a1ed2510d8b994b77db51,,0,1640,0,0,0,Willson Contreras,2026-06-20
555e1439d219643627269090b10d72bf,,0,28,0,0,0,Zach Eflin,2026-06-20
106d194f45a7b660c9e7c85307db97c7,,0,28,0,0,0,Tyler Anderson,2026-06-20
b336d6586eade69e49db68c37f3b3fdc,,0,8,0,0,0,Tim Anderson,2026-06-20
92fe82b80e8cd62471fb3b42d2deea59,,0,988,0,0,0,Edwin Díaz,2026-06-20
54172ac874979516c553523f721f2bba,,0,7,0,0,0,Jacob Barnes,2026-06-20
90d9b89aa0b69537352c025ad4694cb6,,0,7,0,0,0,Mike Clevinger,2026-06-20
be2a5c78603e30cc14f08286f8ef2b25,,0,28,0,0,0,Chad Green,2026-06-20
0d1408257dc70fb5cda1086107d7f35c,,0,34,0,0,0,Sean Manaea,2026-06-20
806bb8d6bcfba14847319debce3411b5,,0,27,0,0,0,José Berríos,2026-06-20
0fe0bccb2126bb0dda5ea3dd18831f0b,,0,7,0,0,0,Jorge López,2026-06-20
f79661c6c37e3ecc4cf3b0543e2556ee,,0,140,0,0,0,Steven Okert,2026-06-20
507e91f6d6e5b92092093191a99774c2,,0,29,0,0,0,Derek Law,2026-06-20
ce120674de55da5ac318e608242599f0,,0,48,0,0,0,Taylor Rogers,2026-06-20
38b4ba07593bc250d9b17e2cf73279b0,,0,75,0,0,0,Trevor Story,2026-06-20
33e38faeab0e726684d71ac368fc55de,,0,27,0,0,0,Matt Bowman,2026-06-20
763994e24854ab68e3f2eab1762db2eb,,0,141,0,0,0,Dansby Swanson,2026-06-20
223da30691f817154ecf79925d92effe,,0,8,0,0,0,Brendan Rodgers,2026-06-20
ff659c62562c7100436ef6cce30417d9,,0,26,0,0,0,Yoán Moncada,2026-06-20
d6ad3ffcbca5693bfbe4d9ddcd6c5e00,,0,8,0,0,0,Manuel Margot,2026-06-20
ffce354a4742840e58f9bddfa27a850f,,0,40,0,0,0,Lucas Giolito,2026-06-20
4cd5d752f840a66c41a812b2c87fd1db,,0,103,0,0,0,Rafael Devers,2026-06-20
1bcf20d60cb8ad6a79f5f0d567a2c41b,,0,39,0,0,0,J.P. Crawford,2026-06-20
2b6adeaaffbd73e40e9931b814356b67,,0,26,0,0,0,Gio Urshela,2026-06-20
0fdd53d3f0d7306afa4abbd19473456b,,0,55,0,0,0,Adrian Houser,2026-06-20
fbfb041c0e88e6f777ef1481b6db7e05,,0,7,0,0,0,Tom Murphy,2026-06-20
a08ec3161360315034074641626b686c,,0,44,0,0,0,Elias Díaz,2026-06-20
9cf2ac3b46f46499ce4fd6a96ebf5d57,,0,7,0,0,0,Luke Maile,2026-06-20
631a482b4782dbeeab734790390537f8,,0,1003,0,0,0,Trea Turner,2026-06-20
49e5c969c06b5ab98188500d6b426f99,,0,54,0,0,0,Colin Rea,2026-06-20
48cf29d81f4e45f38987a33600a1eae3,,0,83,0,0,0,Shawn Armstrong,2026-06-20
6e1ad914b875b33687cd3435f8f2e541,,0,27,0,0,0,Frankie Montas,2026-06-20
30e5afc3a783724f9b6b3dd52c454b86,,0,40,0,0,0,Rob Refsnyder,2026-06-20
3fa8fe658b2365e901d383cb3331910a,,0,116,0,0,0,Matthew Boyd,2026-06-20
4ecd403333ed82674a6169dc1e3ff4e7,,0,42,0,0,0,Steven Matz,2026-06-20
c346708928adf58fc260ed6bff312695,,0,9,0,0,0,Hunter Renfroe,2026-06-20
ac4be24fc1e7a305cea6d60c3dbaf7c9,,0,14,0,0,0,Joe Ross,2026-06-20
c0601a9218ec44710f113604005a3cd6,,0,7,0,0,0,Austin Barnes,2026-06-20
9c456eb2028a4b0eaed88c81cc5c2981,,0,52,0,0,0,Michael Lorenzen,2026-06-20
639db54503b4523ff50af77d02ec142e,,0,433,0,0,0,Max Muncy,2026-06-20
1fcb8131146b9c460497bc424eb7dab2,,0,31,0,0,0,Aaron Nola,2026-06-20
14c0a6aff756924f7a829d941d35992c,,0,991,0,0,0,Raisel Iglesias,2026-06-20
e9b1e7bc355a96f82332a44f136ee3bb,,0,8,0,0,0,Mark Canha,2026-06-20
ea70a26946216400e510f020a5d1b05a,,0,6170,0,0,0,Tyler Glasnow,2026-06-20
524474c17e196440346d211ee38e7606,,0,25,0,0,0,Jesse Winker,2026-06-20
a9edcf9dcbbd2ec0e7c4cf97c5e01f8f,,0,50,0,0,0,Dominic Smith,2026-06-20
80d46ef9f2a05e4ee0f92e288cab66d4,,0,3339,0,0,0,Kyle Schwarber,2026-06-20
a14b90828ccad8f026652237f26bb643,,0,610,0,0,0,Carlos Rodón,2026-06-20
95f56ead3a35ded24a4a115ad1dd5b51,,0,28,0,0,0,Hector Neris,2026-06-20
00f60cb4b93e78cdf0b65106044e8218,,0,12,0,0,0,Alex Jackson,2026-06-20
87ce4a52c8febdf225fd002b2bf7fff4,,0,27,0,0,0,Jon Gray,2026-06-20
506b85d8a9cc650aa5887e947cb3b32a,,0,57,0,0,0,Michael Conforto,2026-06-20
7aa9e727d690fc29299053265a65f5d1,,0,444,0,0,0,Christian Walker,2026-06-20
4382519f2521ca668bd246e3704e3666,,0,25,0,0,0,Tommy Pham,2026-06-20
37bc3817bf50fc1aa8568275e40af682,,0,42,0,0,0,James McCann,2026-06-20
327c79e7c7170a72952bd292014b33c6,,0,8,0,0,0,Kendall Graveman,2026-06-20
38ab87643030dcb61d34e8469a41c660,,0,448,0,0,0,Yimi García,2026-06-20
1f79a08e4ea21cdb1beab70f252ff77e,,0,45,0,0,0,Chris Bassitt,2026-06-20
2608e6125f7270ce6a60fbb84025286b,,0,4188,0,0,0,Corey Seager,2026-06-20
cb41a03e0058251e626e15f49f20992f,,0,28,0,0,0,Andrew Chafin,2026-06-20
74414a802d0a57b55a5c78d759c29c19,,0,75,0,0,0,Chris Martin,2026-06-20
753e4fbdc07cc19d8a3bd7af7d3b0e68,,0,8,0,0,0,Chris Taylor,2026-06-20
382a66d9f45af2203b58436ca6fc4528,,0,33,0,0,0,Christian Vázquez,2026-06-20
a398bb48e8a5ab5c896bb8c2feb5eca4,,0,39,0,0,0,Enrique Hernández,2026-06-20
deffe6d6252ad606af887d356fe30b93,,0,139,0,0,0,Jorge Polanco,2026-06-20
f51845d75a9d8a8b7386865edf940dd0,,0,4181,0,0,0,Mookie Betts,2026-06-20
5bd85b8288881ed95fade22d867a792a,,0,27,0,0,0,Tyler Matzek,2026-06-20
12165416b6277ea19b2a00d178a464f4,,0,123,0,0,0,Kirby Yates,2026-06-20
b8dea6835754db72ec1644aeafb0fb9a,,0,59,0,0,0,Miguel Rojas,2026-06-20
8cb6ef3efa9fdef784ece7cb0bfe292f,,0,149,0,0,0,Eugenio Suárez,2026-06-20
35b901955691516d2be98743275265c1,,0,7,0,0,0,Jesse Hahn,2026-06-20
6412297996720220ec393d67bfd921f5,,0,8,0,0,0,Jon Singleton,2026-06-20
038f31cefb29e169e23877226fbadaa8,,0,28,0,0,0,Anthony DeSclafani,2026-06-20
1a2e99ad765178f30c3dbdde305c0859,,0,31,0,0,0,Lance McCullers Jr.,2026-06-20
97678583a0384d8dd5b7242298a5bdc6,,0,97,0,0,0,Randal Grichuk,2026-06-20
be1c850e22b08165923ab513481fb70b,,0,33,0,0,0,Blake Treinen,2026-06-20
03fd12e3e10cfd45bc6a05dec4a81164,,0,98,0,0,0,Nick Martinez,2026-06-20
ba62265d95f66fc79c5b6d1d72790855,,0,48,0,0,0,Tommy Kahnle,2026-06-20
5730fd60431507ed663a0f615e93766d,,0,7,0,0,0,Marcus Stroman,2026-06-20
4e196c97d77b6200ded6523bd898c71f,,0,28,0,0,0,Robert Stephenson,2026-06-20
3ad82b308c619a30af8f7ed3428417d0,,0,153,0,0,0,George Springer,2026-06-20
f55e067a0f200d5ba177f25231ecf6c7,,0,54,0,0,0,Jorge Soler,2026-06-20
41738506f6f3b4d3851207d767174464,,0,37,0,0,0,Gary Sánchez,2026-06-20
9873324cc1e09041a18251beb5a86204,,0,42,0,0,0,Joc Pederson,2026-06-20
dcf9654098e95e54b1a06eb51aebb992,,0,27,0,0,0,Rafael Montero,2026-06-20
7cbd3f3cd6427d285c5291f74e1f8b8c,,0,33,0,0,0,Caleb Thielbar,2026-06-20
9ab8b15928ff53c63ad431a55f27151a,,0,28,0,0,0,Luke Jackson,2026-06-20
3af57da8d8a92d93db33ab45cd56049b,,0,12,0,0,0,Austin Hedges,2026-06-20
56784bc9b2976bee33c8360c705b6fc3,,0,943,0,0,0,Carlos Correa,2026-06-20
470c2840cf8996debb9cd71f0de9b569,,0,7,0,0,0,Kris Bryant,2026-06-20
56f17269bcaa75fdc190d163de444c65,,0,25,0,0,0,Javier Báez,2026-06-20
714c4e695a6b410b252f811fe4b527fd,,0,27,0,0,0,Nick Castellanos,2026-06-20
899f396e15e38bdfd8f6141ecca5e511,,0,27,0,0,0,Taijuan Walker,2026-06-20
1dd516c3113178e0c11da437be0dade5,,0,92,0,0,0,Xander Bogaerts,2026-06-20
c84d7642d063256592a3521bd64d20af,,0,665,0,0,0,Christian Yelich,2026-06-20
738f3c75087528d0f7ae48c84646cded,,0,27,0,0,0,Michael Tonkin,2026-06-20
ed53ed5edcd037799a47fba92e48c49d,,0,145,0,0,0,Michael Wacha,2026-06-20
7dc3697854dc6ffaaff9b82fd7ce30d2,,0,1327,0,0,0,Kevin Gausman,2026-06-20
a01fbcbe290203e804fb21b01d19bd26,,0,47,0,0,0,Patrick Corbin,2026-06-20
ea2f253d735968487cd4094ff63c828f,,0,52,0,0,0,Marcell Ozuna,2026-06-20
62746e663c3c8c9981417814f336d503,,0,7,0,0,0,T.J. McFarland,2026-06-20
cc0c393eeb4b0c281285675eefb724cc,,0,8,0,0,0,Anthony Rendon,2026-06-20
873258db6ddfd30f022361e1cf3b09a6,,0,150,0,0,0,Manny Machado,2026-06-20
e9d8d732b6cb936b4e21ef7eae89f1d9,,0,38,0,0,0,Starling Marte,2026-06-20
088de0083d121515ac47dd291f3a7c7a,,0,25,0,0,0,Donovan Solano,2026-06-20
165528023b5ffc970d04ea86d0831551,,0,28,0,0,0,Jose Quintana,2026-06-20
f0a9d42b74d1c796c0f27e55143be102,,0,52,0,0,0,Miles Mikolas,2026-06-20
29a43b2af7f8d1895dfcef42f740a34f,,0,25,0,0,0,Travis d'Arnaud,2026-06-20
c15f24dff39ce1ccff4dc7a91dbafcf4,,0,663,0,0,0,Gerrit Cole,2026-06-20
2898bd1c40495e0d55d441c271412ca0,,0,152,0,0,0,Nolan Arenado,2026-06-20
e50886ea0defa1574957c9ef06468ceb,,0,27,0,0,0,Alex Cobb,2026-06-20
5683ba3203ab9329c182852d939d1af3,,0,445,0,0,0,Giancarlo Stanton,2026-06-20
353526353a2344b78720600b0e0cde48,,0,28,0,0,0,Drew Pomeranz,2026-06-20
52a972b47cb77bb87edccd02c1b140a0,,0,27,0,0,0,Liam Hendriks,2026-06-20
05c1a44d2f180f7935f5179781812b48,,0,40,0,0,0,Salvador Perez,2026-06-20
12e29c14e712f06bf6acab7c2651c40d,,0,7,0,0,0,Wade Miley,2026-06-20
68a8bb5178ef1a34a3d2984bafb2f24b,,0,670,0,0,0,Nathan Eovaldi,2026-06-20
c69147b4fab6c6ad62cfe66e9b4c9f63,,0,142,0,0,0,Paul Goldschmidt,2026-06-20
effe2ba20c0c40fc4887e6b536c3639c,,0,148,0,0,0,Jose Altuve,2026-06-20
4367cd34edcbc778626726e9fee421c9,,0,3390,0,0,0,Mike Trout,2026-06-20
22fe2d7f86f63909f4b014fb55b59d73,,0,119,0,0,0,Jameson Taillon,2026-06-20
78a7126af4633c953072db13ed233844,,0,129,0,0,0,Shelby Miller,2026-06-20
c174749b07fde305db04db10e2e9a307,,0,7,0,0,0,DJ LeMahieu,2026-06-20
2ee26aa9d918d0cabc1e566656cb77a6,,0,27,0,0,0,Andrew McCutchen,2026-06-20
7a37a325c1569e003daae1d9b21ac07e,,0,4100,0,0,0,Bryce Harper,2026-06-20
c96cd8f3f54b5357aa7f97e3fb4dbe91,,0,25,0,0,0,José Iglesias,2026-06-20
9026e0071c6e7e24f8a10933a55a79dc,,0,446,0,0,0,Kenley Jansen,2026-06-20
cc7a9cf1e7d8636a37308b0646d69d5e,,0,28,0,0,0,Adam Ottavino,2026-06-20
f8bbde6d9412652d26b3a4c0188f7a8e,,0,44,0,0,0,Craig Kimbrel,2026-06-20
5035d264851d58be8cdc6f7b6600f8ab,,0,25,0,0,0,Wilmer Flores,2026-06-20
18fb170d279b50a27c14a879315667fe,,0,25,0,0,0,Justin Turner,2026-06-20
c1892a112934ad834409b1954b0aa42c,,0,27,0,0,0,Carlos Santana,2026-06-20
38287f1a7cc04a5bcdb0b3293bdb221c,,0,8,0,0,0,Jason Heyward,2026-06-20
c6de48ec871261df1316554bfea59bd2,,0,28,0,0,0,Charlie Morton,2026-06-20
e4039113fbf90d8b66a4887dc2c8a331,,0,44,0,0,0,Max Scherzer,2026-06-20
02a6168e7e1d4384f2fe188dfc23d476,,0,2877,0,0,0,Maikel Garcia,2026-06-20
befdfe86a07f240dc34cf8d13cddb4cb,,0,3890,0,0,0,Judy Johnson,2026-06-20
7a96a1e378a4fe8a871bbdc11509c2d6,,0,3892,0,0,0,Oscar Charleston,2026-06-20
0a93d4bc556e7378a871349e8ef8c898,,0,3900,0,0,0,Leon Day,2026-06-20
4f2bd9c8221f2c4db17c178fec8994cb,,0,3897,0,0,0,Larry Doby,2026-06-20
e07b766d29985cbd7e3e8460a6c8243a,,0,3939,0,0,0,Ceddanne Rafaela,2026-06-20
ba5b0fea3c6f370a5624f621fe4f9169,,0,35,0,0,0,Juan Morillo,2026-06-20
1db7f0ddaddfc659a832a23895a4124b,,0,21,0,0,0,Drew Anderson,2026-06-20
a80d26fe565a5f3a2334508b57f3ba7b,,0,27,0,0,0,Justin Verlander,2026-06-20
2d4018683007b3265a92fb16f0c34d2f,,0,7,0,0,0,Rich Hill,2026-06-20
b601a27468272597fb12ac3d75ac18c1,,0,27,0,0,0,Luis Garcia,2026-06-20
e5af8cf66b677b8a0b2f0a2c7228a545,,0,9,0,0,0,Juan Brito,2026-06-20
cdedfd4291c02cf7d3d4e6a1af0de4cb,,0,43,0,0,0,Mark Leiter Jr.,2026-06-20
fb64c519c86a16332cc9b50287744724,,0,2529,0,0,0,Chipper Jones,2026-06-20
371e662f8f8f50d323f82efedcc6e34f,,0,1671,0,0,0,Willson Contreras,2026-06-20
cd2a0e239c3a0189c2ea0b709c533212,,0,2541,0,0,0,Kenley Jansen,2026-06-20
beaf81811daef995a8a2dd204db87014,,0,349,0,0,0,Tommy Kahnle,2026-06-20
453321beaa5d602172c9bdcd725e744f,,0,2514,0,0,0,Manny Machado,2026-06-20
7bbdb0a92290fab71ee9cb58f7676471,,0,2568,0,0,0,Aaron Judge,2026-06-20
43710de8123113bc12d7ce2c96da825b,,0,1676,0,0,0,Kyle Teel,2026-06-20
3406ef3298c4596818496d574aecf1a6,,0,2639,0,0,0,Jazz Chisholm Jr.,2026-06-20
130c6294264c69d8117cd513b88432ce,,0,3093,0,0,0,Willi Castro,2026-06-20
76b20a86e777d7d268b66eff98b9b009,,0,2887,0,0,0,Josh Naylor,2026-06-20
a429fbe59173826c21461c2e56f34f76,,0,2535,0,0,0,Roy Halladay,2026-06-20
8cbee94e434c4b7e5ac051bc2f9242ca,,0,2519,0,0,0,Ken Griffey Jr.,2026-06-20
13f103e8a91c0210d77c882e92dca414,,0,3900,0,0,0,Toni Stone,2026-06-20
7f39a51b9239ba9984351c4811dfa168,,0,3891,0,0,0,Rap Dixon,2026-06-20
