uuid,item_id,best_buy_price,best_sell_price,buy_order_count,sell_order_count,completed_orders,market_name,scanned_at
81fb5e540ef2220e9a66f8441ba750b3,,720000,783999,0,0,0,Shohei Ohtani,2026-05-25
3b561bcca8749f3fd17c99d863a95c2e,,505006,555556,0,0,0,Aaron Judge,2026-05-25
ac07c444003935aa5f36fd94426986a2,,293000,329535,0,0,0,Carlos Santana,2026-05-25
8f8f2d50a08af1f0b2b3f3897125ea96,,250634,290498,0,0,0,Ken Griffey Jr.,2026-05-25
aa3a9418f5c3c7e412ae475d775be398,,192600,207498,0,0,0,Ted Simmons,2026-05-25
cbc5dd546069c2e9d92eda1ab341fe22,,118213,137900,0,0,0,Mike Trout,2026-05-25
81de8b3d6f3f39a13a8a6c055a895774,,104101,119499,0,0,0,José Ramírez,2026-05-25
cf6870de18c3b8e2714636f2dc8f6348,,101718,114453,0,0,0,Jorge Posada,2026-05-25
891e73463cf34cc7668a0d27e0b44623,,100017,113197,0,0,0,Juan Soto,2026-05-25
81a768d1d436f1dfe4c22a32c0e53239,,99000,111008,0,0,0,Francisco Lindor,2026-05-25
b3fee71ff1f8b8a3886742d0edf68645,,90650,105999,0,0,0,Babe Ruth,2026-05-25
51a66c3d75e9adb00935c4030c455ec5,,89301,100999,0,0,0,Aroldis Chapman,2026-05-25
e3b11d9c0c1c475efd98ee8142e71a23,,86061,97665,0,0,0,Yordan Alvarez,2026-05-25
c2d9aeefe0257a97dc39aca5818aa47d,,85601,96747,0,0,0,Tarik Skubal,2026-05-25
2667e26525efd227c0197abe06c90175,,77001,87200,0,0,0,Cody Bellinger,2026-05-25
98e9958f7cc1460b84db83183aef7f73,,75001,88120,0,0,0,Michael Arroyo,2026-05-25
a3b52fd737cde5a076ca32fe854d623d,,72714,83256,0,0,0,Ketel Marte,2026-05-25
4eb647cc05a222fef1cf10216490f337,,72050,80913,0,0,0,Craig Biggio,2026-05-25
b4d18dfeb0c12adad6c47445f70984fb,,71000,78999,0,0,0,Paul Skenes,2026-05-25
81608f307e2567a6ee1c7b68f7ff22bf,,68000,71997,0,0,0,Cal Raleigh,2026-05-25
d38565a6cd5e06a98a5095ca9479044e,,63558,72987,0,0,0,Juan Soto,2026-05-25
dc5795d3696de8af140af934297c28cd,,63500,72968,0,0,0,Giancarlo Stanton,2026-05-25
33819b6da6041d1f28ec3f9aa9f45276,,63121,65999,0,0,0,Andrew Miller,2026-05-25
afa11f4e20979224d5cbf8ccd4764ad4,,60000,66878,0,0,0,Bobby Witt Jr.,2026-05-25
3174a44fe6060312e9827b65c43c937f,,58028,67752,0,0,0,Randy Johnson,2026-05-25
506b4af24046e8632132d2fc6cfb3672,,57899,69179,0,0,0,Blake Treinen,2026-05-25
f99993fae388bfdceac718d37de43927,,53931,67826,0,0,0,Lazaro Montes,2026-05-25
441dea2f123999e0b4cc292c6d26f1c2,,53009,59999,0,0,0,Francisco Lindor,2026-05-25
60f7a03623246c029f50a8c4b7003bbe,,51360,68764,0,0,0,Franklin Arias,2026-05-25
7f0abbfb71f1e1d10275b800f9c667c1,,50005,55975,0,0,0,Jacob Misiorowski,2026-05-25
b6156a5119ace97d22c359bb84e385b4,,47560,53000,0,0,0,Adley Rutschman,2026-05-25
9d2dcc7afd6b9cc8d7c823c0596a5945,,46445,54795,0,0,0,Mookie Betts,2026-05-25
8e30e079501785144f8c1423b4a786cc,,45732,52222,0,0,0,Charlie Condon,2026-05-25
dea507a3547c0992934802068d961d8d,,43642,49580,0,0,0,Eddie Rosario,2026-05-25
0b8577788fcd1af6b77f5c206e2cf6a6,,42398,47998,0,0,0,Ted Williams,2026-05-25
968cd58ad7d5b41c05d106e4159b50d5,,42106,47998,0,0,0,Mason Miller,2026-05-25
a2cf05c2150d3dda2494039ecb9208bf,,42020,47907,0,0,0,Yordan Alvarez,2026-05-25
94b6a480b136b70cafd0100c5faf60cb,,40000,43955,0,0,0,Alex Bregman,2026-05-25
694e6aa24631c7eafa5cc17da782e0c8,,38888,42700,0,0,0,Munetaka Murakami,2026-05-25
4afa0d2b127c6779bfec904f052d1345,,38833,44032,0,0,0,Kade Anderson,2026-05-25
5274369d7a16d1752c69ea368438fc4a,,38750,41241,0,0,0,Chris Sale,2026-05-25
6140bef83c36741aaf6ee0eaf588258a,,38599,43990,0,0,0,Julio Rodríguez,2026-05-25
fe2d583b5535343cd889508b5a1ddb48,,36000,39887,0,0,0,Felix Bautista,2026-05-25
a9185a258e8bc489fc4115896e6b776f,,35981,40981,0,0,0,Rainiel Rodriguez,2026-05-25
31949b45b3dc7ec832527e4a89290666,,35475,40600,0,0,0,Ronald Acuña Jr.,2026-05-25
f29963720bd344f248b73e0876055828,,35189,42730,0,0,0,Geraldo Perdomo,2026-05-25
40efc00693a0d7c7dd7728b8932a55e0,,35000,38960,0,0,0,Bob Gibson,2026-05-25
39c5b90564971fa138921de581f3677d,,34501,38000,0,0,0,Jose Bautista,2026-05-25
91bedcc283ad42858feb529883901ee2,,34003,38849,0,0,0,Clayton Kershaw,2026-05-25
47c5fc901076b6ab230eaa836e2c2acc,,34001,38432,0,0,0,David Ortiz,2026-05-25
4721b4178756914991bae028c5be37d8,,33355,37000,0,0,0,Aaron Ashby,2026-05-25
95330eb7e954cdeed7fd37b81c0a85da,,33340,39165,0,0,0,Eli Willits,2026-05-25
30149f914608cc841518652a5d4feeeb,,33000,36190,0,0,0,Mike Moustakas,2026-05-25
b4657707a9e031cdf6b9a13a1ac242eb,,32301,36431,0,0,0,Manny Machado,2026-05-25
eb6a571fa60b0c9c239b6606d31f0943,,31159,35249,0,0,0,Ray Durham,2026-05-25
1ca21fc13eff71d412d25d41c49770d9,,30852,34925,0,0,0,Logan Webb,2026-05-25
fab64afcb92366cc9c821d04c9b0bcde,,30716,35000,0,0,0,Bryan Reynolds,2026-05-25
01193b4fa44239fd3137f7b9e5fcc31a,,30398,34331,0,0,0,Cam Schlittler,2026-05-25
f1826acd9fc89e52e4de3d0f9b274bc1,,30069,35090,0,0,0,Austin Riley,2026-05-25
cfc132300cd15824f137b7a788e8b5d5,,29702,33250,0,0,0,Rafael Devers,2026-05-25
76361b7413b09a76459fb9a0b3db4c98,,29536,33588,0,0,0,James Wood,2026-05-25
28f86e9d224952216dd7c34104e05833,,29375,33650,0,0,0,Ildemaro Vargas,2026-05-25
c37610e4a9110124aefa0ee7c97e3e76,,29193,33239,0,0,0,Chase Dollander,2026-05-25
d04dceb8c77c360045aa4dbcf958a265,,28660,32376,0,0,0,Jim Johnson,2026-05-25
59be57eec45dc1719c7864a2f0e762a4,,28194,31994,0,0,0,Matt Olson,2026-05-25
54bc5899fae125a92c51e34b3947cc18,,27825,31249,0,0,0,Griffin Jax,2026-05-25
1cb0a97de147453847113a970b222ef7,,27312,31198,0,0,0,Biz Mackey,2026-05-25
8a77ae24d68a7d253c9ecab8fd5eb846,,27089,30849,0,0,0,Xavier Edwards,2026-05-25
5324375750d938b2efa533bc112c2607,,26950,31400,0,0,0,Kenley Jansen,2026-05-25
a4c9b0b64e6aabf714cd5d9f3e9a080a,,26726,29950,0,0,0,Lourdes Gurriel Jr.,2026-05-25
4f9e51c65b7201d9cd4882e3d7ea56ec,,26682,31000,0,0,0,Michael King,2026-05-25
3e146c29c10b81db03db211a9bc8f3c3,,26355,68425,0,0,0,JJ Wetherholt,2026-05-25
948e97cf3ac517d3d3b942ae0c6a5a5a,,25661,29185,0,0,0,Trea Turner,2026-05-25
eb63be93ed06d7dcd349a9be82ef8f2e,,24224,26999,0,0,0,Travis Bazzana,2026-05-25
5ec1f160346292fccfa97ea915f79af6,,23924,27246,0,0,0,Brice Turang,2026-05-25
32d1a39759d07d97c0afb7758c8bbf5a,,23710,26800,0,0,0,Christian Yelich,2026-05-25
670e048538c613f6c8b25baf031bb5df,,23500,26723,0,0,0,Andy Pages,2026-05-25
d6262167d4e079b8221e40f0d279d51b,,23333,25602,0,0,0,Trevor Hoffman,2026-05-25
cd182c62478a5d2b2b4e51693f0e6875,,22502,25280,0,0,0,Jordan Walker,2026-05-25
721c853555d0cf1fd8e1072f622dcc9b,,22502,25500,0,0,0,Colson Montgomery,2026-05-25
b25e0da16f9ddbec50d1d0169a1061b6,,21553,25334,0,0,0,Jake Arrieta,2026-05-25
7654bca15889263f0ed5d0a6d07f8d65,,20515,23349,0,0,0,Freddy Peralta,2026-05-25
a6de159b5f90e06c3321c845630c6ee4,,19500,22699,0,0,0,John Donaldson,2026-05-25
c6aff446c59619c542634808fa2aed5a,,19418,21950,0,0,0,Byron Buxton,2026-05-25
00ad3458ea1370e9fe337ec711068803,,19367,22097,0,0,0,Jacob deGrom,2026-05-25
cb4514ef8ca935c93a2c0e8ddc86f022,,18439,21054,0,0,0,Zack Wheeler,2026-05-25
cb329945c3284e6402bbb8d5b1adb199,,17657,19999,0,0,0,Garrett Cleavinger,2026-05-25
b6148a45d591e65fee6e3b08c9573817,,17555,20057,0,0,0,Ryan Sloan,2026-05-25
cf26f7e3597b0db95c10819cf9b25c63,,17350,18809,0,0,0,Bernie Williams,2026-05-25
b82297654b90adbafdd9264ae5ee1163,,16914,19440,0,0,0,Jesús Made,2026-05-25
271dbca36cb947d3adab0045410a35c7,,16839,18755,0,0,0,Tyler Glasnow,2026-05-25
c2a436c821e9109716ffe2d5962bb82b,,16826,19152,0,0,0,Sammy Sosa,2026-05-25
e0e30caea9b513585c2ab4b97dbd2451,,16715,18887,0,0,0,Sandy Alcantara,2026-05-25
2ac9ebc51afdc8c3369576d291b92f17,,16509,18858,0,0,0,Max Clark,2026-05-25
4f814b42cb7d5a0038d971f31b6c07ae,,16346,18482,0,0,0,Bobby Abreu,2026-05-25
5fe05e1065c026ec88edd48e841c80a7,,16250,18250,0,0,0,Max Muncy,2026-05-25
349a3aefd6546ee63be954f15047eb4d,,15719,17999,0,0,0,Gunnar Henderson,2026-05-25
1ab73eafe2845f50ae119f3af6cbadbb,,15651,17600,0,0,0,Aroldis Chapman,2026-05-25
b7f53638480b48fdd78315202a5a4500,,15609,17620,0,0,0,Brian Roberts,2026-05-25
77f4f726f0b03e6c0591c3c48dc5f714,,15213,17388,0,0,0,Leo De Vries,2026-05-25
06ad210e966bbbe0c2102a06d9178d9f,,15202,18640,0,0,0,Noah Schultz,2026-05-25
9352debab68249703ffe4b9ed4104477,,15021,20098,0,0,0,Jamie Arnold,2026-05-25
505630177a86234a71d75fa88052c44f,,15000,16476,0,0,0,Josh Gibson,2026-05-25
27d3fa31f100678ae71241c7bf8a2fb0,,14939,16999,0,0,0,Spencer Strider,2026-05-25
d6bc9e26c87097367761957e72dcc9f9,,14002,16427,0,0,0,Daylen Lile,2026-05-25
865aa00e7873e44460a67f36111c3251,,13999,14530,0,0,0,Chris Sale,2026-05-25
a3c2c00e2982953cde6291b171b919e1,,13900,15650,0,0,0,Victor Martinez,2026-05-25
3085cf3f2cbe7bd30a1d57bcb4e4f4fc,,13501,15339,0,0,0,Louis Varland,2026-05-25
a83663d71e05e73b14ca2267dfb59882,,13411,15270,0,0,0,Michael Young,2026-05-25
fee1d1493de43a9b29cdc6b4d0bbc3d8,,13351,15134,0,0,0,Tatsuya Imai,2026-05-25
853b211a8bf0ca8eb2789740589d1232,,13300,14459,0,0,0,Dave Parker,2026-05-25
871b3abdcf3c51fb0677673d34956608,,12890,14776,0,0,0,Jarren Duran,2026-05-25
1e8c529acaf86b9b0145bcf5c78c6b7c,,12868,14847,0,0,0,Ryan Walker,2026-05-25
ba2338249986311aeebb6f32b5a4d89e,,12800,14555,0,0,0,Taylor Ward,2026-05-25
cd2a0e239c3a0189c2ea0b709c533212,,12787,14547,0,0,0,Kenley Jansen,2026-05-25
a429fbe59173826c21461c2e56f34f76,,12696,15230,0,0,0,Roy Halladay,2026-05-25
c700c506cc45e9cce237d0be72f37d89,,12650,14349,0,0,0,Jorge Polanco,2026-05-25
4b62f838c8200a9212849764f77ba711,,12563,14271,0,0,0,Edwin Díaz,2026-05-25
2ea5f498d83f966be7ebb35211b6bc7a,,12559,14258,0,0,0,Sean Burke,2026-05-25
d6b54c75e6ff3386283234650d57870b,,12512,14138,0,0,0,Salvador Perez,2026-05-25
0fd554ba48f588ddaaf3deb76b5e8856,,12501,14178,0,0,0,Jeremiah Jackson,2026-05-25
3406ef3298c4596818496d574aecf1a6,,12335,13959,0,0,0,Jazz Chisholm Jr.,2026-05-25
453321beaa5d602172c9bdcd725e744f,,12287,14650,0,0,0,Manny Machado,2026-05-25
8cbee94e434c4b7e5ac051bc2f9242ca,,12249,12999,0,0,0,Ken Griffey Jr.,2026-05-25
ff34853531ed8a42c3cd7fdecef28ef6,,12201,13976,0,0,0,Johnny Damon,2026-05-25
58ba0106c48e783aea2e6bec95f00835,,12001,13669,0,0,0,Ozzie Smith,2026-05-25
1e67d05d38393c744524f1b0abb57fd6,,11653,13283,0,0,0,Angel Martinez,2026-05-25
322fb687853d2ab4d3298efd7d9aa686,,11252,12785,0,0,0,Adam Dunn,2026-05-25
83fe18dc984c3fb82de72075332e525a,,11065,12596,0,0,0,Kyle Finnegan,2026-05-25
94795ae845d549e4aa6bf9bf7fbe70c1,,11014,12498,0,0,0,Wade Boggs,2026-05-25
7bbdb0a92290fab71ee9cb58f7676471,,10920,12507,0,0,0,Aaron Judge,2026-05-25
4fda87836c0d2673a1624846fdfaa2b7,,10625,12188,0,0,0,Corbin Carroll,2026-05-25
de0b14d910be110526f35d9f7a38041e,,10578,11994,0,0,0,Bobby Grich,2026-05-25
13153e488e46cab54a62525a179cafa0,,10379,11925,0,0,0,Andrés Muñoz,2026-05-25
fb64c519c86a16332cc9b50287744724,,10294,11726,0,0,0,Chipper Jones,2026-05-25
9f2d98426f293a2ea9215d98ae4b8fdd,,10111,11512,0,0,0,Willie Mays,2026-05-25
6166c89f6d1b136db28ba74b2922531e,,10005,11110,0,0,0,Gil Hodges,2026-05-25
f13564574664a0cb139cd91723dc0b11,,9741,11001,0,0,0,Emerson Hancock,2026-05-25
1f92f88ca74a2e388a30d538b425b097,,9635,11994,0,0,0,Michael Harris II,2026-05-25
18cf0978a627154692733f1d7fb8dea9,,9607,10891,0,0,0,Mark McGwire,2026-05-25
9c6cfb193a2d8261bb535bd154478a81,,9592,10899,0,0,0,Willson Contreras,2026-05-25
7a0ee522cb594ef3764979a02a1fb546,,9454,10778,0,0,0,Scott Rolen,2026-05-25
85e90d7a758786bb9a13967f98749946,,9327,10749,0,0,0,Bob Feller,2026-05-25
a1743a162c13e95d81f7ffef209f2f52,,9298,10699,0,0,0,Vladimir Guerrero Jr.,2026-05-25
1ac28faa086a77192e995bd75e4868ad,,9024,9998,0,0,0,Anthony Santander,2026-05-25
c66200564256e28aa5e85dc120c1d044,,9021,10855,0,0,0,David Justice,2026-05-25
5ef4b30c20b42cd3ccc640e3fc5c324c,,9002,10200,0,0,0,Tommy Edman,2026-05-25
84dc65acecb693bf345c436db85b2312,,8552,9502,0,0,0,Sal Stewart,2026-05-25
5bc94899ab8dade086032049e9d4636c,,8106,9447,0,0,0,Christian Walker,2026-05-25
1fef9735e1e801ef78c291c5dcd50081,,8008,9173,0,0,0,Junior Caminero,2026-05-25
471dfe3d49eb99ee07881cda44b0142c,,7741,9191,0,0,0,Bryce Harper,2026-05-25
6d2a46efca22ab816e44a3cd71b707ca,,7690,7699,0,0,0,Roman Anthony,2026-05-25
8c0b39e497ed9778ac3672a68d4571f2,,7566,9990,0,0,0,Shohei Ohtani,2026-05-25
81b7f31c588e43f15e56c4e219b0f746,,7554,8790,0,0,0,CC Sabathia,2026-05-25
87b535ae02dc75b52da639e05e005adf,,7515,8500,0,0,0,Chase DeLauter,2026-05-25
84a623a0cb516e0c31a8535e0f40a564,,7500,8480,0,0,0,Jacob deGrom,2026-05-25
b39c198cd2053380dd48fb0584fe7d11,,7436,8453,0,0,0,Eugenio Suárez,2026-05-25
4cd96c43cd52cb8635059c29ddcc6092,,7103,8099,0,0,0,Carlos Santana,2026-05-25
8eb54861dd79ad4f4ee7aa3f3a267a7f,,7050,7766,0,0,0,Marcus Semien,2026-05-25
93e35f0b21665bd1ffa422c5273b33cb,,7050,7889,0,0,0,Sonny Gray,2026-05-25
0a6108ef071f9526a9826b2b0950784d,,7001,8197,0,0,0,Bobby Doerr,2026-05-25
25696e2f8629b64ecee949c1ecc2c9c1,,6845,8083,0,0,0,Bryce Elder,2026-05-25
56980d217eabeaa40c3d4bc3e1aaf21d,,6817,7730,0,0,0,Liam Hicks,2026-05-25
4cafcd48ac7160fa926a49135f0b5084,,6677,7630,0,0,0,Harry Ford,2026-05-25
80e54de36f9c3f4ef599c6d5cb3888ef,,6650,7439,0,0,0,Nick Castellanos,2026-05-25
ddd3238528d22c9c5894b8481e23382a,,6351,7195,0,0,0,Cedric Mullins,2026-05-25
b9292789114346fec5c00496a97cd14c,,6262,7268,0,0,0,Moisés Ballesteros,2026-05-25
eef6bd05828c7d6f48ed9f69017c094c,,6114,6995,0,0,0,Carlos Cortes,2026-05-25
a89e83a2a27fe63df52d41c544b55296,,6100,6749,0,0,0,Framber Valdez,2026-05-25
f2994eb08dae9747015be8b5969a5448,,6076,7045,0,0,0,Kensuke Kondoh,2026-05-25
7ad75a202714975c1d326025897f1fcb,,5735,6797,0,0,0,Bo-gyeong Moon,2026-05-25
b43c5df5574f3a06122fff41e9ff634b,,5301,6406,0,0,0,Yoshinobu Yamamoto,2026-05-25
4803d027ed3447b312391dba5267ab32,,5199,5952,0,0,0,Jose Altuve,2026-05-25
84b475af227e8c2541feaf88a1b3dba2,,4776,5479,0,0,0,Ryan Braun,2026-05-25
20510b4c27bf2d3b6ca9c3014c842971,,4757,5199,0,0,0,Corbin Burnes,2026-05-25
7a37a325c1569e003daae1d9b21ac07e,,4750,5199,0,0,0,Bryce Harper,2026-05-25
d7588ca203a087a633eb1fc0879de324,,4612,5299,0,0,0,Dansby Swanson,2026-05-25
da8457ace391f2c481327fb7362040bb,,4601,5189,0,0,0,Alejandro Kirk,2026-05-25
2a85b94ca984bf8a8298b84af3d29d7e,,4544,5089,0,0,0,Troy Glaus,2026-05-25
16f4813c1f942ad70178cebd1945f96f,,4510,5184,0,0,0,Freddie Freeman,2026-05-25
f51845d75a9d8a8b7386865edf940dd0,,4505,5147,0,0,0,Mookie Betts,2026-05-25
1cd69ec11f87f65140956dccc4dcf280,,4251,4830,0,0,0,Rodolfo Durán,2026-05-25
dea2b8c67c875fff9a44ef152877cedf,,4250,4815,0,0,0,Henry Bolte,2026-05-25
61b078d620838115e4c26a47b0ec3891,,4138,4703,0,0,0,Will Smith,2026-05-25
f1ab3e1a470dcaac007fb25c697abf3f,,4077,4600,0,0,0,J.T. Realmuto,2026-05-25
c851b6bf66bac6ef2e423af6ca89913a,,4018,4545,0,0,0,Curtis Granderson,2026-05-25
95a5abdcfd79ed463c41e4ff62fab497,,4010,4999,0,0,0,Hunter Brown,2026-05-25
16ec1b7df5720ef82497f8eb511e21a3,,4008,4575,0,0,0,Don Baylor,2026-05-25
f95262f53ccdcba9983a7a0ea7e64e95,,4003,4522,0,0,0,Barry Larkin,2026-05-25
9bc371df9290965562c6c3b72f7f6853,,4000,4530,0,0,0,Eddie Murray,2026-05-25
a3e2af6b28600e2ecb0db7de0ac6c04b,,3908,4418,0,0,0,Eddie Mathews,2026-05-25
b6f7cb36abccc5d0f8950788391236d0,,3844,4374,0,0,0,Craig Kimbrel,2026-05-25
eaa4cb7aa0e1b4f890c927c9ceb7066e,,3762,4250,0,0,0,Josh Hader,2026-05-25
f3d0852f54f308de12b0648755d5a987,,3751,4237,0,0,0,Gerrit Cole,2026-05-25
058a4620bad7fed4f960e229d5e698fd,,3751,4235,0,0,0,Kyle Tucker,2026-05-25
2608e6125f7270ce6a60fbb84025286b,,3751,4277,0,0,0,Corey Seager,2026-05-25
769d8b1add485a6a7e4a2b1b366c6a72,,3750,4199,0,0,0,Ryan Ward,2026-05-25
581a806eb67f2c7cda9dc285a6cb8536,,3750,4274,0,0,0,Garrett Crochet,2026-05-25
3e6f045aba05631c48da29aacc9b6261,,3600,3963,0,0,0,Cristopher Sánchez,2026-05-25
32a573c46f0324a762bac978d93ed80a,,3500,3948,0,0,0,Ryan Howard,2026-05-25
e87779b13df51d69b13e127eacb0bedb,,3500,3953,0,0,0,Kyle Schwarber,2026-05-25
45aa2ba3061d40614a3600ca4c4c9a37,,3500,3995,0,0,0,Nolan McLean,2026-05-25
e07b766d29985cbd7e3e8460a6c8243a,,3500,3995,0,0,0,Ceddanne Rafaela,2026-05-25
ad0fd9e615c3fd9e9baa80658adff11e,,3470,3916,0,0,0,Stan Musial,2026-05-25
6b50bb288b06d3e5f5652b9662116d51,,3100,3547,0,0,0,Gunnar Henderson,2026-05-25
5782bb44987906b8b54a8fcb1c987d8f,,3008,3428,0,0,0,Dominic Smith,2026-05-25
80d46ef9f2a05e4ee0f92e288cab66d4,,3006,3390,0,0,0,Kyle Schwarber,2026-05-25
5f74a86f361c5124d1ef06cbabad638e,,3006,3442,0,0,0,Junior Caminero,2026-05-25
1b00e5365443ddb9d6154f58f65719c1,,3001,3418,0,0,0,Corbin Carroll,2026-05-25
ddf55cbd78a6380987e0bdedc5caa6f0,,3000,3417,0,0,0,Hunter Greene,2026-05-25
ec6b5715047a5ed9589424ac2e6354e3,,2989,3420,0,0,0,Justin Crawford,2026-05-25
44b644f654f79adcc5c32ac45c1687d8,,2954,3357,0,0,0,Owen Caissie,2026-05-25
130c6294264c69d8117cd513b88432ce,,2882,3253,0,0,0,Willi Castro,2026-05-25
ded3916224a466cc6ff73aa27c765ba8,,2777,3108,0,0,0,Tyler O'Neill,2026-05-25
dda8522397f45fe7f8ff73f79f287087,,2763,3132,0,0,0,Kazuma Okamoto,2026-05-25
9525ae12d803bdfb0dad11edf48790a1,,2751,3106,0,0,0,Masyn Winn,2026-05-25
7f860f0ae8119616cccb650124f80085,,2751,3108,0,0,0,Gleyber Torres,2026-05-25
ea417dd342d3349c4a8e4a724b51cde3,,2708,3068,0,0,0,Stuart Fairchild,2026-05-25
b117a9c674bd1db26548a486cfd3f7c8,,2657,3000,0,0,0,Oneil Cruz,2026-05-25
02a6168e7e1d4384f2fe188dfc23d476,,2633,2977,0,0,0,Maikel Garcia,2026-05-25
d4c9a5a2df560fc94c20b4808c3644e4,,2569,2935,0,0,0,Yoán Moncada,2026-05-25
18b95c211affb2cc126801fc178f93b7,,2568,2952,0,0,0,Nate Eaton,2026-05-25
176996dc8c9879c432173dbb334ca6fe,,2567,2900,0,0,0,Alex Hall,2026-05-25
0bfbf00f713e487457682a4b31284d25,,2545,2877,0,0,0,Daniel Palencia,2026-05-25
0ad4523f6448e80a6fe37eef0769f4e6,,2537,2866,0,0,0,Clay Holmes,2026-05-25
d3c927fcc66b5882e1c49cd27e580781,,2530,2890,0,0,0,Jonathan Aranda,2026-05-25
bc1803df31e29cfb7e0b388f322f99fa,,2519,2871,0,0,0,Byron Buxton,2026-05-25
dcffed0b00282a280291d9989c3e635b,,2501,2827,0,0,0,Xander Bogaerts,2026-05-25
76b20a86e777d7d268b66eff98b9b009,,2470,2792,0,0,0,Josh Naylor,2026-05-25
bffa732b48a0dedd9ca13ab24e40b076,,2460,2935,0,0,0,Raidel Martinez,2026-05-25
28edce15789eceb747d4d2f13b7aefdd,,2446,2781,0,0,0,Wilyer Abreu,2026-05-25
d0d80ab388ea31685a801eab7303e45d,,2354,2818,0,0,0,Michael Lorenzen,2026-05-25
3b759b0d9e3fba4f99ce144809b75966,,2281,2580,0,0,0,Whitey Ford,2026-05-25
5bc6a088d976baf3bf6020eb2d6db9f4,,2277,2573,0,0,0,James McCann,2026-05-25
5b0a8589d88ae8b04f7ae55ce11478d3,,2275,2546,0,0,0,Ryan O'Hearn,2026-05-25
8b54fd6cf5194f3baa1ce8ac81be9769,,2251,2547,0,0,0,Robert Suarez,2026-05-25
7449f84d6d1334b8a8c1ec5cc89a807f,,2251,2542,0,0,0,Edward Cabrera,2026-05-25
b2235c000fc4c759ae0d158eabd1e6c5,,2251,2545,0,0,0,MacKenzie Gore,2026-05-25
7053cd66f81c4f7dd6c03abaaf02a2c0,,2250,2544,0,0,0,Adolis García,2026-05-25
dd2102b1d49b89cdea47f2ab54e5fac8,,2250,2537,0,0,0,Jeff McNeil,2026-05-25
1a5661acfa1eef257184e89455417880,,2250,2538,0,0,0,Brendan Donovan,2026-05-25
3fe940af6daa0433f3a3fdad16441dff,,2234,2533,0,0,0,Vladimir Guerrero Jr.,2026-05-25
eaaed6e17525f329fef14fedcf0904d4,,1966,2669,0,0,0,Ketel Marte,2026-05-25
241da8ad0157174daeea6b5264bce215,,1582,1832,0,0,0,Shea Langeliers,2026-05-25
1baa8f3043c881ac39373bebaad2e452,,1515,1705,0,0,0,Yandy Díaz,2026-05-25
7ae0e0627c217a5ad5b7d240acf7d28a,,1501,1697,0,0,0,Luis Arraez,2026-05-25
e4d9079b5e20bb24f19512cedc3f5d9a,,902,1025,0,0,0,Pete Alonso,2026-05-25
c84d7642d063256592a3521bd64d20af,,900,1019,0,0,0,Christian Yelich,2026-05-25
8c8db54e008f526e0e9f0ddf851e1e29,,753,967,0,0,0,Chadwick Tromp,2026-05-25
83a704e5b8d48c3f58cdaa93793032cb,,727,992,0,0,0,Zach Thornton,2026-05-25
08e9abf5105960fc33164375974804a3,,726,957,0,0,0,Daniel Duarte,2026-05-25
be8bb3089a194862f300b5babf9c8320,,715,943,0,0,0,Brennen Davis,2026-05-25
2f50b29f87b3faa2e0fc8459a5ea39fb,,705,913,0,0,0,Yovanny Cruz,2026-05-25
fcdcf5c3f65ca71f64e1a77b401d9e87,,663,772,0,0,0,Matt Davidson,2026-05-25
e530c3a13283bf920f787fc1e86d533c,,651,671,0,0,0,Otto Lopez,2026-05-25
42618a363c407b4e589478a9b9db2139,,647,734,0,0,0,Elmer Rodriguez,2026-05-25
e9ff5819a7bb1593c208bb867a2fb9c5,,636,697,0,0,0,Cam Schlittler,2026-05-25
55fb77566aba38ade96f2da28aae64d1,,606,693,0,0,0,Seranthony Domínguez,2026-05-25
79ec96dacdb53fcbc78cb826f9620c04,,601,681,0,0,0,Brayan Bello,2026-05-25
c3e0328a67aa26757744245a41942b61,,600,682,0,0,0,Brandon Nimmo,2026-05-25
80e7083d06ec6f2df0f8787210d63a7c,,600,670,0,0,0,Michael Harris II,2026-05-25
e25439bd0d42a5a005abc2214edf64cd,,541,727,0,0,0,Jacob Misiorowski,2026-05-25
44992727480ea7d8b83dd4368ebad930,,521,777,0,0,0,Oliver Dunn,2026-05-25
75cd8c270f40bcca3498840f91787892,,459,463,0,0,0,Chase Burns,2026-05-25
9ab261d0729c6ef94a362e1f6e75dcc6,,454,519,0,0,0,Camilo Doval,2026-05-25
060cf39a4b98cf136e75c699751e8454,,450,504,0,0,0,Yu Chang,2026-05-25
5ffedcec0dc09e3989f8cb0721fdad99,,411,510,0,0,0,Munetaka Murakami,2026-05-25
e3e1ff7d2908884667e32393caaf6e09,,300,363,0,0,0,Guillermo Zuñiga,2026-05-25
1ddd47d545b82b16c1ceea92a72c5af9,,183,286,0,0,0,Nolan McLean,2026-05-25
4928f45c3eb75e1c871c5cbe5cad500c,,172,176,0,0,0,Miguel Andujar,2026-05-25
2898bd1c40495e0d55d441c271412ca0,,172,173,0,0,0,Nolan Arenado,2026-05-25
94f8ab9e5bfe963f70e980c5a9760588,,167,171,0,0,0,Isaac Paredes,2026-05-25
9933ab4227edf9a224a0871a57e1a281,,166,179,0,0,0,Gavin Williams,2026-05-25
ad71006586a34b68db870a2c5a57f3fc,,166,190,0,0,0,Dylan Cease,2026-05-25
c3a26183b5b7514682b80bbdda5e5ea5,,165,185,0,0,0,Ildemaro Vargas,2026-05-25
5a12f832b3f714b02c366459973e5ceb,,165,170,0,0,0,Tommy Edman,2026-05-25
9362d8e2f391209fd9b3e4c3c007f105,,164,173,0,0,0,Matt Brash,2026-05-25
f61de812599096845898b305bd927478,,162,168,0,0,0,Pablo López,2026-05-25
ad61e144abe6cd16d8132eb82b26d44d,,162,186,0,0,0,Cade Smith,2026-05-25
0eaa844b6e2639e9ccf5edb5b045407e,,161,200,0,0,0,Mickey Moniak,2026-05-25
45c01906d91d8b3589613803040a914b,,161,170,0,0,0,Corbin Burnes,2026-05-25
0231dd33516be08bb127ed94c79be264,,161,194,0,0,0,Robert Suarez,2026-05-25
59c76b723735c11ce502c8c6154164ad,,158,176,0,0,0,Matt Strahm,2026-05-25
6bed9deae6ea58e8fc1fc4e0ce9c19b8,,158,168,0,0,0,Edwin Uceta,2026-05-25
e495202337a409054b2628990dc45623,,158,170,0,0,0,Yu Darvish,2026-05-25
9f706a9283a933d9d5ab9092ad3c96fd,,157,189,0,0,0,Jesús Luzardo,2026-05-25
0f4f8a34441b911299ac49d18e7ba423,,131,168,0,0,0,Xavier Edwards,2026-05-25
614f6240bfa6a73eec2e6723d8c55ee8,,129,153,0,0,0,Hunter Goodman,2026-05-25
5f0ce2aee75f53732c6d9d1e53c9db61,,128,146,0,0,0,Braxton Ashcraft,2026-05-25
9af93176b58bb55c3f235c0d2bbfedeb,,128,142,0,0,0,Eury Pérez,2026-05-25
24057f9ab80078e56fcdda0b804f3675,,128,149,0,0,0,Adrian Morejon,2026-05-25
00485b656ea0c3fe0a6ef27a887cea55,,127,138,0,0,0,Ryan Weathers,2026-05-25
865e9875b2b296281fce03e334a9fee1,,127,145,0,0,0,Iván Herrera,2026-05-25
df3d68a0fc67e10bf28b88c87b0ded23,,127,151,0,0,0,Aaron Ashby,2026-05-25
eaa378e49dfc68f55404c7a2246efbec,,127,142,0,0,0,Abner Uribe,2026-05-25
6988c11bcc98750e312047de3fadbccf,,127,140,0,0,0,Bennett Sousa,2026-05-25
8b03b664324b137f80e19dbd82fb2b98,,127,145,0,0,0,Jeremiah Estrada,2026-05-25
235a134c40b5bfafa2c1756d7b17e649,,127,143,0,0,0,Erik Sabrowski,2026-05-25
45c61bfb20ad79724ce0ea5d092331ab,,127,134,0,0,0,Justin Wrobleski,2026-05-25
4fb1eb9a7cd7ab573f57b46f57776728,,126,156,0,0,0,Colson Montgomery,2026-05-25
deffe6d6252ad606af887d356fe30b93,,126,144,0,0,0,Jorge Polanco,2026-05-25
4cd5d752f840a66c41a812b2c87fd1db,,126,154,0,0,0,Rafael Devers,2026-05-25
caaf16e544436453424abc4e2c6c9fdf,,126,141,0,0,0,Ian Happ,2026-05-25
67ebc1689dcb63ed9ffcb71ebb0e56b0,,126,146,0,0,0,Marcus Semien,2026-05-25
2b7d319b529b30d9a7856e099319a84c,,126,144,0,0,0,Ranger Suarez,2026-05-25
8a4fbef35261007a8ef2e6a0bc61b60a,,126,144,0,0,0,Edmundo Sosa,2026-05-25
eb21eae0f6435466b772def27ccbfbfb,,126,151,0,0,0,Garrett Whitlock,2026-05-25
ea695c0f60fa0717377056c14b76f540,,126,129,0,0,0,Ronny Henriquez,2026-05-25
e6fe3408c6203d8491a470acbf08c303,,126,149,0,0,0,Trevor Rogers,2026-05-25
40115f501abc9303c9b5dd7ce277fc7b,,126,146,0,0,0,Nick Lodolo,2026-05-25
22966936e0c8b00cbd3954e176b84cfb,,125,146,0,0,0,Sal Frelick,2026-05-25
1d7bea42cceb0984f059695f69f3156f,,125,150,0,0,0,Masyn Winn,2026-05-25
f4b02f159a72784c2cb0efc66bf64bcb,,125,153,0,0,0,José Soriano,2026-05-25
1d8f32bc2158c838dd2de1efad4ae032,,125,143,0,0,0,Carmen Mlodzinski,2026-05-25
f59e66ec9d93de41f80405fbf0f3f4a4,,125,145,0,0,0,Taj Bradley,2026-05-25
4373e707fa7739b400092a12b99795f4,,125,145,0,0,0,Josh Jung,2026-05-25
fad3992128efc3573f10e9c2e29a657e,,125,142,0,0,0,Alex Vesia,2026-05-25
397c4506bc45559154635235925c34ea,,125,149,0,0,0,Garrett Cleavinger,2026-05-25
fdaa827453ddc92e497c2fd4abe0b0f4,,125,141,0,0,0,Ernie Clement,2026-05-25
0bf6805b865addee3142cbbe5d06fe4c,,125,138,0,0,0,Eduard Bazardo,2026-05-25
25f5292d8b2741007dd21963fa23159d,,125,137,0,0,0,Ryan Jeffers,2026-05-25
0c453092933377fb7da88e9e344cc8ec,,125,139,0,0,0,Brendan Donovan,2026-05-25
9eb5a2bc3a8bc344ad0f7ec08d9bdc81,,125,127,0,0,0,Shane Bieber,2026-05-25
a379a1f5bb9598a61808afedfdb88a03,,125,148,0,0,0,Seranthony Domínguez,2026-05-25
acf6a4d732a2f4534bada963a514d076,,125,137,0,0,0,Tanner Scott,2026-05-25
b0df33bc0c296a7657519b8e3304f98e,,125,139,0,0,0,Brooks Raley,2026-05-25
cfc421066e1e0c972013ff2e68fff4f2,,125,164,0,0,0,Carson Kelly,2026-05-25
03f85a1ecce55c7189f455917799f465,,125,146,0,0,0,Luke Weaver,2026-05-25
408db3e3f9781754e45757d91159732e,,125,143,0,0,0,Teoscar Hernández,2026-05-25
813bdccf41c759e65b8717102a168a23,,124,205,0,0,0,Josh Walker,2026-05-25
22fe2d7f86f63909f4b014fb55b59d73,,110,134,0,0,0,Jameson Taillon,2026-05-25
4e63c14327a688cfa92bd9735027cf96,,109,118,0,0,0,Fernando Cruz,2026-05-25
0dc0c1720aa5343303a5bdb4b8295b75,,108,120,0,0,0,Kris Bubic,2026-05-25
94557d368a572d073dd6aae8f55e3984,,108,126,0,0,0,CJ Abrams,2026-05-25
bbd0930e0f6bca29eafae47b3fd88a7d,,108,121,0,0,0,Clay Holmes,2026-05-25
973c343c461feaeca95926dee290e9bb,,107,129,0,0,0,Gabe Speier,2026-05-25
5b5448ccb922bb99fc61622cee95825d,,107,139,0,0,0,Trevor Megill,2026-05-25
1209a12d553a83990c72d267e96c4c33,,107,132,0,0,0,Jazz Chisholm Jr.,2026-05-25
7e9710991246f1f678a15bafb0046477,,107,121,0,0,0,Gregory Soto,2026-05-25
7761626eea6ad3f110390634551e371a,,107,123,0,0,0,Justin Steele,2026-05-25
03715b6e6446f9cb0ab12ee10e434f3c,,107,124,0,0,0,Framber Valdez,2026-05-25
d71ff6c840121db3ea6f0a716c70f1e3,,106,122,0,0,0,Bryan Baker,2026-05-25
ed53ed5edcd037799a47fba92e48c49d,,106,120,0,0,0,Michael Wacha,2026-05-25
496a1d73b2969e061fe41ea00d627f1c,,106,126,0,0,0,Michael McGreevy,2026-05-25
dd969f0c5238edf32ea67bdab398d089,,106,150,0,0,0,Sean Burke,2026-05-25
b665dbde88b67544d5c57a3c6a54bdc2,,106,142,0,0,0,Cade Horton,2026-05-25
2cfb3393bc8ab3fb06cdbad757e0b695,,106,130,0,0,0,Jake Cousins,2026-05-25
480bc1e82a643613a9d59d2efc204aee,,105,131,0,0,0,Oneil Cruz,2026-05-25
c5a3dce4fa2f882b39641b50cced7e30,,105,126,0,0,0,Felix Bautista,2026-05-25
18dd87c0996e9fbbec2c980c0ccecf98,,105,121,0,0,0,Roman Anthony,2026-05-25
48cf29d81f4e45f38987a33600a1eae3,,105,113,0,0,0,Shawn Armstrong,2026-05-25
03fd12e3e10cfd45bc6a05dec4a81164,,105,122,0,0,0,Nick Martinez,2026-05-25
5e303884b55dfadbf9744134b978f02e,,105,120,0,0,0,Daulton Varsho,2026-05-25
9208acba78f16430696a76e874662f9f,,105,113,0,0,0,Griffin Jax,2026-05-25
2931da769cca52d74d36e22bd335ec68,,105,126,0,0,0,Shane McClanahan,2026-05-25
ea04a88e38fa4cd172419459e31b0960,,105,116,0,0,0,Andrés Giménez,2026-05-25
22acbe50386607934e0e25de6131489d,,105,122,0,0,0,Brandon Lowe,2026-05-25
454e9fcf1cbc32310bfdb2003eadaa95,,105,124,0,0,0,Tyler Kinley,2026-05-25
47a29b5025c00e58da1525015aec138a,,105,117,0,0,0,Anthony Santander,2026-05-25
fbd00d23fe1b8e56f542e12fb6d30f90,,105,119,0,0,0,Carlos Estévez,2026-05-25
855c010e110d475c891efa3b115090d5,,104,113,0,0,0,Randy Rodriguez,2026-05-25
6c407bf5ea7d9ba106d998ef00a22453,,90,101,0,0,0,Jonathan Aranda,2026-05-25
6deea1d90037ac8a9bcb7953e8f61bfa,,88,110,0,0,0,Edward Cabrera,2026-05-25
f1d59f71943e9167f938748f9d30980c,,87,112,0,0,0,Phil Maton,2026-05-25
6c2543f242b643dcd5e57e427e311456,,87,100,0,0,0,Alec Burleson,2026-05-25
52bcec9abedd7cdc96a869448c5780b7,,87,116,0,0,0,Jake Mangum,2026-05-25
126f262aa060015fa9b69a84cded17db,,86,88,0,0,0,Payton Tolle,2026-05-25
3753c5f0a7298b22fdc53a7240f6c33a,,86,95,0,0,0,Shane Smith,2026-05-25
ab7be3366d7c6386894917545e7cd9dd,,86,96,0,0,0,Kerry Carpenter,2026-05-25
732662c10a8a661e561dfc304461ce7a,,86,90,0,0,0,Spencer Steer,2026-05-25
86eb7145302a8c64a3bd3bcd7e914f9d,,86,97,0,0,0,Vinnie Pasquantino,2026-05-25
bf0f2616d74a61d4d638e40cc4e06b6b,,86,87,0,0,0,Reese Olson,2026-05-25
7e8394b93dd8fcfabc23ed23e1fad0d1,,86,90,0,0,0,Cole Ragans,2026-05-25
a598c575dadd66c4de6eac97da20d314,,86,92,0,0,0,Tyler Soderstrom,2026-05-25
b14cd970973cd89da4eb179541341044,,86,91,0,0,0,Max Meyer,2026-05-25
74414a802d0a57b55a5c78d759c29c19,,86,93,0,0,0,Chris Martin,2026-05-25
8e35b050f27d6e875e34da5b545acf60,,86,94,0,0,0,Willy Adames,2026-05-25
021745d6f71ce39dadfe9050385cb2e4,,86,88,0,0,0,A.J. Minter,2026-05-25
57bd6391943108abbffd4323a9eb7c4f,,86,88,0,0,0,Ian Hamilton,2026-05-25
a055ff6aca3c589b202de2f835858904,,86,88,0,0,0,Taylor Clarke,2026-05-25
86c65a58bb2a2f4d0a563e8e6b35d190,,86,87,0,0,0,David Bednar,2026-05-25
c69147b4fab6c6ad62cfe66e9b4c9f63,,86,89,0,0,0,Paul Goldschmidt,2026-05-25
b79ab606a1792cf2f7993651e5a4c5c7,,86,90,0,0,0,Bryson Stott,2026-05-25
f01d4724539ae0011f4807a0d9966b6f,,85,86,0,0,0,Ryan Pepiot,2026-05-25
33ab746ef8f370eae11a3750245b7001,,84,91,0,0,0,Louis Varland,2026-05-25
37c744508d3763bde9480c5f0aa88fbd,,84,95,0,0,0,Mauricio Dubón,2026-05-25
d43b0fdeb1d865b30f504f1245b2835d,,79,100,0,0,0,Ryan Helsley,2026-05-25
2de4092a45e5e6ac16fe90c04049caac,,78,113,0,0,0,Heliot Ramos,2026-05-25
16a6b905b0216b52128f33bd16b1bbe7,,77,103,0,0,0,Francisco Alvarez,2026-05-25
ca481aae799e455177868b1fb36d6775,,77,114,0,0,0,Brenton Doyle,2026-05-25
bb1d06380fd1362222d765a2782b66d3,,76,90,0,0,0,Camilo Doval,2026-05-25
da915981070931cea2471686a713574c,,76,92,0,0,0,Jared Jones,2026-05-25
8ed6e39d561ae68b7895f01a923bd990,,76,96,0,0,0,Devin Williams,2026-05-25
95c5801b4ccdee34459ae49d7a4207f4,,76,96,0,0,0,Brad Keller,2026-05-25
e9f4b5c48238a7f30fbbbaaf95a323a2,,76,93,0,0,0,Davis Martin,2026-05-25
3c8df51601de2d820cb755831c30a342,,76,95,0,0,0,Parker Messick,2026-05-25
25a24504b2f4f5e039d4824c49586aba,,76,95,0,0,0,Chandler Simpson,2026-05-25
c4c99244ef598afdf9640014c8240822,,76,90,0,0,0,Landen Roupp,2026-05-25
b007f8e061ddabd72f070dcd0e647f06,,76,97,0,0,0,Jack Dreyer,2026-05-25
62eb88106da99fb2fb939c271c2f50ba,,76,95,0,0,0,Kazuma Okamoto,2026-05-25
b8dea6835754db72ec1644aeafb0fb9a,,76,92,0,0,0,Miguel Rojas,2026-05-25
12165416b6277ea19b2a00d178a464f4,,76,90,0,0,0,Kirby Yates,2026-05-25
3fa8fe658b2365e901d383cb3331910a,,76,89,0,0,0,Matthew Boyd,2026-05-25
fe5a1b4848670bbe3d42d9606ed18445,,76,89,0,0,0,Jakob Junis,2026-05-25
01087ae4c0f050fd4a091810083377b8,,76,96,0,0,0,Luis Castillo,2026-05-25
67054e578e347fdacc86bd466fb62b63,,76,94,0,0,0,Andrew Kittredge,2026-05-25
9600f07c264339226b66459f18ea30f6,,76,97,0,0,0,Mitch Keller,2026-05-25
be1c850e22b08165923ab513481fb70b,,75,89,0,0,0,Blake Treinen,2026-05-25
fdff97783b9db3b8264cae48b2fd8a25,,75,83,0,0,0,Jordan Walker,2026-05-25
79895b85a9a8dc72b599b47b4704450f,,75,120,0,0,0,Brandon Marsh,2026-05-25
96636c0b352b24fa766fd3473dac73a2,,75,90,0,0,0,Alec Bohm,2026-05-25
06fd558962d71a025cee24950b7b4e93,,75,88,0,0,0,Clarke Schmidt,2026-05-25
1164ca62a7c5e6db9a28f10de26be287,,75,88,0,0,0,Casey Mize,2026-05-25
17c008adb6e5e62bd453826459959e0c,,75,93,0,0,0,Jalen Beeks,2026-05-25
38b4ba07593bc250d9b17e2cf73279b0,,75,93,0,0,0,Trevor Story,2026-05-25
ddaa6b4994eb589adb067ba95b1f8c93,,68,91,0,0,0,Lucas Erceg,2026-05-25
30e5afc3a783724f9b6b3dd52c454b86,,68,69,0,0,0,Rob Refsnyder,2026-05-25
3eb9867e9044e2ad5d263281105bdc39,,66,97,0,0,0,Spencer Torkelson,2026-05-25
4f40c725c377ff2b5e87e321d587ce07,,65,84,0,0,0,Eli White,2026-05-25
e85a8cadf73717c688486c96abd4ca45,,65,66,0,0,0,Carson Fulmer,2026-05-25
b2cfe736a8e0b516581c6b053a10eb90,,64,91,0,0,0,Trent Grisham,2026-05-25
20f061a7ce5399d5fe1130a49838cdd2,,64,67,0,0,0,Tommy Nance,2026-05-25
05c1a44d2f180f7935f5179781812b48,,64,69,0,0,0,Salvador Perez,2026-05-25
9908fbe8edb9e13bef9e83be9c3cc526,,63,88,0,0,0,Matt Svanson,2026-05-25
ee07b8dd52aeb6a78be190ddfb15ef77,,63,75,0,0,0,Tatsuya Imai,2026-05-25
4d9c92b0bd29ae56bdbb7b05be5729b0,,63,84,0,0,0,Spencer Strider,2026-05-25
8d0432dd7486905342173168200ea467,,63,70,0,0,0,Kyle Stowers,2026-05-25
b0114970026542959ebd4757695230e6,,63,71,0,0,0,Michael Busch,2026-05-25
98cbb50dcd48e3c3582f564c1239fe0a,,62,83,0,0,0,Austin Hays,2026-05-25
b46ecb1efcb9acb650525771f99e3da5,,62,80,0,0,0,Kyle Bradish,2026-05-25
149841a38a16c95d8410139657fc9def,,62,78,0,0,0,Daniel Lynch IV,2026-05-25
cce51b3e9feff60ef004d79cfd848221,,62,97,0,0,0,Bryan Abreu,2026-05-25
1ccde69bb3adcc795cbaeb5b81893d6e,,62,67,0,0,0,Tony Santillan,2026-05-25
68acb3e686c535274ed2733c5cacf215,,61,86,0,0,0,Rico Garcia,2026-05-25
1764dc2bf73a10aa163297f2a88cb752,,61,72,0,0,0,Jack Leiter,2026-05-25
49ca3c5a6f1509560354ecb9642d9b92,,61,90,0,0,0,Joe Jimenéz,2026-05-25
586dd68af8f58379bd085c710e64b6c0,,61,67,0,0,0,Randy Arozarena,2026-05-25
1b37240090bd3b5947933b593ca4dfb3,,61,79,0,0,0,Addison Barger,2026-05-25
530b3686dafd33d4102cac6399ee874e,,61,77,0,0,0,Luis Arraez,2026-05-25
b14023d60b548f8d8c3bdb5007d3bdaa,,61,76,0,0,0,Merrill Kelly,2026-05-25
05fcd7d5f5fd342bc30d545d45e042df,,61,74,0,0,0,Brant Hurter,2026-05-25
e04c095b981c8beef9db5f772b2ecbd9,,61,74,0,0,0,Trey Yesavage,2026-05-25
ef0280e3925f6f099408f01631e64488,,60,75,0,0,0,Jung Hoo Lee,2026-05-25
42a67ea84b36e189d27d9dbfac4ac560,,60,75,0,0,0,Kyle Finnegan,2026-05-25
506e94963798feca355726212c1f0285,,60,69,0,0,0,Braydon Fisher,2026-05-25
707b79175f8a219bee0db03aca62c426,,60,70,0,0,0,Sean Murphy,2026-05-25
729cb3109d1eff9ffe4863d9d1580198,,60,77,0,0,0,Pete Fairbanks,2026-05-25
2e4c54b42f64ddd47b3d44afa50f3811,,60,74,0,0,0,Tyler O'Neill,2026-05-25
250b2cbee4de7316affcc64201094be5,,60,73,0,0,0,Gleyber Torres,2026-05-25
242ccd752a959e5739da18dec8f2b5e2,,60,72,0,0,0,Jeff Hoffman,2026-05-25
49e5c969c06b5ab98188500d6b426f99,,60,67,0,0,0,Colin Rea,2026-05-25
06b3208556157404d778227e4481ad10,,60,75,0,0,0,Luis Severino,2026-05-25
8bb6ae1375446646feea02ead381be4e,,50,124,0,0,0,Yariel Rodríguez,2026-05-25
88493137e5eb51021279792cb2ac3e2b,,33,61,0,0,0,Trevor Richards,2026-05-25
4ae1b2107e3a61502ba21b4a3737f4fc,,32,89,0,0,0,Kyle Harrison,2026-05-25
e276924c69748ef81232ac4099182d0d,,31,49,0,0,0,Jimmy Herget,2026-05-25
a0cb33a23e9ab0294619699176fd7120,,31,45,0,0,0,Gavin Sheets,2026-05-25
d5c8ec04d464551594e63f44be769442,,31,48,0,0,0,Keibert Ruiz,2026-05-25
a52550c0064e1bc5f3a7ca54add8ff14,,30,86,0,0,0,Weston Wilson,2026-05-25
66fbdb8005b5fa9957c5bbf6dccb200b,,30,54,0,0,0,Drew Millas,2026-05-25
e5077774cd6ce6a4a751694a613ca166,,29,41,0,0,0,Casey Schmitt,2026-05-25
0fec6bd8bd87f6877cfca3abd4ae4280,,29,45,0,0,0,Ryan Borucki,2026-05-25
78de1387570ca4e34590390187c0cef5,,29,40,0,0,0,Andre Granillo,2026-05-25
168fa0172135cf8ed052e7b8ce2f73f9,,29,40,0,0,0,Matt McLain,2026-05-25
c36eb557117c0c0ae6c34e6f2dafb982,,29,43,0,0,0,Keegan Akin,2026-05-25
860e8e93fedc70005accab8dc281a06a,,29,46,0,0,0,Trent Thornton,2026-05-25
385a2e38e6ad0ff0f9055565db255e00,,28,80,0,0,0,Clayton Beeter,2026-05-25
a0a19674d27d4d66c6b4d0d4df307b0a,,28,62,0,0,0,Calvin Faucher,2026-05-25
9850ec1a613e85945c270ed05bfcdebf,,28,70,0,0,0,Andrew Nardi,2026-05-25
68223c56e66991bc927bc8bacd577042,,28,60,0,0,0,Drew Gilbert,2026-05-25
2a68ca5d4960d8f85e9ec2d851a785ce,,28,37,0,0,0,Spencer Bivens,2026-05-25
2625146a526ad6b85aeb9b00c7724e45,,28,84,0,0,0,Braxton Garrett,2026-05-25
bd0cdf97047d50a56ea948420553cc27,,28,43,0,0,0,Nolan Schanuel,2026-05-25
0f328704b1bec477bc09768e8b1c3f6f,,28,59,0,0,0,Javier Sanoja,2026-05-25
7bff6c60492fbc6130f82807356aacd6,,28,44,0,0,0,Lake Bachar,2026-05-25
7cbd3f3cd6427d285c5291f74e1f8b8c,,28,42,0,0,0,Caleb Thielbar,2026-05-25
f0a9d42b74d1c796c0f27e55143be102,,28,79,0,0,0,Miles Mikolas,2026-05-25
78231ec7cf8a161e261c733ec5932123,,28,63,0,0,0,Jacob Webb,2026-05-25
fa492fcc29406ec651221105539d86e0,,28,63,0,0,0,Kyle Leahy,2026-05-25
f545a7adceabe2014c71d554c40776ee,,28,53,0,0,0,Joey Wiemer,2026-05-25
767fcb669a49a577a5c2f7ec7444bf85,,28,57,0,0,0,Joel Peguero,2026-05-25
a9c84dcd63f376dfc76248986155f50b,,27,68,0,0,0,Orlando Arcia,2026-05-25
fc25c9aa837bac8e03a2b45baadc8703,,27,46,0,0,0,Robby Snelling,2026-05-25
aa2acbc722f979fdc17cada99e14c2ff,,27,84,0,0,0,Noah Schultz,2026-05-25
7da8d43d4277142c35faa05b13369cb7,,27,72,0,0,0,Nathan Church,2026-05-25
afe062a486a95efdfba8198f41606bfc,,27,44,0,0,0,Dylan Crews,2026-05-25
bf4673ccf88bd9704dfad2072bf48a09,,27,49,0,0,0,Zach Maxwell,2026-05-25
9ead56d6efdb35331687d3bb620a45b9,,27,59,0,0,0,Richard Fitts,2026-05-25
b7b76cee9010d4677b5422b3fb0a2bd7,,27,46,0,0,0,Mason Englert,2026-05-25
aa348f22a02240450e1b2367ef09db0c,,27,49,0,0,0,Liam Hicks,2026-05-25
ac5896d3a8a33baef1c69dedd8f9038f,,27,60,0,0,0,Jordan Beck,2026-05-25
339de5af635fc8ff82daf71a12658fd3,,27,43,0,0,0,Daylen Lile,2026-05-25
db756f952bb3448739b3b920f12ee827,,27,60,0,0,0,Jaden Hill,2026-05-25
6c66804014e902f4bf40b9ac33a97b3f,,27,29,0,0,0,Andrew Abbott,2026-05-25
8513996a5594d5ffa17d1c5f0467e387,,27,69,0,0,0,George Soriano,2026-05-25
ac16fc2bd7d814b38a4055e2aaf515b0,,27,39,0,0,0,Shane Baz,2026-05-25
303917d53c23c24e73938f04c183bff6,,27,59,0,0,0,Chris Paddack,2026-05-25
d4f09a329e422e70bf0cb1680f086d9d,,27,53,0,0,0,Antonio Senzatela,2026-05-25
890967d19f5e84564d0158d57adad6e8,,27,58,0,0,0,Kyle Freeland,2026-05-25
f55e067a0f200d5ba177f25231ecf6c7,,27,60,0,0,0,Jorge Soler,2026-05-25
2ab3c36bc51cf085ba0be75be3e3bcc7,,26,42,0,0,0,Brennan Bernardino,2026-05-25
df5de62c8813969091356f0f93f1ab75,,26,41,0,0,0,Tejay Antone,2026-05-25
447470afac4477f66e9d7df2c1a119f7,,26,55,0,0,0,Joel Kuhnel,2026-05-25
db01873b95bc63e15476f667949454c9,,26,49,0,0,0,John King,2026-05-25
09d34bc8301d01e0bc7d059c9de11724,,26,54,0,0,0,Ryan Gusto,2026-05-25
7ceff64272258ef2e09f3b81bf7a94aa,,26,59,0,0,0,Tyler Ferguson,2026-05-25
9ac86f22fa15b0898c0849375379852e,,26,37,0,0,0,Bryce Eldridge,2026-05-25
6c93d59d503d0b21912c8ae064aece79,,26,46,0,0,0,Trevor McDonald,2026-05-25
205c4a850dc53494ee11c9fe6e83eefb,,26,62,0,0,0,Victor Scott II,2026-05-25
3bd9414810e1cee9595bd479eb36b49b,,26,52,0,0,0,Chase Dollander,2026-05-25
c22b2f14abf269027fe055f0d6583f20,,26,63,0,0,0,Jakob Marsee,2026-05-25
30f971df2bb5f6398acf1fd770f402c4,,26,41,0,0,0,Daniel Palencia,2026-05-25
9791d126169e489197ae35cb0b7a9c2c,,26,59,0,0,0,Samuel Basallo,2026-05-25
dcbc419cbc808396c9fd02d9f33d3440,,26,63,0,0,0,Tyler Phillips,2026-05-25
aaddb492118e0801fabcf9f553e26440,,26,50,0,0,0,Paxton Schultz,2026-05-25
3d2f43311977f47489a684c985e21091,,26,42,0,0,0,Chase Silseth,2026-05-25
0dc4f4eb03e18261a9470b4fab7aebe0,,26,83,0,0,0,Pedro Pagés,2026-05-25
98320347a914ea64d21844c1fddfacb9,,26,80,0,0,0,Brady House,2026-05-25
eb3039a07d24c603858fe25273cb92a2,,26,37,0,0,0,Janson Junk,2026-05-25
aa448a21299e6e41b915f25e896cbdce,,26,29,0,0,0,Logan O'Hoppe,2026-05-25
bb4db2335d9d210198179081822a324e,,26,51,0,0,0,Ezequiel Tovar,2026-05-25
6dd60e97c6b6819143653449ed06e28f,,26,56,0,0,0,Andre Pallante,2026-05-25
2e6763d00ad08496505cc59d5d994806,,26,60,0,0,0,Brandon Lockridge,2026-05-25
2a70c48a8537bf9f02ef011b9a57bc17,,26,67,0,0,0,Kevin Alcántara,2026-05-25
c8943222aceadb801163a7db406fd5eb,,25,54,0,0,0,Yennier Cano,2026-05-25
97678583a0384d8dd5b7242298a5bdc6,,26,48,0,0,0,Randal Grichuk,2026-05-25
56a37b9f6899b495d4541d80f06dcc48,,26,40,0,0,0,Grayson Rodriguez,2026-05-25
bd1b6ea998e7a32a0ac153ce19c1d648,,26,44,0,0,0,Daysbel Hernández,2026-05-25
fcee52812f4d20267106d42c87bd9e67,,26,55,0,0,0,Will Benson,2026-05-25
b8c293f8327e5743462b06abf4cd655c,,26,69,0,0,0,TJ Friedl,2026-05-25
088bb67d601303dac6f0495076bd626d,,26,40,0,0,0,Blake Perkins,2026-05-25
0e1c006767ace83586d66b4fa2f81dc5,,26,40,0,0,0,Bryce Johnson,2026-05-25
cc1e70f42d721a035b4f5e4214b0c92b,,26,85,0,0,0,Keegan Thompson,2026-05-25
d72691d8e7d6c3abf7ce8c97da7c6975,,26,47,0,0,0,Luis García Jr.,2026-05-25
cec7b57743531b2a3c45d887d515f2f4,,26,48,0,0,0,Anthony Kay,2026-05-25
793b47923b80535b5d5980fe5f231c9c,,26,36,0,0,0,Dustin May,2026-05-25
1016d4d24cb2a94f46b4e249458a0b9c,,26,56,0,0,0,Nathaniel Lowe,2026-05-25
2a5e175c4e1993db7cfee2096129763e,,26,40,0,0,0,Ty France,2026-05-25
fea2c6bef6b746be6a6ce4aaaa8a358c,,26,47,0,0,0,Jose Trevino,2026-05-25
d5bef3f3d67e53ccd3b802a6e17866e9,,26,47,0,0,0,Caleb Ferguson,2026-05-25
3c67dbf5ee627ba3fe85f6502b38dde0,,26,37,0,0,0,Sandy Alcantara,2026-05-25
317e4429da2e061853e1b1562284c084,,26,69,0,0,0,Brent Suter,2026-05-25
0c2526d3d95b0f09fc3c97883da87f23,,26,38,0,0,0,Sean Newcomb,2026-05-25
165528023b5ffc970d04ea86d0831551,,26,42,0,0,0,Jose Quintana,2026-05-25
cb3097de2aad47a8c62d0695e18d92c9,,25,34,0,0,0,Scott Barlow,2026-05-25
d373fc59a74ecf9a2162809e5d2a2ab9,,25,38,0,0,0,Max Kranick,2026-05-25
6423d4a121f9f46f99cf619efd6d9282,,25,32,0,0,0,TJ Rumfield,2026-05-25
96a1ee784c828c9c53345deb9acfca14,,25,37,0,0,0,JJ Wetherholt,2026-05-25
1da2ee8ef11f7fcfec38c369d75b9816,,25,36,0,0,0,Albert Suárez,2026-05-25
e167d14f1d2718355e9a8f9a69f27f54,,25,34,0,0,0,Konnor Griffin,2026-05-25
7a9ac097d7b51912b51762090fbb4f4c,,25,55,0,0,0,Ryan Walker,2026-05-25
4aa33d644c913047e5c6b4c7ce995c54,,25,43,0,0,0,Andrew Alvarez,2026-05-25
6f17ee4852bb5f8a9ef884816cd55bc2,,25,41,0,0,0,Tomoyuki Sugano,2026-05-25
5612083fdf854e80896240df776f6c6c,,25,49,0,0,0,Brad Lord,2026-05-25
a143ba2c5995adbca07b079f19cda34b,,25,35,0,0,0,Otto Kemp,2026-05-25
0b006309196e8c4f37f86602ad2e5f8a,,25,31,0,0,0,Kade Strowd,2026-05-25
f6b7fceae47941eeca14be23315a87d8,,25,40,0,0,0,Christian Moore,2026-05-25
98c10f52d5daf0316a2351a4179bcf83,,25,39,0,0,0,Grant Taylor,2026-05-25
01cdb44fc81794a25af12358bb67f971,,25,35,0,0,0,Matt Shaw,2026-05-25
366664af0a4bd428db7cd76d7d937365,,25,33,0,0,0,Caleb Durbin,2026-05-25
495fc292dd9e1bb3d55aa8d012d60a1d,,25,55,0,0,0,Agustín Ramírez,2026-05-25
bd78ca418ea36b9ab9deff43d269a996,,25,32,0,0,0,Carlos Narváez,2026-05-25
4d9d3c9270dea7ca248321aaf287a7b1,,25,69,0,0,0,Cade Gibson,2026-05-25
0b99a7b7613349c7b8845c06eef4253d,,25,38,0,0,0,Hunter Gaddis,2026-05-25
5bd78b13d760d69be5f7bf09997cb37f,,25,36,0,0,0,Orion Kerkering,2026-05-25
946587ac336f3042a76eb864934f1e6e,,25,39,0,0,0,Jose A. Ferrer,2026-05-25
c74e4e0cbbc961c15bd0d74219480120,,25,32,0,0,0,Jacob Young,2026-05-25
0ad3448f4d68f867fc9e4de6ee67a1a6,,25,66,0,0,0,Grant Anderson,2026-05-25
ed964a178602e7241783ebc774cd7c45,,25,54,0,0,0,Jordan Leasure,2026-05-25
746d170f5a255eb84ef12310c1e16d9c,,25,36,0,0,0,Chase Meidroth,2026-05-25
11c0c32a17daff333e683cea28affb34,,25,37,0,0,0,Cade Povich,2026-05-25
ff4eb309631430f0ba002a45afeb694a,,25,61,0,0,0,Gordon Graceffo,2026-05-25
3eb2846128881d376f5181bd48b1833b,,25,33,0,0,0,Jonathan Cannon,2026-05-25
d903302407f590de0777cbf9251b6be8,,25,34,0,0,0,Tanner Bibee,2026-05-25
77d6572e68358bea7abf7961d8b88de3,,25,68,0,0,0,Sal Stewart,2026-05-25
0bfe169731fc7e77feb32768f71108d9,,25,45,0,0,0,Harry Ford,2026-05-25
5d9b9b5eaeade7e165b0a2860fc0da3b,,25,35,0,0,0,Isaac Collins,2026-05-25
050c7c00c837ad5cb6c5be1c8bb00a9d,,25,54,0,0,0,Michael Kelly,2026-05-25
7dd7a60e64376bc9b91ea69269900c83,,25,36,0,0,0,Jared Koenig,2026-05-25
15f252096eb8efd2e1ac7522602dedba,,25,31,0,0,0,Jake Bird,2026-05-25
9249567a6dc1c6501a0f6f589c071899,,25,50,0,0,0,Troy Johnston,2026-05-25
ab607beefb01d8ec5e7e2a838a3a41bd,,25,51,0,0,0,Luis Curvelo,2026-05-25
2781a4833d9c5910769491d6196f37c4,,25,72,0,0,0,Mitchell Parker,2026-05-25
43ec0ae76a32951e881ed9006ee9148b,,25,53,0,0,0,Zack Gelof,2026-05-25
df5d1d3460296eda7f136779c73ef666,,25,34,0,0,0,Denzel Clarke,2026-05-25
129445b683da5e719086a8a23d5a8e08,,25,35,0,0,0,Michael Massey,2026-05-25
8f5c5485f7fff6246cf4b5d6cdbbf418,,25,39,0,0,0,Wikelman González,2026-05-25
67e688ccacc457bfa7df6d8cb64c656b,,25,59,0,0,0,Connor Norby,2026-05-25
bb4836df9f4fad3e4b2106340ec1ac7d,,25,33,0,0,0,Grant Holmes,2026-05-25
cad785ee081cd832ecc66c8eefe0dd9f,,25,29,0,0,0,Romy Gonzalez,2026-05-25
5255ced02cd8ba2a95b9ecc0a881e02e,,25,33,0,0,0,Angel Zerpa,2026-05-25
64350d032f0f2baaec0962e16c8e98b7,,25,30,0,0,0,Ian Seymour,2026-05-25
31274c6fab54b086d2feb8d301ced03a,,25,38,0,0,0,Miguel Vargas,2026-05-25
d847ac6cbc7b40dad2ed8ab77f3b8593,,25,38,0,0,0,Nasim Nuñez,2026-05-25
102ebfdb99480cf99f4b20f2dd27c662,,25,29,0,0,0,Heriberto Hernández,2026-05-25
b0f815bc0dbc699824cbe43e0865dc89,,25,58,0,0,0,Ryan Feltner,2026-05-25
64a5ebcc3bdcca515d7588d903e9add4,,25,39,0,0,0,Cade Cavalli,2026-05-25
9d778766413d4f7e029b5fd98bcb302e,,25,37,0,0,0,Blaze Alexander,2026-05-25
6c868e2b026ed8ced44005e8f41b61c4,,25,34,0,0,0,Luisangel Acuña,2026-05-25
3de2d3793dfac4e0edb980c730eee6c8,,25,37,0,0,0,Bryan Hudson,2026-05-25
b522b25e44fd46f765112cf38560d238,,25,39,0,0,0,Andruw Monasterio,2026-05-25
bffb8f9329533d408e886b6731bbc648,,25,71,0,0,0,Michael Petersen,2026-05-25
85c779298305494d14dbb12f47fa18bd,,25,49,0,0,0,Kyren Paris,2026-05-25
324a4e3d3b81c4ec51667c9e6d099cae,,25,43,0,0,0,Christopher Morel,2026-05-25
43828e36f84fec0420219d2f9ab97c9a,,25,37,0,0,0,Jake McCarthy,2026-05-25
87a5724aaebbc3fe4ae126c973fc5989,,25,59,0,0,0,Jeremiah Jackson,2026-05-25
b8ee46178719a2785e1ad11d2e14e790,,25,40,0,0,0,Derek Hill,2026-05-25
1f6ff200d4076b6ac73fc840d560bd88,,25,47,0,0,0,Foster Griffin,2026-05-25
6d1c342516eb2e231cf3d51cdb6c4586,,25,32,0,0,0,Zack Kelly,2026-05-25
bd28f400cfd6178e441c840d590e8a7a,,25,56,0,0,0,Griffin Conine,2026-05-25
8011e3cc1737b968b35841799c91db47,,25,37,0,0,0,Alek Thomas,2026-05-25
70eff683341fca6a7f8d0891d2c91cd4,,25,31,0,0,0,Tyler Gilbert,2026-05-25
b85485efcaaa25f1969578e3cb6c3d9a,,25,35,0,0,0,Bailey Falter,2026-05-25
289836effa80a573254c2fe6168fb41a,,25,33,0,0,0,Dietrich Enns,2026-05-25
68e0ef77506eb7c4bbd5316b5aed9839,,25,36,0,0,0,Tyler Freeman,2026-05-25
1e4ae00b86806282a9b22e4cbb31a880,,25,45,0,0,0,Anthony Bender,2026-05-25
766360e5b57867ba7b9553614b2cde89,,25,70,0,0,0,Riley O'Brien,2026-05-25
258fb7956ab58226fd879a9df160b327,,25,37,0,0,0,Ramon Urías,2026-05-25
436a8a73dff6c4332945db36fd2ebc13,,25,29,0,0,0,Brusdar Graterol,2026-05-25
5259b835d0d6360ac4af97cb26c6b63a,,25,36,0,0,0,Willi Castro,2026-05-25
3343e4c55521612f64157746b2ab66e9,,25,63,0,0,0,Nolan Gorman,2026-05-25
eed7e4efdb9949ceb5adfd6530081cf7,,25,35,0,0,0,Jeff McNeil,2026-05-25
dae2e69c8dc26efea4945b1847fd0b64,,25,33,0,0,0,Matt Festa,2026-05-25
791dd04e0de4ec1f39395063bb1e0224,,25,32,0,0,0,Zack Littell,2026-05-25
5b95c565aacd4f020d2d4a29af13e80c,,25,30,0,0,0,Mitch Garver,2026-05-25
714c4e695a6b410b252f811fe4b527fd,,25,42,0,0,0,Nick Castellanos,2026-05-25
9c456eb2028a4b0eaed88c81cc5c2981,,25,35,0,0,0,Michael Lorenzen,2026-05-25
ff659c62562c7100436ef6cce30417d9,,25,34,0,0,0,Yoán Moncada,2026-05-25
20a0490d91975300267cc2ced52d7369,,25,29,0,0,0,Joe Musgrove,2026-05-25
9d475c88736fc621628eb0c238ca2d34,,25,37,0,0,0,Andrew Benintendi,2026-05-25
9780a3e1b0451cba73e61d1eba533105,,25,32,0,0,0,Emilio Pagán,2026-05-25
0f7ed732c61cf0725526f5476a8cbbc3,,25,57,0,0,0,Hoby Milner,2026-05-25
2f9133d42994d385a407a527b8b5880f,,25,33,0,0,0,Erick Fedde,2026-05-25
f8bbde6d9412652d26b3a4c0188f7a8e,,25,40,0,0,0,Craig Kimbrel,2026-05-25
8c820885d0b6ebc9f8bfc4caa2c31a5e,,17,68,0,0,0,A.J. Ewing,2026-05-25
02a8eb411076985cd89186821f6d5784,,17,44,0,0,0,Henry Bolte,2026-05-25
de4a09048f79b17cc8591a8945467982,,14,46,0,0,0,Gage Workman,2026-05-25
d539178791a638e112de45427f78e7df,,11,33,0,0,0,Logan VanWey,2026-05-25
1c8588bfabf97af2c5521c5a8e8c71de,,11,43,0,0,0,José Azócar,2026-05-25
a512c5fedce3824341919e0e325128f8,,9,31,0,0,0,Jarred Kelenic,2026-05-25
1623d045f763d0275228d65500130356,,9,40,0,0,0,Rodolfo Durán,2026-05-25
3dac14404beff61fad284571c3ffdf25,,8,41,0,0,0,Anthony Molina,2026-05-25
b0194a2595b3c362f118fde46b6af28a,,7,68,0,0,0,Josh Ekness,2026-05-25
b95dc89edccd07776aec09f8bb3e477d,,7,41,0,0,0,Gavin Collyer,2026-05-25
8b988e0a4789394db15485df0dcacced,,7,22,0,0,0,Doug Nikhazy,2026-05-25
88b3c99642a099d3673b88478b704273,,7,47,0,0,0,Omar Martinez,2026-05-25
eed76ba208b643ed263ab0ebcf4c6d3d,,6,31,0,0,0,Jim Jarvis,2026-05-25
6e61f96dfc572f9453e1d4e0aa3ccf35,,6,58,0,0,0,Logan Porter,2026-05-25
1dd3b0872d2aa4c2abb593ee0df4fd52,,6,42,0,0,0,Victor Bericoto,2026-05-25
884e26615b88fef0b391b7345fc40af5,,6,42,0,0,0,Edgar Quero,2026-05-25
0c282683a259277111ee48c6f3df736d,,6,23,0,0,0,Owen Caissie,2026-05-25
6d5d893f6d72b93981f7bb1722856664,,5,23,0,0,0,Sandy León,2026-05-25
567a82c366de6020cca2542d8c3c12f4,,5,56,0,0,0,Ryan Waldschmidt,2026-05-25
0ea6af588e51366593c75f3dffea17e0,,5,33,0,0,0,Wyatt Mills,2026-05-25
9fa37ebecc2a362be72a6960d749abb1,,5,41,0,0,0,Trey Gibson,2026-05-25
a2df1f986aa8e172f7308e083c7b76a4,,5,28,0,0,0,Alec Gamboa,2026-05-25
cc53f755e1cd0903d6b10f6a7b48cf3c,,5,29,0,0,0,Nick Davila,2026-05-25
58fb09456fe41d59d1a88ae203e732da,,5,14,0,0,0,Zack Short,2026-05-25
ddbcb3197ca1fa21eb50c54aa65285f2,,5,35,0,0,0,Gregory Santos,2026-05-25
da430ad4aed860d8bda81748cf711e18,,5,22,0,0,0,Sebastian Rivero,2026-05-25
b6078f7dfafaf6a95d7196c428abb7e8,,5,46,0,0,0,Nicky Lopez,2026-05-25
a8aee984c0d8d82b632d6508c796cdb0,,5,28,0,0,0,Tyler Davis,2026-05-25
bd13cbd6fa308fb7ae40ff92b709b764,,5,20,0,0,0,Felix Reyes,2026-05-25
63390b1c8910646636e3243c6a14efae,,5,33,0,0,0,Tyler Schweitzer,2026-05-25
eebb1ea641095c27456ee75599a0c99c,,5,38,0,0,0,Damon Dues,2026-05-25
8aac7e830c5da023fb3a1abe39ac53fd,,5,24,0,0,0,Gus Varland,2026-05-25
537511bae1cfefd8337143086509c4d3,,5,13,0,0,0,Seth Halvorsen,2026-05-25
54afa40faaec52b2445ac9af7493093e,,5,10,0,0,0,Henry Baez,2026-05-25
275eca589a290c97759d6b4a05635b20,,5,22,0,0,0,Blas Castaño,2026-05-25
2e2f994afb36721d278c66e6c87a5165,,5,44,0,0,0,Riley Cornelio,2026-05-25
43c95b7b2fa21df241f5ac0d84b1eb9e,,5,24,0,0,0,David Sandlin,2026-05-25
9994ba22cc830bc6a51ffccdf46bcbfe,,5,26,0,0,0,Luis Perales,2026-05-25
2658cd569d47340928461e15e9d79d8f,,5,9,0,0,0,Sam Aldegheri,2026-05-25
54fa1600d036b82a20e3d18b3c7bc2a5,,5,11,0,0,0,Winston Santos,2026-05-25
2a130c03010c8744a52d4987ce4476f3,,5,20,0,0,0,Carson Palmquist,2026-05-25
22a74b8559343945431936049af92a80,,5,7,0,0,0,Alek Manoah,2026-05-25
f1e7a60833b48209c17c0b0cef95477e,,5,35,0,0,0,Carson Whisenhunt,2026-05-25
5c4a6b3802e96bd5b2b0cf301074a223,,5,27,0,0,0,Orlando Ribalta,2026-05-25
dbe5efb3682ee5719ad2918a02507855,,5,22,0,0,0,Sammy Peralta,2026-05-25
174004bd12cc2d89f70c5ef5138e1e59,,5,13,0,0,0,Sterlin Thompson,2026-05-25
cf0bfd93aa1ae97146189f66964467ae,,5,11,0,0,0,Daniel Susac,2026-05-25
c848005dc91d26266a939d92735da934,,5,25,0,0,0,Cooper Hjerpe,2026-05-25
827723b522a5d03d9a33310d6df7fec6,,5,24,0,0,0,Deyvison De Los Santos,2026-05-25
d621253a50c54b5bfcdee59e3f8dd851,,5,22,0,0,0,Edouard Julien,2026-05-25
b1bf3e4732e7db920954470432c0f304,,5,32,0,0,0,Andrés Chaparro,2026-05-25
546f65e93b487cf4c8b6c230f619e8d2,,5,12,0,0,0,JP Sears,2026-05-25
e41a5e562c5bfb0f318c49e7fde903da,,5,20,0,0,0,Ethan Roberts,2026-05-25
113e923f37102c69ed6d308556427893,,5,10,0,0,0,Carson Williams,2026-05-25
714d1cb96e1c8f74540352123e159e01,,5,11,0,0,0,Jordan Wicks,2026-05-25
2eb166aae2a29fbb14dcf584befb0036,,5,23,0,0,0,Justin Bruihl,2026-05-25
60f16e05fd684adb97c6e78f88d429a2,,5,12,0,0,0,Jeferson Quero,2026-05-25
4c80eaf0bc8fd017f1c6eb3c6ae68925,,5,40,0,0,0,Dax Fulton,2026-05-25
d2b786ceb8fa14cf4bba0ad8c400409a,,5,31,0,0,0,Adael Amador,2026-05-25
1b7d9b581cc1f7bf5b117680669d5bc0,,5,16,0,0,0,Maximo Acosta,2026-05-25
557fb486ba01214fef33c7c119225352,,5,27,0,0,0,Bryan Torres,2026-05-25
a57627d9ce049219681e03392103a482,,5,27,0,0,0,Everson Pereira,2026-05-25
c65057b8ecb4d29d7fb65007781ee066,,5,31,0,0,0,Julian Fernández,2026-05-25
d3bc826f734ed3169b735fd831e7afe0,,0,9,0,0,0,Tayler Scott,2026-05-25
9efac97756a65c42966b9e2985fabf5e,,0,8,0,0,0,Lenny Torres,2026-05-25
0368f714db2973e0f57797efc8c5f150,,0,18,0,0,0,Jack Moss,2026-05-25
80f666f4bd89ff5ddf92d596652e1ddf,,0,25,0,0,0,Charles McAdoo,2026-05-25
e635db056671f42194ed9c8b96ec8541,,0,9,0,0,0,Génesis Cabrera,2026-05-25
4715892ff2492b17f09788259ea6ca08,,0,28,0,0,0,John Curtiss,2026-05-25
82be429a7c977a2d1258e3f6c086d0c5,,0,7,0,0,0,John Brebbia,2026-05-25
766724a07d09d87d594fb8d57d08eb71,,0,4840,0,0,0,Yohendrick Pinango,2026-05-25
622d60e0a1223bce88a9a029fe138dc4,,0,6,0,0,0,Kyle Whitten,2026-05-25
35a87a292032429e5a83739f8dace0ed,,0,7,0,0,0,Carlos Linárez,2026-05-25
66fd3463e9e8fb3d86fd0a536f6c0d73,,0,7,0,0,0,Amos Willingham,2026-05-25
d2c4e834622cb5e2a2a3ae4f5683d6b3,,0,7,0,0,0,Mike Antico,2026-05-25
aabec1c445531647485bb84dc74b1441,,0,8,0,0,0,Michael Stefanic,2026-05-25
69a05f56fcca8cba1db2f2cd2ba061d6,,0,4499,0,0,0,Bryce Eldridge,2026-05-25
3726e4f7e145e24f9e6b0e8112a040f5,,0,4490,0,0,0,Walbert Ureña,2026-05-25
be91ac5aaa921f9726490a9c55eead78,,0,4465,0,0,0,Ryan Waldschmidt,2026-05-25
9393ddc1b9f09e87478c89f64489ecfa,,0,30,0,0,0,Tayler Saucedo,2026-05-25
5ac2f777c39cab8a7cdc7d74c254e0c2,,0,6,0,0,0,Brett Kerry,2026-05-25
bc6ff95e021d7a96cbb25b4e9507005d,,0,6,0,0,0,Danyer Cueva,2026-05-25
e3c872da4f8e4a6d6e8c473454731524,,0,8,0,0,0,Wyatt Hendrie,2026-05-25
15031594caa50ed5a8b62ad790de0de4,,0,8,0,0,0,Haydn McGeary,2026-05-25
211e07eb8a3964385b34e8b7a29ad5bf,,0,7,0,0,0,Kay-Lan Nicasia,2026-05-25
88ec44e6ba4dc2fa8e158aa6c9a33d57,,0,8,0,0,0,Ethan Workinger,2026-05-25
e57744b2323b72ec79b9f35c77aa1c52,,0,32,0,0,0,Chase Solesky,2026-05-25
654936b16d7f09b0312a52273a20d687,,0,7,0,0,0,Kenedy Corona,2026-05-25
215d75fb2510599d5daf0cf98782bcac,,0,7,0,0,0,Austin Pope,2026-05-25
ebfae8890faa6267d3e589229aff11ae,,0,13,0,0,0,Ricky Vanasco,2026-05-25
ad2f65c9383d3de550da66101d4b8ab4,,0,8,0,0,0,José Rodriguez,2026-05-25
d391f824d9d9be6b9601523f4d044731,,0,7,0,0,0,Gabe Mosser,2026-05-25
ed503ee0ce776734418fd2b3dfbef530,,0,7,0,0,0,Angel Perdomo,2026-05-25
4e2cf9c1bdab38d641dff62c574179fe,,0,30,0,0,0,Brooks Kriske,2026-05-25
708587393383d2993abeaed3035c945c,,0,7,0,0,0,Jacob Waguespack,2026-05-25
eee2c6c6eacefaee20da1897e6edef5c,,0,4500,0,0,0,Nathan Church,2026-05-25
b201e036ce38cf1ea868ec2a93b89c14,,0,4250,0,0,0,Brady House,2026-05-25
338fd3801ca14a968b8ba64018e41b77,,0,4200,0,0,0,Jake Bennett,2026-05-25
03ea11f1d1c4a0abc17090a9383d70f5,,0,39,0,0,0,Brian Fitzpatrick,2026-05-25
06488c358db0512c60e471abc93c5e5e,,0,6,0,0,0,Bailey Dees,2026-05-25
ff901892b1dede1dd215776d190c3f77,,0,35,0,0,0,Travis Bazzana,2026-05-25
98332de61bcca226724232c251f5039f,,0,24,0,0,0,Peyton Gray,2026-05-25
9463b8e076118e613c8a0ef4f0ffc53c,,0,7,0,0,0,Yiddi Cappe,2026-05-25
f2f5eb4033f93f56fb4acdcdf2fee8a1,,0,25,0,0,0,Ivan Melendez,2026-05-25
cbb89847cfd7f683639b44869e706575,,0,42,0,0,0,Eduardo Rivera,2026-05-25
fd319b3ea20d1ea9fa549719b4be58da,,0,9,0,0,0,Cody Morissette,2026-05-25
289a42935e0dce49ab8667628807e7ae,,0,11,0,0,0,Yohendrick Pinango,2026-05-25
b719a233c4c531437f56a6bd305a00f6,,0,7,0,0,0,Alexander Vargas,2026-05-25
2a602c85742fa13e34d2dffdd51b1cd5,,0,7,0,0,0,Will Robertson,2026-05-25
e644cf9ed77ca81ec7f14cd6504dbebe,,0,25,0,0,0,Edward Olivares,2026-05-25
f5e0707ae00d348b219b5fdc7fcffcd3,,0,7,0,0,0,Shawn Dubin,2026-05-25
ec4977b3d2da6735b9b627bc5517abe6,,0,8,0,0,0,Diego Cartaya,2026-05-25
dd3b698716faae23785d205d40cd8574,,0,6,0,0,0,Yacksel Rios,2026-05-25
721e5ac7b625ab4818d98367a2117aa4,,0,7,0,0,0,Carl Edwards Jr.,2026-05-25
19fb13bda6b3af74b8a737365c4b1bf2,,0,26,0,0,0,Chris Devenski,2026-05-25
21e243161d89dc4c207690d63fb3ebc6,,0,35,0,0,0,Sung-Mun Song,2026-05-25
869092c64d0e2361ff7f2fe29f4f1c29,,0,8,0,0,0,Sam Huff,2026-05-25
6e96c206f28538e77d46d20bd2930223,,0,29,0,0,0,Sam Antonacci,2026-05-25
bb636dcca08c5fa513ec98e7df2e2dd3,,0,6,0,0,0,Mitch Neunborn,2026-05-25
d1d398432b609f145fc451d0bcde490d,,0,13,0,0,0,Trevor Martin,2026-05-25
c34b0bfeb1cb3f2e6e1422d28cb53fe4,,0,14,0,0,0,Brian Kalmer,2026-05-25
c1bd9cf054c9b1876254a454519bd513,,0,7,0,0,0,Carson Coleman,2026-05-25
30a12107ea6910b5812d9e2909e270a9,,0,8,0,0,0,Parker Chavers,2026-05-25
10d8c435a58e58db7172fa9841b8bfb3,,0,6,0,0,0,Nick Nastrini,2026-05-25
f81bf9672997105d8e26b9ab69b1acc8,,0,25,0,0,0,Jack Anderson,2026-05-25
7912efd280fcbdec44d3fa201af41716,,0,34,0,0,0,JR Ritchie,2026-05-25
49297a3519217fc9b387435f099b5837,,0,8,0,0,0,Maverick Handley,2026-05-25
54f9c9ecaa8b154736dedcf0f8626373,,0,7,0,0,0,Asa Lacy,2026-05-25
e3e24deb53eb11d941eb8788b8985805,,0,53,0,0,0,Chase Shugart,2026-05-25
0a075a174e8c20bf41d0e6dc9d5f9220,,0,29,0,0,0,Greg Jones,2026-05-25
b7f70ef5f048e84354b1ac0606d7b068,,0,8,0,0,0,Taylor Trammell,2026-05-25
669f9a59c2b8437a2dd24b58c3c39bfc,,0,33,0,0,0,P.J. Higgins,2026-05-25
c5942caf1bd8fcd5753b3befe4dc12b9,,0,31,0,0,0,Peter Lambert,2026-05-25
891be213e86428eb1928ea8a9dab31e3,,0,8,0,0,0,Corbin Martin,2026-05-25
07bae768fc6f50e1957babba5625b4a6,,0,12,0,0,0,Aramis Garcia,2026-05-25
f15f5923ba25ce8190fa115ff04f0893,,0,32,0,0,0,Patrick Wisdom,2026-05-25
1f07b355f78264ab13c4673a2f11fc8f,,0,7,0,0,0,Tyler Wade,2026-05-25
8c0656b55b59281744e47c52d2b7dce7,,0,8,0,0,0,Eloy Jiménez,2026-05-25
4ef47e8c534b3d6cdfa457546574d5e7,,0,27,0,0,0,Miguel Castro,2026-05-25
5329b8f8dc23087b4cb3fd5385fd8f9b,,0,11,0,0,0,Burch Smith,2026-05-25
ec0fa1e28f647427dcad9505ce2544ca,,0,7,0,0,0,Carlos Carrasco,2026-05-25
0a73aa5c13611b837c0a689a34b2faec,,0,13,0,0,0,Cooper Pratt,2026-05-25
1b6d77fac4aae671edf866f719237f43,,0,4000,0,0,0,Trent Grisham,2026-05-25
3412bd884cb1e047aaa9608975f9bf54,,0,3898,0,0,0,Jakob Marsee,2026-05-25
e17a5e4b67a3909c5dc203f9f8f01c23,,0,3970,0,0,0,Jeffrey Springs,2026-05-25
2b0ac37ddd3671b0fd917652b72e9953,,0,3987,0,0,0,Ronny Mauricio,2026-05-25
ef83a78fdf7155fa58d407cf84da6552,,0,7,0,0,0,Yeuni Munoz,2026-05-25
d26dfbb1e45974ab6308f99c63db6421,,0,8,0,0,0,Nick Roselli,2026-05-25
042b8e885fa43fee36a64f587f839b0f,,0,7,0,0,0,Johnny Tincher,2026-05-25
5f1ba3608d513f6a1c21366c7176e43d,,0,7,0,0,0,Joel Valdez,2026-05-25
45278c834d3a76ba09771aa10a18848d,,0,35,0,0,0,Valente Bellozo,2026-05-25
68924100d4c7048774abb64716a3029c,,0,6,0,0,0,Mason Vinyard,2026-05-25
1303d3754422be54947992b098da766a,,0,7,0,0,0,Christian MacLeod,2026-05-25
a44c061e110a353a5751dab495f733ea,,0,17,0,0,0,George Klassen,2026-05-25
9be53bbcfc2162b6ece9fe170dbc5de7,,0,8,0,0,0,Matt Mervis,2026-05-25
d3882a77a89db8e1f74e24948fa717e0,,0,20,0,0,0,Colt Emerson,2026-05-25
40e1abfd1b03fb3a36aabdd2d8491eee,,0,7,0,0,0,Ryan Brady,2026-05-25
63b2a89c8ba5350dd5c209328b6b3251,,0,8,0,0,0,Bryce Arnold,2026-05-25
6809eab02ad2caff0f7e09e9f1dacf0f,,0,8,0,0,0,Murphy Stehly,2026-05-25
2fd818c52c128114f60fb447a5365e3a,,0,7,0,0,0,Jordan Geber,2026-05-25
0dfb37e593bd4a1b0890457d70e4ccde,,0,7,0,0,0,Viandel Pena,2026-05-25
d01c07ae8d0431d57d70fc591956e098,,0,7,0,0,0,Douglas Glod,2026-05-25
ea7b165865b916368fc6be8c20094c3e,,0,7,0,0,0,Sam Thoresen,2026-05-25
5545651652c41ae17d3d49ecd11a9fda,,0,6,0,0,0,Ross Carver,2026-05-25
d47f6c189e551b362c09c8b7334af14c,,0,8,0,0,0,Tres Gonzalez,2026-05-25
cc0a50bbb52c08fcc804a35d78a528f3,,0,7,0,0,0,Armando Cruz,2026-05-25
41df21f5b81b98d3c45df0d3d0d7e80a,,5,29,0,0,0,Jared Shuster,2026-05-25
bde37f187ca71d2130e315b0100e6df3,,0,28,0,0,0,Darius Vines,2026-05-25
0dfe033a6d3b0bd5cfc60f81dc86db42,,0,4497,0,0,0,Jeff Conine,2026-05-25
f85a1d9e41e3080166a6185083e0699b,,0,4488,0,0,0,Brooks Robinson,2026-05-25
9c244cf9198afa704b9c3c93edfc0837,,0,4487,0,0,0,Duke Snider,2026-05-25
0d45be5a96041d36f85b0ce2db83f2b5,,0,4489,0,0,0,Rod Carew,2026-05-25
cabf9eaa044240643039c3de0ebc468d,,0,4486,0,0,0,Tony Gwynn,2026-05-25
9bc3011b6bd1726f50695939e2fa0828,,0,4494,0,0,0,Raisel Iglesias,2026-05-25
fc5f497068c7b54411000dd84e694a06,,0,5027,0,0,0,Max Fried,2026-05-25
650059f6d80129cafbbb30eb162d4b67,,0,4744,0,0,0,Nico Hoerner,2026-05-25
bc631f02bc098a7675fbf3c7c7d74aa4,,0,22,0,0,0,Taylor Rashi,2026-05-25
6a109398fd3d1a428431eb05d5cf5d4b,,0,7,0,0,0,Adam Hackenberg,2026-05-25
f00a9c871baabb7ee0191c1ea741cebe,,0,7,0,0,0,Trey McGough,2026-05-25
6ec7d145c1430a24f57b1ee74c20633e,,0,7,0,0,0,Dustin Harris,2026-05-25
dd8c378277b63e601fa8b6013678d8d8,,0,8,0,0,0,Matt Hogan,2026-05-25
84da67ac210698641f087c7d20495f8c,,0,8,0,0,0,Jaylen Palmer,2026-05-25
709202c67ed817bbd54745a361c9ba67,,0,7,0,0,0,Luken Baker,2026-05-25
8b947ecbf6e8d058baaa2be393bd9c0d,,0,11,0,0,0,Cody Bolton,2026-05-25
edac2e000feb1b8d664fa262bbba1c5d,,0,8,0,0,0,Daniel Johnson,2026-05-25
1c4f65570a692af435146b49794211cb,,0,6,0,0,0,Shaun Anderson,2026-05-25
98617ef19f59a4cc4dbd0cafeffab418,,0,3903,0,0,0,Miguel Vargas,2026-05-25
e154c5f751f0cf6ba27ade0d0bf358e6,,0,3902,0,0,0,Michael Soroka,2026-05-25
4175295da9f196f2460c91399a225bb5,,0,3894,0,0,0,Daniel Susac,2026-05-25
cb2a733e580d22d9c359e346eca144c4,,0,7,0,0,0,Chase Watkins,2026-05-25
9811bf8946eba4263f22c4daa6900bc4,,0,8,0,0,0,Lyle Miller-Green,2026-05-25
98f8a8e3b0ddf44a4f8a1628afd10742,,0,7,0,0,0,Phillip Sikes,2026-05-25
f22a4528db70aeffffd5bc22a63f956c,,0,7,0,0,0,Kyle Hess,2026-05-25
a0d61fafbe8ec4d46d1d1fee1f3b1968,,0,7,0,0,0,Cesar Franco,2026-05-25
3aaa14cc4a08c4c479c3aaeaaa3aa5da,,0,7,0,0,0,Sean Hunley,2026-05-25
594afe86c0d4eeb4090ce5a04a85dba7,,0,7,0,0,0,Kleimir Lemos,2026-05-25
e6df3740e4d5cedd230dc573528bdf03,,0,7,0,0,0,Ryan Cardona,2026-05-25
33b3a79d5db6731b4e6c571a9686c1a0,,0,8,0,0,0,Connor Cooke,2026-05-25
69a0169ee72882e1928e8b824bb7994b,,0,32,0,0,0,Carson Benge,2026-05-25
168c0f49b632fab8678645595d17b3a7,,0,7,0,0,0,Anthony Sherwin,2026-05-25
c4b710b97a74e55d0f1b9fbc74474f14,,0,32,0,0,0,Cam Booser,2026-05-25
3916ce5962baacbb18f40dae7ac8f037,,0,6,0,0,0,Brandon Schaeffer,2026-05-25
62a30eaa8153c346c9c20f0d3efdb7ba,,0,7,0,0,0,Corey Joyce,2026-05-25
443372ecc28fe0afcb1ca8b08889b707,,0,31,0,0,0,Kevin McGonigle,2026-05-25
621929ed98d23db9a944d933b74acecd,,0,7,0,0,0,Jared McKenzie,2026-05-25
d335dd9d108544a315166901fcee5e70,,0,9,0,0,0,Joe Redfield,2026-05-25
84d7ce65eff59cb2536f1d171e50441e,,0,7,0,0,0,Nick Schwartz,2026-05-25
3ba8c5e00cead1285d11e368c9e78f7e,,0,7,0,0,0,Tyler Robertson,2026-05-25
c5adc50785b45b749de41ad25e19dc3f,,0,6,0,0,0,Aaron Rozek,2026-05-25
836d3b2fe1a7f460ded1cf204f9e4a03,,0,7,0,0,0,Walker Powell,2026-05-25
a178c9ae93afd742cfe19318f5821635,,0,7,0,0,0,Jalen Battles,2026-05-25
45054b19335632231f4f393faa220e47,,0,7,0,0,0,Robert Brooks,2026-05-25
898ba88967570f4c0951112c5b1c63ef,,0,10,0,0,0,Enmanuel De Jesus,2026-05-25
0edeff358b3b3521b467da21c35cddc5,,0,6,0,0,0,Noah Dean,2026-05-25
fab9b662af2ad5d2ccd5f00cccb84ed5,,0,7,0,0,0,Chandler Champlain,2026-05-25
391f72989d9f00527916c01ec2c66a08,,0,25,0,0,0,Damiano Palmegiani,2026-05-25
8ad8cc14190fde302173e7aa65e3b901,,0,36,0,0,0,Caleb Kilian,2026-05-25
34a11a5cdc82518f9d71bf377a7c1a08,,0,10,0,0,0,Christian Cairo,2026-05-25
b9c253ebb8fc1e47817e5c9ab46cb206,,0,8,0,0,0,Tyler Miller,2026-05-25
12774c6450096edeba5b58af6fca14c0,,0,7,0,0,0,Caleb Roberts,2026-05-25
dc215fcffb8f0c8a974ca8f34067302c,,0,6,0,0,0,Rhett Kouba,2026-05-25
dd8db90649771369890c9fb0ff24731d,,0,7,0,0,0,Brady Lindsly,2026-05-25
2bd04f37f2d6ce58d6801f1137dedb76,,0,8,0,0,0,William Lugo,2026-05-25
891fa5ae8c7542b41fe92b44fc924ded,,0,8,0,0,0,Jack Cushing,2026-05-25
ff077add78bc917de1449aa9043218f6,,0,19,0,0,0,Mickey Gasper,2026-05-25
74501b8188a9fe27183d40fbe882c0b6,,0,8,0,0,0,TT Bowens,2026-05-25
a7e3077cb66f9c218a5556915423304a,,0,7,0,0,0,Dustin Saenz,2026-05-25
abe28af5fd7efb29138b43e993e954f4,,0,6,0,0,0,Luke Ritter,2026-05-25
5b9ee229f5e1a7be2e7353d4ff388ef1,,0,25,0,0,0,Warming Bernabel,2026-05-25
5314c84b9f757e52b6e96f781e3c8a9c,,0,8,0,0,0,Óscar Mercado,2026-05-25
3ad4861f287c6165e9c309c54cac018f,,0,7,0,0,0,John Rhodes,2026-05-25
b21d51573d772362dc5c28a0d7542873,,0,32,0,0,0,Christian Roa,2026-05-25
57fce16a4b741596d87afda95e53c935,,0,7,0,0,0,Tyler Gentry,2026-05-25
64b88a1e04d1645495d094a3da20bab9,,0,7,0,0,0,Sergio Alcantara,2026-05-25
f5db2aafdf3d5a4e7d118f128dceb743,,0,8,0,0,0,Orelvis Martinez,2026-05-25
bff5d32710e5b6f29871cdcec456adcb,,0,25,0,0,0,Hunter Bishop,2026-05-25
4b373a35b18b9b3506c722e4aac00116,,0,27,0,0,0,Codi Heuer,2026-05-25
c21d4f0a1caad93cac0dd8dfcc76ee70,,0,8,0,0,0,Jared Oliva,2026-05-25
abcf9bac289ad4cbd1a620d85e5511cc,,0,10,0,0,0,Connor Seabold,2026-05-25
39b39b513034c70ce68ff5472b75f1c8,,0,28,0,0,0,Brett Sullivan,2026-05-25
086fbb425cbd640a267c4c9b2cdeaa0a,,0,16,0,0,0,Jake Woodford,2026-05-25
796744cbceae2011c2832fee99b0afa9,,0,8,0,0,0,Scott Kingery,2026-05-25
e5295e5bb0c6f5bcee89b5e49a49e5e6,,0,4795,0,0,0,Anthony Volpe,2026-05-25
b7f31232457839ec7658063a307caf3c,,0,5000,0,0,0,Carlos Delgado,2026-05-25
49519cb6ad89bec7eea14ac044494987,,0,4148,0,0,0,Chandler Simpson,2026-05-25
f358b871512423a93b9a1b4834236e58,,0,4180,0,0,0,Steven Kwan,2026-05-25
d4bddaf22ffc8e7a3c5fd880c4348065,,0,3999,0,0,0,Michael Busch,2026-05-25
be75e2b45ff2ead06f0aa892559ac84b,,0,4169,0,0,0,Johnny Bench,2026-05-25
9b0514c5bcfde530a5817919341f678b,,0,4100,0,0,0,Kyle Seager,2026-05-25
ecf31284680a72a2d5f365fadead5552,,0,4000,0,0,0,Tom Glavine,2026-05-25
b4598a68363a4f31a6d5523aee88d187,,0,3898,0,0,0,Jonathan India,2026-05-25
530fe851e7c561af7e11c8a04851c50d,,0,47,0,0,0,Eric Haase,2026-05-25
024157ff118cb81abcd258433b68bcd5,,0,31,0,0,0,Jonathan Loaisiga,2026-05-25
75b74903e8c8908f90d359cb4a5622e4,,0,7,0,0,0,D.J. Snelten,2026-05-25
a77cbe5211685dfa5a41fecee08d854b,,0,7,0,0,0,Bayden Root,2026-05-25
bec54d7c0cb2db98888e5bcc40d2a44e,,0,1699,0,0,0,Harrison Cohen,2026-05-25
c3e4263fc3261b334c5d2688ec71b914,,0,1705,0,0,0,Sam Antonacci,2026-05-25
98211ac8ccf82097725afa9afa1f166d,,0,1690,0,0,0,Dante Nori,2026-05-25
e3ab66f697e7d9ce7e390c2b69476962,,0,1682,0,0,0,Najer Victor,2026-05-25
219c2f239b547fac60d3f8cbe51f830c,,0,1709,0,0,0,Ondrej Satoria,2026-05-25
880ea0c56745a5ae7baa146126c18374,,0,7,0,0,0,Jordan Marks,2026-05-25
3852f59d2f9be7e9017ddeab91ac3072,,0,8,0,0,0,Jacob Stretch,2026-05-25
b71d8c5dc4743a4e388faba253aac0d8,,0,8,0,0,0,Ethan Lege,2026-05-25
4b69124f779b21990b6583a32520689f,,0,6,0,0,0,Jackson Grounds,2026-05-25
7b7775131e4f316b99f6bb2ba1ebdeb5,,0,8,0,0,0,Ian Farrow,2026-05-25
5fd8319a20b6a8c2f71bc51628482eb2,,0,7,0,0,0,Eddy Rodriguez,2026-05-25
84447ac2866139df506e457d5c410b39,,0,8,0,0,0,Nick Podkul,2026-05-25
f41111bccb5f595c46b40dd0c9d8e2e7,,0,7,0,0,0,Wil Jensen,2026-05-25
7e3be2bc30074202fa086486a4c9207b,,0,7,0,0,0,Evan Kravetz,2026-05-25
403dc2745d910155603ac3a1bf0c5746,,0,7,0,0,0,Matt Merrill,2026-05-25
c0077273c06d00911c2f4f5f616e0241,,0,7,0,0,0,Rob Griswold,2026-05-25
69437fb059e30b5ea6fadd8ea7a442af,,0,7,0,0,0,Johnathan Rogers,2026-05-25
670155b8e5439629fa311c989bb6ed4c,,0,6,0,0,0,Colson Lawrence,2026-05-25
c1e5c9eaf273fb148ab39ebe6f7e6c75,,0,7,0,0,0,Mat Olsen,2026-05-25
9defa512b0093c4921d5a9b87c9c7fd3,,0,7,0,0,0,Matthew Linskey,2026-05-25
418357f284efac6beb6d17e0ff00de78,,0,8,0,0,0,Kevin Sim,2026-05-25
8049e8c8583464c612237e3a8978a9ee,,0,5,0,0,0,Leon Hunter Jr.,2026-05-25
7ad2c1391c7682c9bdfde3ad715bb4f1,,0,31,0,0,0,Justin Crawford,2026-05-25
e6424f0557914ddf60817a3f7a437bdb,,0,8,0,0,0,DaShawn Keirsey Jr.,2026-05-25
350aa327da26d245ccaf9b49a78ff069,,0,7,0,0,0,Caeden Trenkle,2026-05-25
25234b30c6871e266bd09122b38d1d5c,,0,9,0,0,0,Alex Rao,2026-05-25
1e75ea011d7d6780a99eebf5a8716b72,,0,6,0,0,0,David Smith,2026-05-25
ae82ae37f5e6be49684b699d5b80aa39,,0,7,0,0,0,Eddy Isturiz,2026-05-25
01c71866a26181f7c975dea59448c4b3,,0,7,0,0,0,Joe Delossantos,2026-05-25
cfe1fbfee2c5dcb7049447feb05853e5,,0,7,0,0,0,Sauryn Lao,2026-05-25
004b7519020239b1861ed71b4ab18ea9,,0,6,0,0,0,Cole Percival,2026-05-25
8bec52d6fa5c9e9f9d9a8f7591d3d191,,0,6,0,0,0,Paul Witt,2026-05-25
2e51aa32910ee67e2addebf90bb7e52c,,0,8,0,0,0,Cam Fisher,2026-05-25
a5d7ddb2131bd570c28c4890778d7a4f,,0,7,0,0,0,R.J. Yeager,2026-05-25
4aa2db03aa51ef33f0bbca6d12bd82f0,,0,8,0,0,0,Josh Hatcher,2026-05-25
7645a52022e628cf9fa5f78da5741c71,,0,7,0,0,0,Bjay Cooke,2026-05-25
0587d9d61eb7738048f8c2f37b1c4dac,,0,6,0,0,0,Nick Fraze,2026-05-25
96e588b1da46ffa7646e3281acf7553e,,0,7,0,0,0,Dylan Shockley,2026-05-25
9a6f9c317713018380801b0fed97ea15,,0,8,0,0,0,Spence Coffman,2026-05-25
d750c48d59bb21eb42ed6cdda450d5ca,,0,7,0,0,0,Ray Gaither,2026-05-25
3b23afc3ff61bbef2929c0fb5d8020d2,,0,7,0,0,0,Kyle Jones,2026-05-25
7f31851a9d23fcb9e4f6d7423b740295,,0,7,0,0,0,Brady Allen,2026-05-25
5ac1aec62de63522e4a89df4cae87773,,0,7,0,0,0,Austin Murr,2026-05-25
163863f173d731c946f600691ce2d1cd,,0,8,0,0,0,Korey Holland,2026-05-25
6262e34116da0a2dc8a0cea297103b2d,,0,8,0,0,0,Quincy Hamilton,2026-05-25
07bf95de4e31a1a7833bcf3710b2ff92,,0,7,0,0,0,Eric Yang,2026-05-25
ddb3ad286b731f7671433045fb3f5322,,0,7,0,0,0,Troy Schreffler Jr.,2026-05-25
cb5f5b4dee10e7b9d63f2bdabead923d,,0,6,0,0,0,Peyton Glavine,2026-05-25
c97c6162958b49d499a4b34dde4fe9fb,,0,7,0,0,0,Chandler Seagle,2026-05-25
222122e21b23d7905cb184e69ecb57f2,,0,7,0,0,0,Milkar Pérez,2026-05-25
0b27d3d3db68dadd3ee97599bb762ee9,,0,7,0,0,0,Garrett Davila,2026-05-25
742277e7f5921a6b04f43ddbb607e5c5,,0,7,0,0,0,Ripken Reyes,2026-05-25
ae86437029e78394579415eb20c32c4e,,0,7,0,0,0,Daniel Montesino,2026-05-25
7b8a72de36e4363066110e7d61c574d9,,0,7,0,0,0,M.D. Johnson,2026-05-25
21c72823afdaf768c102fcf4dd9d0e8f,,0,7,0,0,0,T.J. Schofield-Sam,2026-05-25
4914067a9d8391d5079d37bea1fb9aba,,0,25,0,0,0,Cameron Eden,2026-05-25
f364c7344f601fe9cf577a910f3e3afe,,0,7,0,0,0,Brett Auerbach,2026-05-25
b508f21e6f9c284653fd2596aabae54c,,0,8,0,0,0,Logan Cerny,2026-05-25
400bb715506b4a1cbf6e9053ed41a5b8,,0,25,0,0,0,Bradley Blalock,2026-05-25
0f3a39ed81eb2dc4d63514ef9d4719b7,,0,8,0,0,0,Matheu Nelson,2026-05-25
20b2bcb7d4adeba4115d9d5412f4a572,,0,8,0,0,0,Lyle Lin,2026-05-25
e9346eae9b4df089e1e5779b265183f9,,0,6,0,0,0,Brennan Malone,2026-05-25
83c52f5eb67f9d10ae08cab41a0f4606,,0,8,0,0,0,Kendall Simmons,2026-05-25
8d7662ad98027988e184004a3fcf59c0,,0,25,0,0,0,Yunior Severino,2026-05-25
61a347f32261125cd95d40cd98e37075,,0,7,0,0,0,Anthony Servideo,2026-05-25
f4a4b9e7ac8a6f28777cd0e48141bfa8,,0,7,0,0,0,Andre Lipcius,2026-05-25
4d59e474a27fc95407ab564b744c778e,,0,7,0,0,0,Justin Lange,2026-05-25
ca68929dd83c262f969a4c56728ee8fe,,0,7,0,0,0,Hyun-il Choi,2026-05-25
6a7d7ef25bfd6e76110ccbfec749e4ca,,0,10,0,0,0,Kervin Castro,2026-05-25
23565cdf4e0401718824bb048556a0b5,,0,7,0,0,0,Burl Carraway,2026-05-25
d3cf49495bb03b23977d1b841dffb315,,0,8,0,0,0,Jack Blomgren,2026-05-25
2601167cc665dfa72acc4edfa8e43c85,,0,7,0,0,0,Nick Bitsko,2026-05-25
f70ead6946bf8f2249625e0d2182e08e,,0,7,0,0,0,Thaddeus Ward,2026-05-25
e61800146015461a977aca944bc65d9b,,0,7,0,0,0,Ethan Small,2026-05-25
2e6c80b4392e945a580cc2ce2dc07dd9,,0,7,0,0,0,Michael Mariot,2026-05-25
d0d252b5c45ed112054b9e9ff0f57691,,0,8,0,0,0,Kevin Maitan,2026-05-25
1b444b95730c8653f09fbf7b182a69f3,,0,7,0,0,0,Karl Kauffmann,2026-05-25
7973803c11ba488e0777540f03595627,,0,7,0,0,0,Adam Hall,2026-05-25
ed7f4c49b2339f0a4528b1f93e8349c3,,0,7,0,0,0,Matt Allan,2026-05-25
4bf04e5164f2ac82e5f31785f4cfbfbf,,0,6,0,0,0,A.J. Puckett,2026-05-25
573722f5f3d3b1f27cfffe29b552baa7,,0,7,0,0,0,Jamie Westbrook,2026-05-25
271c5a3aab88905b21f0e37f6ff40373,,0,8,0,0,0,Travis Blankenhorn,2026-05-25
8872f940cbfe48c695ba286b269ecc97,,0,7,0,0,0,Parker Dunshee,2026-05-25
b54fdd41d3ac24b675e24da28338cb90,,0,7,0,0,0,Max Burt,2026-05-25
6494356e416e17b637e9ff99ee46f871,,0,8,0,0,0,Beau Taylor,2026-05-25
490f225c9a3569df5d857f3ccab030d1,,0,7,0,0,0,David Buchanan,2026-05-25
f208171d31af9c81b0cbb7326ef34e81,,0,6,0,0,0,Chris McMahon,2026-05-25
870b42d335082ab324dfe28e322d0cec,,0,4499,0,0,0,Rick Ferrell,2026-05-25
d08d7b2703a59ff922ccf5fa8382bf84,,0,33,0,0,0,Aaron Brooks,2026-05-25
befdae511a7f4d64b76517367ced9626,,0,7,0,0,0,Eddie Rosario,2026-05-25
b1175e66933b79c7fd8ff9862eb0b7d5,,0,8,0,0,0,Rob Brantly,2026-05-25
1a5f89abde1688b1a0b47beaa8c4f780,,0,1699,0,0,0,José Caballero,2026-05-25
93f3d514bccdcc3dbe343bde626cee44,,0,342,0,0,0,Juremi Profar,2026-05-25
c97469b27548cf501cb6e54e77941ef4,,0,341,0,0,0,Robbie Glendinning,2026-05-25
4154c243f6f04402add07a3de886b498,,0,7,0,0,0,Houston Roth,2026-05-25
1cdb3f29707f6e2ce6e4411b7de550e8,,0,7,0,0,0,Jeffry Rosa,2026-05-25
fe73ef82abc9cc36ebce989c520181b9,,0,8,0,0,0,Tsung-Che Cheng,2026-05-25
4be696a016518362164edffd3acca7a4,,0,7,0,0,0,Osvaldo Bido,2026-05-25
c382c1cd29d76632957480971909bc49,,0,7,0,0,0,Kelvin Cáceres,2026-05-25
326427442bda5766b058d3463485b119,,0,27,0,0,0,Ryan Burr,2026-05-25
865fd1ddb5d601c901f3505df7368007,,0,25,0,0,0,Hudson Haskin,2026-05-25
fc97a1236b9c2872bb979da9135fdb72,,0,6,0,0,0,Brett de Geus,2026-05-25
60c0c64d52e40de71575671cfc950b11,,0,28,0,0,0,Austin Cox,2026-05-25
df5437b4b1768553187552f21c378c6e,,0,7,0,0,0,Elvis Peguero,2026-05-25
32b112556f2f5353686bfdffedecfc01,,0,6,0,0,0,Justin Garza,2026-05-25
6462779f422c95d0a4fc0c71b50df618,,0,25,0,0,0,Kody Hoese,2026-05-25
a80f912f0fdf6116d5c1554381edf93a,,0,7,0,0,0,Tyler Jay,2026-05-25
15138cc8f7631f416c33b54755834b75,,0,27,0,0,0,Oliver Ortega,2026-05-25
da62c1df0ea24cbdd7bf1727f02a855a,,0,8,0,0,0,Forrest Wall,2026-05-25
57650760c796f5be2d48fec934dfa4d6,,0,7,0,0,0,Joshua Palacios,2026-05-25
b9ec24eb874928df8c72593ecbeaad45,,0,28,0,0,0,José Quijada,2026-05-25
5b19c15c089a2e67ac35645cf9d06203,,0,1745,0,0,0,Luis Severino,2026-05-25
0a69797803bc8fd6d619e5edd2684942,,0,3089,0,0,0,Jim Kaat,2026-05-25
e7b7ed3f4265b2040f31042e7ce8da75,,0,3096,0,0,0,Mike Napoli,2026-05-25
fba9bc4ba8fd486d1ba8108668960683,,0,3088,0,0,0,Kyle Stowers,2026-05-25
239eb9a428bdd7454f26c2ea84b7b865,,0,3069,0,0,0,Torii Hunter,2026-05-25
f63b3c429edfb2a57c67bb0bdb4c9037,,0,3100,0,0,0,Shawn Armstrong,2026-05-25
15a04539923db01690f5eb474d5d5651,,0,6,0,0,0,Bryse Wilson,2026-05-25
ee5f3fb07048fe96d340af3974a1368a,,0,7,0,0,0,Justin Anderson,2026-05-25
bf5a81714ebb3f60a190d3d58cad8819,,0,7,0,0,0,Scott Alexander,2026-05-25
e15d42d00a08800128871854cf7eaa47,,0,25,0,0,0,Jake Marisnick,2026-05-25
76de6b45292f7cf130cdc858059e8099,,0,1676,0,0,0,José Quintana,2026-05-25
1ab6bf426a430a0426841a29c507e3ff,,0,1700,0,0,0,Aaron Nola,2026-05-25
489539658dd9503c57c8da8435fe1eb5,,0,1700,0,0,0,Heliot Ramos,2026-05-25
1c932a9e79fa9654c75ea81807262280,,0,7,0,0,0,Walter Pennington,2026-05-25
3d07a2a52ec2996a939d11568a374fb8,,0,679,0,0,0,Gregory Soto,2026-05-25
99db289156a2c5eb758881aafa8746d1,,0,7,0,0,0,Keaton Anthony,2026-05-25
357641fc340ab7c48290390346335c11,,0,7,0,0,0,Brody Moore,2026-05-25
a21704b3d2f440bf6ba6b6b38dbd0eb9,,0,7,0,0,0,Trent Baker,2026-05-25
b183eceb1ff3a6cdcaabab8338bb9c8a,,0,6,0,0,0,Luarbert Arias,2026-05-25
3a777eb441222fcb3e4d03b374f8b485,,0,7,0,0,0,Connor Gillispie,2026-05-25
29088111199b7b11769a204286c647b4,,0,8,0,0,0,Luke Adams,2026-05-25
dc6376952e706405b5695bdbeaf70df2,,0,6,0,0,0,Osvaldo Berrios,2026-05-25
5b6548ff1c84b5178a97425fca154615,,0,7,0,0,0,Eduardo Salazar,2026-05-25
7f9f0c15b71cf1f4524120e5fae22bc5,,0,7,0,0,0,Nick Avila,2026-05-25
a9e700b4799af3b212161ccae4108525,,0,36,0,0,0,Shane Drohan,2026-05-25
aad3771c8452f2a354768820b896596b,,0,7,0,0,0,Penn Murfee,2026-05-25
4fcf766ede03153b6c51ba708ff8dad4,,0,28,0,0,0,Gabriel Hughes,2026-05-25
af258cfb2cbaf222de23c04cd5ec755d,,0,8,0,0,0,Coco Montes,2026-05-25
32b6118cb3bcaba310c4c6e28e029002,,0,7,0,0,0,Sean Bouchard,2026-05-25
58c3d4df8f272ee192f64d74e5f576ec,,0,8,0,0,0,Cal Stevenson,2026-05-25
917ca3d4a90a1f416185feee1904b482,,0,7,0,0,0,Peter Strzelecki,2026-05-25
a9b296714d8ec83b9813d7fb6a5ae9c7,,0,8,0,0,0,David Bañuelos,2026-05-25
495f2ce32cda60c866f562bbf0d7b5e7,,0,6,0,0,0,McKinley Moore,2026-05-25
504e821d6755cd851a49d1d0bc56aeb8,,0,7,0,0,0,Nathan Hickey,2026-05-25
72dac4844bec7688bfa876fa19d0d827,,0,7,0,0,0,Luis Castillo,2026-05-25
b15f5f523b59406dbe9baed43d1625c3,,0,7,0,0,0,Kyle Tyler,2026-05-25
6e1c4d97cb6965df17182c684f5d30b4,,0,30,0,0,0,Alika Williams,2026-05-25
a9fc822dd0a8b2f3e63c9457f17fdcfe,,0,8,0,0,0,Livan Soto,2026-05-25
be4c4b616d8882cb5d5ab1f3767a7098,,0,7,0,0,0,Tyson Miller,2026-05-25
01a905627b1069f6935d19f854fd5019,,0,27,0,0,0,Dauri Moreta,2026-05-25
c3f72491633e95acdf793803c719dd58,,0,7,0,0,0,Joan Adon,2026-05-25
53eded25bd4437765d25a4504360d831,,0,7,0,0,0,Terrin Vavra,2026-05-25
9838d46a30be43ab00b64ef170cb52ec,,0,32,0,0,0,Michael Siani,2026-05-25
533ba758cc200d5731cdc6f6d92f02a5,,0,27,0,0,0,Alex Faedo,2026-05-25
66352ad5eb052d1f18352da40bc6d1c7,,0,8,0,0,0,Zach Thompson,2026-05-25
46c5dcae16fb5cc4884f8ba7e467bd24,,0,7,0,0,0,Cody Poteet,2026-05-25
dc5e8568267084873e0d75af1b4162fe,,0,25,0,0,0,Stone Garrett,2026-05-25
07af647d5aed192cec6d555edc9e08cd,,0,7,0,0,0,Julian Merryweather,2026-05-25
0853c372d74cd360bcfe26b53271d363,,0,7,0,0,0,Kyle Nelson,2026-05-25
568b6e37adbb33623ce9fd49ddaffc09,,0,7,0,0,0,Oscar Gonzalez,2026-05-25
3cd7930e165a0786225eeb12db185062,,0,28,0,0,0,Ryan Brasier,2026-05-25
30bdb5484a7dfa269fe554f0776d26f7,,0,7,0,0,0,Josh Fleming,2026-05-25
b9071767ea97e16a89393d47a1e9d6fa,,0,7,0,0,0,Dillon Tate,2026-05-25
468dd4fa22c10a95aefac92820114574,,0,7,0,0,0,DJ Stewart,2026-05-25
9d71192129cb34bf441e1a1d0a9bee1c,,0,6,0,0,0,Luis Ortiz,2026-05-25
63835ca7159709169c42e6dcd6803c0a,,0,6,0,0,0,José Ruiz,2026-05-25
7bc1c5500f065e9cb1bd710ebb4ef55e,,0,28,0,0,0,Ben Lively,2026-05-25
08526e6f9bc087eabeaedcfcc64ee903,,0,6,0,0,0,Dylan Covey,2026-05-25
ecec9f88f5d37c6c5c584a4a4f1696d8,,0,15,0,0,0,Joe Mantiply,2026-05-25
9ac0f5165aa3d86ce255f9118703ad9e,,0,7,0,0,0,Chris Stratton,2026-05-25
26631dafbccaa7569263a36023a5871a,,0,27,0,0,0,Michael Fulmer,2026-05-25
03d6b3f873e27258a8a7ab2ee041490e,,0,6,0,0,0,Scott McGough,2026-05-25
db5b6b7b1f0959722d29b5c7fd08ef04,,0,28,0,0,0,Hunter Strickland,2026-05-25
62e9bd370d7329c9ca798c6a556283a3,,0,11,0,0,0,Alex Carrillo,2026-05-25
58584ca8bcb43439d45d765cd4b26990,,0,28,0,0,0,Justin Wilson,2026-05-25
fb835dde01d40e9a961d247e53a543c5,,0,7,0,0,0,Casey Kelly,2026-05-25
910cd6cd06f2412d590b823c67c3f24e,,0,7,0,0,0,Luis De Los Santos,2026-05-25
174653127f0be4c446c278fedf8a9afc,,0,15,0,0,0,Leandro Lopez,2026-05-25
295ecbc9df232487791f0a76e3121e0e,,0,6,0,0,0,Cade Winquest,2026-05-25
19bb2f4aff837e7957c51a28442350f3,,0,15,0,0,0,Jose Franco,2026-05-25
59e2e17305379a21ededb2f1ac7338da,,0,11,0,0,0,Yorman Gómez,2026-05-25
09c18ccd4a39721020c07921a3fbaf8d,,0,30,0,0,0,Nick Raquet,2026-05-25
1c296ed5e6e2698852e68c89d2c0ffb4,,0,10,0,0,0,Drew Sommers,2026-05-25
2741b22e3cfef277f7f199f227dca18e,,0,13,0,0,0,Miguel Mendez,2026-05-25
f788cdeb7f0ebb608368c4af543b9d28,,0,36,0,0,0,Luis Morales,2026-05-25
e26f626ca692c5704c4ba6ce1523a712,,0,10,0,0,0,Jose Fernandez,2026-05-25
b7534b138dfc15e4af117c558d2eb748,,0,32,0,0,0,Juan Burgos,2026-05-25
fe1217c2bb5cab9b33da369357bc69fa,,0,26,0,0,0,Welinton Herrera,2026-05-25
7bb28c49c7282736b84e8e7c07066d0f,,0,7,0,0,0,Yaramil Hiraldo,2026-05-25
bc61951076002f426566f16b89f98155,,0,41,0,0,0,José Fermin,2026-05-25
3031718ed0757284d4bcd61793d12927,,0,13,0,0,0,Jonathan Pintaro,2026-05-25
da8264f1a5acec7587fdcd7be4efbc0f,,0,32,0,0,0,Anthony Nunez,2026-05-25
bc0573f8d99ab77e497196dd51b1155b,,0,16,0,0,0,Ryan Johnson,2026-05-25
b0e5ea92dcae131d9984069628ccb5ec,,0,9,0,0,0,J.C. Escarra,2026-05-25
1350c6ea128117e076a0fda8cfe8fae2,,0,16,0,0,0,Duncan Davitt,2026-05-25
c552431c911d621e0f32d2b5fefa0cd1,,0,6,0,0,0,Alexander Alberto,2026-05-25
cd9f01bf3ff838163e9ccef702a10c1a,,0,18,0,0,0,Brandan Bidois,2026-05-25
94c9ad46d4dc781d985c2b577ed3fed4,,0,28,0,0,0,William Kempner,2026-05-25
81b9a54aaec89a2124aea8696c2e3bdb,,0,8,0,0,0,Rolddy Munoz,2026-05-25
86107d400fa07db15b95e5afedad5aab,,0,30,0,0,0,Hyeseong Kim,2026-05-25
7b2d7f71ef2e7dd0fa276e175796c2b2,,0,23,0,0,0,Eduarniel Núñez,2026-05-25
a9045441d0422e2342de9281cdab38ba,,0,13,0,0,0,Chen Zhong-Ao Zhuang,2026-05-25
a4d8aa17f763a3768af33f06034a1966,,0,7,0,0,0,Lazaro Estrada,2026-05-25
7478e0b8911703abbbcee8a213555700,,0,14,0,0,0,Dylan Ross,2026-05-25
1c776f0fd668e2ba6eab6804ef60f311,,0,24,0,0,0,Cameron Foster,2026-05-25
f41f934e680f05121a732f6b3c8860c0,,0,10,0,0,0,Trent Sellers,2026-05-25
878a2ded0fce9786fc9967a02c781e47,,0,9,0,0,0,Austin Peterson,2026-05-25
ba8047b7cff47b813eecdfe189504865,,0,16,0,0,0,Tyler Uberstine,2026-05-25
77c5984bb2962b48821a2478dba06db8,,0,34,0,0,0,David Morgan,2026-05-25
44380502d0dacaa4a3d800e4349e3a75,,0,30,0,0,0,Mason Fluharty,2026-05-25
b8911a280a08239f0e5e352d3efb18a5,,0,3399,0,0,0,Nick Kurtz,2026-05-25
94a0a40efebc034ea09dfb07f78ffb27,,0,19,0,0,0,Moisés Chace,2026-05-25
bf0be4ea130673b289cb3ac2ce7f8a77,,0,21,0,0,0,Jean Cabrera,2026-05-25
3f4ddf0f89a978f3647e3696119f2b15,,0,9,0,0,0,Wilber Dotel,2026-05-25
fa19a2a8acd4645dbedd807f1424f3c0,,0,7,0,0,0,Jedixson Paez,2026-05-25
609164fccfcab46b80c10e6f201b4501,,0,11,0,0,0,Jhostynxon Garcia,2026-05-25
d0bfa9bb209a0fba6ced33e2eb333ec7,,0,29,0,0,0,Didier Fuentes,2026-05-25
26503aabcafe1978cd18b295a25e8c54,,0,30,0,0,0,Connelly Early,2026-05-25
3fdbbf72782d664d5a69ae78ef2343d7,,0,11,0,0,0,Kendry Rojas,2026-05-25
9f32f06050f3e71e8bc4ccc8dd8de1e8,,0,34,0,0,0,Bradgley Rodriguez,2026-05-25
012afa4d6b96a4921a63d0e477c44bfc,,0,30,0,0,0,Edgardo Henriquez,2026-05-25
350aca01868332223fc54bc651898a25,,0,11,0,0,0,Troy Taylor,2026-05-25
c732115bff1841758c4dd0d49170bdcd,,0,32,0,0,0,Cam Smith,2026-05-25
2dea22136563b80a78bd02cac4c0dd7e,,0,7,0,0,0,Lucas Braun,2026-05-25
e71b1dceb6911e7ab1ecde0819cc43ef,,0,29,0,0,0,Jac Caglianone,2026-05-25
65a27390dfbbc2d9576bee720ab2bd02,,0,34,0,0,0,Jonah Tong,2026-05-25
13af3212361daf50eeef9e3cdd46bd29,,0,7,0,0,0,Jack Neely,2026-05-25
55785aebc475cf4d5085b0c9cad195ce,,0,15,0,0,0,Andrew Morris,2026-05-25
8ca786cc209e45ca1fa5ed3c60e5c72d,,0,31,0,0,0,Zebby Matthews,2026-05-25
d8d03b5b54d2d51c2764d90a044afe72,,0,10,0,0,0,Thayron Liranzo,2026-05-25
62a6d21da7c8aa7a8118f68cbe1c0f02,,0,13,0,0,0,Franco Aleman,2026-05-25
02a51c758cf08beb51259c93598fe7eb,,0,17,0,0,0,Julian Aguiar,2026-05-25
af39cd29d6fab7e6e414055fd0762b0e,,0,16,0,0,0,Kristian Campbell,2026-05-25
10aa5921465c078042da6c3c664ab04f,,0,7,0,0,0,Angel Bastardo,2026-05-25
b2be94f03413f513058125e1e01cb5c2,,0,6,0,0,0,Jhancarlos Lara,2026-05-25
74ea470ae370f5e3ecb9167321201423,,0,48,0,0,0,Brandon Sproat,2026-05-25
f91c2ecb08d8a95b83a077d3d3ac41af,,0,11,0,0,0,Jake Bloss,2026-05-25
8547e189fb6665f3f8ce2dc3180d3e12,,0,10,0,0,0,David Davalillo,2026-05-25
70837579841cbb5b90c7575265a409a8,,0,24,0,0,0,Jack Perkins,2026-05-25
53d4350a7b8cf066d2da14342442bfb2,,0,10,0,0,0,John Klein,2026-05-25
6fed0aa5f2f455b84816677939a06caa,,0,10,0,0,0,Alex Cook,2026-05-25
aaafd0b4c8b9bb1905adfaca895d949d,,0,33,0,0,0,Josh White,2026-05-25
d83d4e0b92b7bb0fd491557a9a4e43ed,,0,13,0,0,0,Brandyn Garcia,2026-05-25
d76c8f2a8b2e05e4b4e15e6ddb4364fc,,0,27,0,0,0,Logan Evans,2026-05-25
170a1390752781d65c52b275cbc8b3a0,,0,9,0,0,0,Jake Miller,2026-05-25
2ddae4b3582c8b0801faa4aaec03a56a,,0,13,0,0,0,Alex Hoppe,2026-05-25
a3a16f0b8f2373419aa95efcd93e640e,,0,15,0,0,0,Philip Abner,2026-05-25
aa88506a3055f39ff18dc390427c39a5,,0,11,0,0,0,Andrew Walters,2026-05-25
3e65fc9cabd44b64c5fc9e5f4fb1dc62,,0,37,0,0,0,Ben Williamson,2026-05-25
f072f2c3b861c5a539859402ca1fcf58,,0,39,0,0,0,Jared Serna,2026-05-25
03bad695349aa76c1269cc33425fb4fc,,0,19,0,0,0,Mitch Farris,2026-05-25
0ad7717616a71be9f2fd87d7196c23ba,,0,16,0,0,0,Eric Cerantola,2026-05-25
a6115ec3096074b46d31fe934d6cf56c,,0,16,0,0,0,Esmerlyn Valdez,2026-05-25
d3cdbc1265cc6a9c2dffca25ee5f0248,,0,11,0,0,0,Jack Brannigan,2026-05-25
999f3dac619eb42d8105b8427adbe5ef,,0,10,0,0,0,Eduardo Valencia,2026-05-25
7bddd56550c873f45962e19446891199,,0,12,0,0,0,Kyle Karros,2026-05-25
d139b4e292a8ed31cf96fdb360f5c55e,,0,30,0,0,0,Luke Keaschall,2026-05-25
22530e6c1f7f3a722b7d3284361b7638,,0,25,0,0,0,Eric Wagaman,2026-05-25
5c2dc7074f70b353e284d5944cace346,,0,26,0,0,0,Craig Yoho,2026-05-25
09591006cbc6ca035ea54ed123f49ec2,,0,8,0,0,0,CJ Kayfus,2026-05-25
1700a8378f6d1317369070bd18b27271,,0,33,0,0,0,Billy Cook,2026-05-25
38137bddec273f7c39da77713c912812,,0,10,0,0,0,Brice Matthews,2026-05-25
f1d2d5c5c205ffebdf12725ab8c5a1df,,0,13,0,0,0,Rafael Flores,2026-05-25
1b8ce0094397837f68dc4d5ae6c3ee9d,,0,1342,0,0,0,Shota Imanaga,2026-05-25
115a75ceaf345b23bf139b4ff36411f3,,0,20,0,0,0,Chris Roycroft,2026-05-25
3518b750f01bd2577b5ddc25a94a05cd,,0,20,0,0,0,Jesus Rodriguez,2026-05-25
46ab09e7b563d6ce257625f8ee0cd640,,0,29,0,0,0,Ryan Ritter,2026-05-25
8ade6ab5936ca457d23b35e1c8b74420,,0,1001,0,0,0,Ben Rice,2026-05-25
27943adf6028dee7f24b47c09545087b,,0,7,0,0,0,RJ Petit,2026-05-25
996db966efde8f6c57e68a3a5d15a748,,0,38,0,0,0,Abimelec Ortiz,2026-05-25
b0874ed69fb5d0f5e1ca7e49871e391e,,0,6,0,0,0,Pierson Ohl,2026-05-25
8af7b162ee457833012bdb5fc721ca1a,,0,11,0,0,0,Paul Gervase,2026-05-25
3d831d634ce5997caec56820755b75d9,,0,7,0,0,0,Ben Cowles,2026-05-25
f36571c7ba7fbc3af4b1557bc7f48d18,,0,8,0,0,0,Emiliano Teodo,2026-05-25
d2f89444b4bad528940ebbeb79bfee10,,0,35,0,0,0,Ben Casparius,2026-05-25
d2c7b4577499b02f2a19c00f2a9fd934,,0,40,0,0,0,Hunter Bigge,2026-05-25
37f06d4af08c7fdaef2b5a630d5097ee,,0,36,0,0,0,Yuki Matsui,2026-05-25
1a942e46f81b38d13ef126ad21f22862,,0,32,0,0,0,Keider Montero,2026-05-25
0bb014c71d8cc6b977f3065c40203743,,0,40,0,0,0,Juan Mejia,2026-05-25
9a6405edf36438737a9c1364cdc890bf,,0,20,0,0,0,Ryan Fernandez,2026-05-25
04340b5ee2de8577a707eb5b91cb6bb0,,0,7,0,0,0,Yoniel Curet,2026-05-25
3151767411e7bba5ffd3a2c85cd45aad,,0,10,0,0,0,Angel Chivilli,2026-05-25
a98aa1bf02b7298e5e86a07f2c0d665a,,0,10,0,0,0,Braden Nett,2026-05-25
a78add5264f6c17551e471f69a3c2015,,0,13,0,0,0,Sawyer Gipson-Long,2026-05-25
eb80f96db3dc056b6626298781c86cf9,,0,32,0,0,0,Zach Cole,2026-05-25
df1ffaac635eebce06a000e2cc1e9234,,0,36,0,0,0,Rhett Lowder,2026-05-25
055592f81a798a1b77adcd3dd7d6bdda,,0,19,0,0,0,Dominic Keegan,2026-05-25
41af96746cda957bb5b97fc2a181763b,,0,41,0,0,0,Carson Seymour,2026-05-25
4bc889e15f89fa4c7cb0d78f93b7d5b1,,0,9,0,0,0,Spencer Miles,2026-05-25
118d522fcc471c92d7d02691b63a055c,,0,23,0,0,0,Jimmy Crooks,2026-05-25
a8e0d3caaeb3534567e7f14e52d8c648,,0,28,0,0,0,Hayden Birdsong,2026-05-25
536d6c43d6c31449d77658ea8914cac2,,0,7,0,0,0,Jack Winkler,2026-05-25
9df7d74b96335fd4699b534e17e41021,,0,43,0,0,0,Colby Thomas,2026-05-25
1f0b4307a9ac545c047c97b8e2c6cf08,,0,8,0,0,0,Rhylan Thomas,2026-05-25
8eb818575a4b9341df6bb00747e22e54,,0,7,0,0,0,Jose Espada,2026-05-25
bed526483e6b50d74ea9662c8d733058,,0,3393,0,0,0,Jacob Wilson,2026-05-25
f8e89dbf797267fa87de5dc50512fc34,,0,33,0,0,0,Hurston Waldrep,2026-05-25
a94d2e5d918c6efccb53b15ca3e8d64b,,0,26,0,0,0,Kyle Teel,2026-05-25
978e1445bf1103eb08abe00a2651ef3a,,0,7,0,0,0,Ryan Harbin,2026-05-25
a7c8e0d6c87c6da043fd2c6882b0a85e,,0,446,0,0,0,Wyatt Langford,2026-05-25
0f02bcee1a159d6a03fe33cc73ccdafd,,0,20,0,0,0,Hayden Harris,2026-05-25
a48e2234bf7528892a0fc39f8f8642fc,,0,31,0,0,0,River Ryan,2026-05-25
3bd5620d3144d91d91087c18eb54dcf7,,0,14,0,0,0,Luis Peralta,2026-05-25
3ef0a5fa4bf9c4c373d23cb96089f471,,0,10,0,0,0,Carlos Rodriguez,2026-05-25
287fa39c99e6a20ccbfcbf6dcc62645b,,0,11,0,0,0,Zach Dezenzo,2026-05-25
b522d5a3b6ef1ea858926bc179802b17,,0,26,0,0,0,Walbert Ureña,2026-05-25
ab75d2b1f8ced1e78ea8126e4c62d241,,0,23,0,0,0,Victor Mederos,2026-05-25
9cd22e29d9caa7fb7e7fcfad92401bdd,,0,12,0,0,0,Coleman Crow,2026-05-25
53f704eaaae53d1e00e6f29b18725e51,,0,12,0,0,0,Angel Genao,2026-05-25
d658cae21bb318b531a0821e2b48fa89,,0,12,0,0,0,Luinder Avila,2026-05-25
c8c249f154c4bce19c36fd993f9e72e6,,0,11,0,0,0,Antwone Kelly,2026-05-25
cd3c6816814222bebe225376f5b623ce,,0,32,0,0,0,Kyle Hurt,2026-05-25
a67752d2f711e9f5f110df79dc3b8033,,0,9,0,0,0,Steven Zobac,2026-05-25
b60a00414a3e82aedbd34b76c868c807,,0,37,0,0,0,Luke Little,2026-05-25
764ff395b6c74f95271dab5c7ac194a7,,0,11,0,0,0,Mason Barnett,2026-05-25
8fad23192cd4795bcb817c29e4a9ff15,,0,13,0,0,0,Elmer Rodriguez,2026-05-25
6b34ead51bb4df7183171402d9edc6e9,,0,43,0,0,0,Pedro Ramirez,2026-05-25
0e4c47d1b4512ca132d8bc06dbb34cb4,,0,7,0,0,0,Roddery Muñoz,2026-05-25
80bdd825c8f4f708b00848826e046325,,0,26,0,0,0,Porter Hodge,2026-05-25
77afb0bc65ff488c3b1f4c86d4c51798,,0,54,0,0,0,Tanner Gordon,2026-05-25
6088ebf48aa2ff2d7f8c12151e0b5400,,0,29,0,0,0,Yilber Díaz,2026-05-25
415d36e5bc07c53a6b096a20cda76e57,,0,8,0,0,0,Leonardo Balcazar,2026-05-25
466bfb61acc4b10148d85b3b9d955b54,,0,21,0,0,0,Nacho Alvarez Jr.,2026-05-25
6363d92342f6a810bb1474baf1524de6,,0,11,0,0,0,Blake Dunn,2026-05-25
4c6bf2ca0bab2f0a7648b3ff318fcc54,,0,7,0,0,0,Jayvien Sandridge,2026-05-25
cf3393ad34d652dd9e4304236ff0d016,,0,10,0,0,0,Kohl Drake,2026-05-25
97a626fc3c29b758dea3743343cff08e,,0,41,0,0,0,Hunter Dobbins,2026-05-25
e38df435806aa74f437f4e34039e8e3c,,0,9,0,0,0,Dylan Ray,2026-05-25
778dfbf4f86170dbf3f79caaf21cff81,,0,33,0,0,0,Matt Pushard,2026-05-25
55b2164c962984d43747da12dd1f17d7,,0,10,0,0,0,Chase Hampton,2026-05-25
66672ab585aacff0c82d32d4c676b550,,0,25,0,0,0,Brooks Baldwin,2026-05-25
76f14d2d20d237c295a9b1abda206526,,0,26,0,0,0,Zach Agnos,2026-05-25
9c6bbc4edee80e2cc445ccc264258cf4,,0,40,0,0,0,Ben Brown,2026-05-25
d862b93b646712db54491b8ce0fd8f9f,,0,36,0,0,0,Keaton Winn,2026-05-25
882f7e542dec173f942affc2a5f964c9,,0,11,0,0,0,Casey Legumina,2026-05-25
5df4f3069cf0361a70cda557a273dddf,,25,31,0,0,0,Robert Garcia,2026-05-25
9925f96b83c48f91400c99c48a9f09c0,,0,7,0,0,0,Wade Meckler,2026-05-25
bc9e7ed27e808f28bfd06f79baebdc66,,0,29,0,0,0,Noah Cameron,2026-05-25
fae30c2f1199efb9f4bec32eea141f30,,0,9,0,0,0,Brady Basso,2026-05-25
49464105bdb11ec73b1863675e510df7,,0,7,0,0,0,Travis Adams,2026-05-25
eab4ec819171bd64c897d3613780010b,,0,9,0,0,0,Josh Simpson,2026-05-25
6795ed191a0f75361fd4ccf6f4fd5948,,0,30,0,0,0,Zak Kent,2026-05-25
49beb4d20e2a1e5bddd5e259a5ceb00f,,0,15,0,0,0,Ryan Watson,2026-05-25
b1ee96c51f40390e5dd85afd6f1648e5,,0,27,0,0,0,Colin Selby,2026-05-25
aec1d886bcc1774c890e53b502c111e3,,0,30,0,0,0,Brent Headrick,2026-05-25
ef9d289e44d42596ed4359c14332873b,,0,3346,0,0,0,Yoshinobu Yamamoto,2026-05-25
1670174340eec5cbed8a315f89548ead,,0,13,0,0,0,Alan Roden,2026-05-25
42268ca1d47c4888aab6e3839e8a914f,,0,32,0,0,0,Graham Pauley,2026-05-25
5b8e7a87b996d88e6b1fa04b0c0e2e3f,,0,24,0,0,0,Alejandro Osuna,2026-05-25
bc83167ca377a424bf92f6af0e625e67,,0,30,0,0,0,PJ Poulin,2026-05-25
2095e796ebf6a8ac07adc1e26429b404,,0,32,0,0,0,Chase Lee,2026-05-25
e7d48800b55115a2670698814f9c995d,,0,30,0,0,0,Stephen Kolek,2026-05-25
d87e341d0d57c097baac80daca17d170,,0,16,0,0,0,Tyler Samaniego,2026-05-25
beca7d711c5ccfbd157d61774c3f6295,,0,12,0,0,0,Cody Laweryson,2026-05-25
0374de48ccfa4182bee25fe74ab8ca24,,0,34,0,0,0,Steven Cruz,2026-05-25
0c4573e383472557a035438a94980823,,0,6,0,0,0,Patrick Monteverde,2026-05-25
7711d7e22df7194ac8ead8000b95e55c,,0,27,0,0,0,Alex Freeland,2026-05-25
3a5aa16dcb3fc33f43c5fefc75943887,,0,7,0,0,0,Tucker Flint,2026-05-25
230321483a4ea4059c9465d80c0347fc,,0,10,0,0,0,Jadher Areinamo,2026-05-25
cce7f88b51d0109dedd81a1e25536221,,0,25,0,0,0,Héctor Rodríguez,2026-05-25
6feae7fd3c7b9e20d03f62a41f766f37,,0,35,0,0,0,Mason Montgomery,2026-05-25
c3cf2bcf347e38224b126773bdcd76f0,,0,36,0,0,0,Joey Loperfido,2026-05-25
607946c612a10618398b51c38e20768d,,0,7,0,0,0,Jacob Hurtubise,2026-05-25
41a67e8260202b93e89993b7516783ed,,0,29,0,0,0,Elvis Alvarado,2026-05-25
81fe6a2e78782d1ef5a8aedae171b0d3,,0,18,0,0,0,Tim Tawa,2026-05-25
3eac79a2b84b4245599b77283fec3051,,0,30,0,0,0,Will Warren,2026-05-25
f36de8c9712b6b5443d36a4f01dd98f2,,0,7,0,0,0,Miguel Ullola,2026-05-25
3db7d98931e09fa6674c7a5f17dec1da,,0,27,0,0,0,Drew Thorpe,2026-05-25
e8220346196688967a4c69f1fd1df002,,0,28,0,0,0,Gavin Stone,2026-05-25
8ac5f6669ecce787ba5d2d4032e0297d,,0,25,0,0,0,Thomas Saggese,2026-05-25
65d42f5f8443db03875f4ef66533deff,,0,31,0,0,0,Tristan Peters,2026-05-25
e2e32696891071301260b53560570a6b,,0,11,0,0,0,Peyton Pallette,2026-05-25
4c396796332a6ec3f5de91279a1ddcd5,,0,13,0,0,0,Nick Morabito,2026-05-25
deab5caf2dc94776c992f7fec5e2fe62,,0,21,0,0,0,Christian Encarnacion,2026-05-25
6d1a6221e68e981843184cdfbb38e273,,0,11,0,0,0,Hendry Mendez,2026-05-25
bc3deec957dd8a0918b92d90eaf40aa6,,0,28,0,0,0,Troy Melton,2026-05-25
0fa8e0a0a3ff1d41f7c22c6d5fb0240c,,0,30,0,0,0,Jacob Melton,2026-05-25
bbe17bb3db987bca75f1952f068653a4,,0,27,0,0,0,Ben Joyce,2026-05-25
0cde4987a09acb6eec069ea99418171b,,0,6,0,0,0,Jairo Iriarte,2026-05-25
df2c41705682e958f08da6c58fd65df9,,0,12,0,0,0,Andrew Hoffmann,2026-05-25
221d68ddd1722726c63a8e7f040eda48,,0,16,0,0,0,Garrett Hawkins,2026-05-25
5ca61cd63415b8ffb112d452064d2e7a,,0,22,0,0,0,Denzer Guzman,2026-05-25
c021af9c499dad0dc415e521410185cd,,0,11,0,0,0,Gabriel Gonzalez,2026-05-25
eae0768bc1199a76806cf85d929363a4,,0,28,0,0,0,David Festa,2026-05-25
0f73298320adf23b9cc80d9431cc6fa8,,0,8,0,0,0,Yanquiel Fernández,2026-05-25
639bf1132a9cbef56d9687b8eb5544c6,,0,1234,0,0,0,Emmet Sheehan,2026-05-25
6d95915c884ae9d06961bf81c3774760,,0,22,0,0,0,Caden Dana,2026-05-25
e1f019125927e75cb2ffb426e60060a4,,0,8,0,0,0,Mitch Bratt,2026-05-25
09ef533131382d9c4fa3f07998ef08c8,,0,14,0,0,0,Mason Black,2026-05-25
083d1bd017d6eaa07dcc6ce89a892477,,0,17,0,0,0,Leonardo Bernal,2026-05-25
c90eab17348a516b7bba00d03a959a84,,0,33,0,0,0,Ryan Bergert,2026-05-25
f62c0ba429e34f3b156bb37107ff2a22,,0,37,0,0,0,Moisés Ballesteros,2026-05-25
d5e92289fb4f31bbf0279f21ec4d437b,,0,1357,0,0,0,Drake Baldwin,2026-05-25
939f484d3c71346786b59e65aaccbe31,,0,30,0,0,0,Spencer Arrighetti,2026-05-25
d7f5f7095c9774ce7955dbe0e8078b1e,,0,1335,0,0,0,Bryan Woo,2026-05-25
fd37c1a28f86a489f484f462c1802719,,0,11,0,0,0,Will Wagner,2026-05-25
0476bd4c7c056073b433fec11471179e,,0,28,0,0,0,Mike Vasil,2026-05-25
dc6942c1e6afd62b1923af72b334f562,,0,56,0,0,0,Bryce Teodosio,2026-05-25
689ba1fdf5c5c993e083fdbbe152a65b,,0,34,0,0,0,Bryan King,2026-05-25
3fae0faf4303386356c5bebeaa38a519,,0,9,0,0,0,César Prieto,2026-05-25
ce6c8eef5f8a39c6ac1cd87ba2b6927d,,0,33,0,0,0,Chad Patrick,2026-05-25
48c1109cc29c069c0be81c67f265853a,,0,8,0,0,0,Tanner Murray,2026-05-25
0068c7303d3b559990322eb1be327110,,0,7,0,0,0,Ryan Loutos,2026-05-25
d2d9bfb8be7b38e42e29376a5ddb98cf,,0,9,0,0,0,Alek Jacob,2026-05-25
b8b2882cad8a428fe8d93c0d7bdf0997,,0,25,0,0,0,Colton Gordon,2026-05-25
4b2b6be38633cc402e32d2770fd06f5c,,0,16,0,0,0,Kyle Backhus,2026-05-25
21033e4e0ad9b641788e81df5c5b09d7,,0,42,0,0,0,Masataka Yoshida,2026-05-25
2bc12b607804ad3c3fcfa2287c1586f4,,0,18,0,0,0,Gabriel Rincones Jr.,2026-05-25
92e1f9ca43f3dc93d12b18469b7e257a,,0,6,0,0,0,Griff McGarry,2026-05-25
fe022ac0f9b0d0686dc1b6709fef9d27,,0,28,0,0,0,Hao-Yu Lee,2026-05-25
106d4af935ccb0bdf8ec39b348bc771f,,0,35,0,0,0,Dalton Rushing,2026-05-25
cc6316675b5f0891316b85b77a2bb148,,0,7,0,0,0,Oscar Colás,2026-05-25
a46f6901eb0b224e62eb1fb554526756,,0,30,0,0,0,Grant Wolfram,2026-05-25
ad053d76a7c3de7c7909834fdf77ad5c,,0,17,0,0,0,Alex McFarlane,2026-05-25
c4b799967f65fb30743dd6d942e2d06b,,0,17,0,0,0,Riley Martin,2026-05-25
875f1f1ab41943e80c5b482b8bc72dbf,,0,8,0,0,0,Justyn-Henry Malloy,2026-05-25
2437605138c6f4c59d1e5f5dafe8245a,,0,6,0,0,0,Ronan Kopp,2026-05-25
95f03b504cf59f74ed8fb04dfc89bc88,,0,9,0,0,0,Braxton Fulford,2026-05-25
69d8b4bab8af0a1f3294885c9d587fa8,,0,37,0,0,0,Kodai Senga,2026-05-25
14c3bd4333cf9682f049a445986ecfc9,,0,38,0,0,0,Roki Sasaki,2026-05-25
04cf9933429f499172d66681e456cf15,,0,11,0,0,0,Easton McGee,2026-05-25
35cde0ef9eae79809c1c1f30b1861888,,0,29,0,0,0,Cole Young,2026-05-25
9afd5a2440bbb23b7e61d8aa684e90ad,,0,25,0,0,0,Blade Tidwell,2026-05-25
2f1c2e2dcf02e5232672345352551c01,,0,32,0,0,0,Chase DeLauter,2026-05-25
1712b5e8e69c89ad7affb0c2bff3448b,,0,42,0,0,0,Kumar Rocker,2026-05-25
923335b3a1dfad391b80204a298542f1,,0,30,0,0,0,Connor Prielipp,2026-05-25
5451cf8b33e3895bc038ac427478d907,,0,452,0,0,0,Zach Neto,2026-05-25
18aca6bc2811b6ef10e4becae83dff0c,,0,7,0,0,0,Adam Mazur,2026-05-25
74bb7c05b8dc37d29a422fabf52a2a5c,,0,24,0,0,0,Brycen Mautz,2026-05-25
31efb6f8788844c7041c6210e56724cb,,0,8,0,0,0,Tyler Locklear,2026-05-25
99a1ee5bb568f574ff5183c81be3944e,,0,32,0,0,0,Brooks Lee,2026-05-25
14d8c15123978842b072130bfe1bd78f,,0,9,0,0,0,Jace Jung,2026-05-25
651fed5977ca5add1433545fabaff6d9,,0,29,0,0,0,Spencer Jones,2026-05-25
63eb03aa6eb04a47299ba64a704e2767,,0,67,0,0,0,Jackson Holliday,2026-05-25
ddd046febe60a1db41df76b3618fff8c,,0,14,0,0,0,Thomas Harrington,2026-05-25
372ba0c33285026f34510e77410b2a4a,,0,25,0,0,0,Brett Wisely,2026-05-25
ac451b50cf7a92f62e551c348b7f3d17,,0,17,0,0,0,Jake Bennett,2026-05-25
3e9fa7ec4b48c474cf2debd969f5808b,,0,56,0,0,0,Dylan Beavers,2026-05-25
a8d35af26ce4abd76121839fca330c4b,,0,16,0,0,0,Hunter Barco,2026-05-25
a7c4234089e59fbac41ddabdb9a4e020,,0,7,0,0,0,J.P. France,2026-05-25
60a8242e22d5cebc183642498cbcc7f7,,0,27,0,0,0,Andrew Saalfrank,2026-05-25
57071ca44f8b54ea8b825076cb5a68f1,,0,31,0,0,0,Huascar Brazobán,2026-05-25
7960e1bd572f75a0eb7c8d98e132e171,,0,31,0,0,0,Justin Slaten,2026-05-25
c55ee23d915bc2500057dcb3952ec285,,0,32,0,0,0,Tim Herrin,2026-05-25
c70421a731f543c08333866392373a1b,,0,7,0,0,0,Marc Church,2026-05-25
3411c13cbf607bee956a43563c8ae3bf,,0,448,0,0,0,Wilyer Abreu,2026-05-25
4444321b0f9cbbfd488f835bf1d74752,,0,8,0,0,0,Yosver Zulueta,2026-05-25
76ef7e9d2fac836db23a76579f733024,,0,1353,0,0,0,Jackson Chourio,2026-05-25
607de3c2ebca43fdebefd7c8c8fcb0fb,,0,38,0,0,0,Dane Myers,2026-05-25
ad5f38e76ff1e4db0e2daaf008820919,,0,33,0,0,0,Jared Triolo,2026-05-25
299ba132957a617984b3d0541a7688e2,,0,14,0,0,0,Cody Freeman,2026-05-25
89bc7d3e9d62f0d8a4d4a45759b645ea,,0,30,0,0,0,Brandon Eisert,2026-05-25
c785b1fff841c0b82dd5d8a01d86ef53,,0,18,0,0,0,Ty Adcock,2026-05-25
1427faa8962d56754e8367670d548075,,0,9,0,0,0,Tyler Tolbert,2026-05-25
649a3832d5d20dffdbd92841656dc6f1,,0,13,0,0,0,Mitch Spence,2026-05-25
870791f1cdfa4f05c97121862c38bb2f,,0,27,0,0,0,Bryan Hoeing,2026-05-25
f1a469b9b59a8bc310a96b6f64482798,,0,41,0,0,0,Michael Helman,2026-05-25
1b5ef31143f2b9d36a931cd27c9b64e5,,0,39,0,0,0,Nate Eaton,2026-05-25
ab4a7d2aaf6f584c61abdd8c76a23b14,,0,7,0,0,0,Jhony Brito,2026-05-25
363f35d57e1ab1ca9b66f3f264f067c3,,0,33,0,0,0,Daniel Schneemann,2026-05-25
b8051f4ff1c86cd87f00bbb3249af2aa,,0,11,0,0,0,Hunter Feduccia,2026-05-25
8d712a98de3e239901d6ea24ec2cbfb9,,0,22,0,0,0,Brandon Young,2026-05-25
42e021ddd6cb6a1d050860bf2d3b4588,,0,12,0,0,0,Nick Sogard,2026-05-25
751ce64bb946fef40f372be34f08861b,,0,14,0,0,0,Cam Sanders,2026-05-25
fc05052e5cb8669dd92a72b1a36dc281,,0,46,0,0,0,Christian Koss,2026-05-25
907e5d6d56553551250f3ce7c812c6bb,,0,15,0,0,0,José Fermín,2026-05-25
7832bc795e385fd0641590b81d315a7f,,0,12,0,0,0,Jorge Barrosa,2026-05-25
22a9ed18cce02011142a5a09b659e651,,0,35,0,0,0,Hunter Stratton,2026-05-25
6c2275f3097d9b761a31dbb0af2137aa,,0,13,0,0,0,Evan Sisk,2026-05-25
a8459ba0e13d6ea572faf37eb96adc82,,0,36,0,0,0,Kevin Kelly,2026-05-25
a47506b07b815af5640742c3a43b6adc,,0,29,0,0,0,Tyler Fitzgerald,2026-05-25
c20c5701e0388c288a9bb5a17d3908d5,,0,8,0,0,0,David Villar,2026-05-25
84ebe29d8c07eb6aa1e161f056cc3fdd,,0,28,0,0,0,Ryan Ward,2026-05-25
e49f60d43d8112a9abd73ad2b4ab9218,,0,34,0,0,0,Spencer Horwitz,2026-05-25
58e8e9e032bde3098c75e39b06941c5b,,0,39,0,0,0,Jonny DeLuca,2026-05-25
aa079cb1dba35505f8b2adb11ead62b7,,0,8,0,0,0,Darren Baker,2026-05-25
614446492e3e0ed8ebf70cb835640c75,,0,8,0,0,0,Enmanuel Valdez,2026-05-25
a44d75aa42193b2a168fd085aadc1e97,,0,11,0,0,0,César Salazar,2026-05-25
2767a026c7b91903c4165ec2f37b5db8,,0,7,0,0,0,Daniel Robert,2026-05-25
f071f6417c6efb5b10058ea857efbfaf,,0,8,0,0,0,Blaine Crim,2026-05-25
84f4eee1e4f6fdaf3d1582457f3a3cc1,,0,8,0,0,0,Max Schuemann,2026-05-25
c7ec0ca2dc5fa750175901c0c68e7afa,,0,12,0,0,0,Brett Harris,2026-05-25
fce95c28b1f1d3317847e9631bce9e59,,0,7,0,0,0,Garrett Acton,2026-05-25
68cf5282de296ffb203512d778f28cb6,,0,11,0,0,0,Johnathan Rodríguez,2026-05-25
c72cee6c4a564c6545248179d6150112,,0,35,0,0,0,Davis Schneider,2026-05-25
d9dbc0879b8e15fcd4e79fc13a3cb426,,0,27,0,0,0,Cody Bradford,2026-05-25
1e59c56355016dfc80413d403a9a57a9,,0,17,0,0,0,Steward Berroa,2026-05-25
2e39bb272f24994300e7982c8764ea94,,0,36,0,0,0,Justin Sterner,2026-05-25
be2c9eebab5b41fa08c9e118d25b7e4e,,0,12,0,0,0,Jayden Murray,2026-05-25
f7d4bedb83145ff385c3d84ec858a8af,,0,34,0,0,0,Ron Marinaccio,2026-05-25
7b9ddc4e5f5cfe04d8121239feb81ed8,,0,445,0,0,0,Steven Kwan,2026-05-25
cbe3a303e631066b82d52b29b20eb0a2,,0,664,0,0,0,Maikel Garcia,2026-05-25
c0292ef4fe9bd33c83c0aa338ce5d841,,0,10,0,0,0,John Rave,2026-05-25
984320657f4c02079e592d25f9e56ccb,,0,7,0,0,0,Justin Hagenman,2026-05-25
11a00f54bb0ade50d48b0b745cfe5202,,0,32,0,0,0,Kody Funderburk,2026-05-25
03076d23b60c348873072ce3e3106499,,0,7,0,0,0,Clay Dungan,2026-05-25
f4d709e89042d12b94be4aa76ee67ec9,,0,15,0,0,0,Ricky Tiedemann,2026-05-25
77da79ea01954f66ae727f49f59d6325,,0,34,0,0,0,Tekoah Roby,2026-05-25
2673d2c7614f8e731ad4d251e9003326,,0,33,0,0,0,Bubba Chandler,2026-05-25
fc14867ab47d215792c6d61b3e149639,,0,35,0,0,0,Tobias Myers,2026-05-25
90d3f4d242011704bba15e801d31b990,,0,73,0,0,0,Curtis Mead,2026-05-25
9d15e7dd4a083668adf7a0fcd8cd265b,,0,35,0,0,0,Kyle Manzardo,2026-05-25
dd8425be400ba1e377f2fb1337e7fbda,,0,39,0,0,0,Jacob Lopez,2026-05-25
1103a5d1c8d8748cc118631619997197,,0,6,0,0,0,Prelander Berroa,2026-05-25
7c605df76fed0156c2db3d07a131ba8c,,0,20,0,0,0,Matt Waldron,2026-05-25
4cd2f73969c465260f658bbbefc6c6fa,,0,34,0,0,0,Brandon Valenzuela,2026-05-25
89a89c6e7d1f895d4491b2dde442f373,,0,7,0,0,0,Jack Suwinski,2026-05-25
b556396a482d59ce450c4210fde88a28,,0,34,0,0,0,Bryce Miller,2026-05-25
c1285bd75263dc82c25d0387b662720d,,0,7,0,0,0,Victor Lizarraga,2026-05-25
8f3a6bbd35150cc463e05a1bcb59d4ea,,0,11,0,0,0,Robert Gasser,2026-05-25
c00ee324eb592491104add2a49780ca1,,0,7,0,0,0,Dom Hamel,2026-05-25
2c25d3b616fd5daaa0d7b5bb861212d3,,0,13,0,0,0,Edwin Arroyo,2026-05-25
1fbdae0323316028779ea7776d96706a,,0,28,0,0,0,Hayden Wesneski,2026-05-25
b9def6177f531749e3eb494a2f9c802f,,0,7,0,0,0,Ken Waldichuk,2026-05-25
d895c50079453b59f10916211b1c5ec7,,0,34,0,0,0,Randy Vásquez,2026-05-25
1a789143b82d9f2aab626500bbddf373,,0,16,0,0,0,Grant Holman,2026-05-25
674b483bbf57d028696e44932defd442,,0,29,0,0,0,Oswaldo Cabrera,2026-05-25
25b99b46528a3d3ba6e526011b57449d,,0,43,0,0,0,Lawrence Butler,2026-05-25
20dab4ff4e0ff7e4b65fc0a84b3c38d0,,0,10,0,0,0,Brendan Beck,2026-05-25
bff88649b2997d27e12a287bf3352ebf,,0,14,0,0,0,Hayden Senger,2026-05-25
8584ea9217e7b42647242bada244c29e,,0,40,0,0,0,Christian Scott,2026-05-25
f8d2a3bef3a337bd7e373dda14d97d64,,0,13,0,0,0,Eric Orze,2026-05-25
4cdf02f3254c6c24b336d113ea3785e1,,0,32,0,0,0,Logan Henderson,2026-05-25
8ff8c77b8e45721afcaaa4460dcf4260,,0,449,0,0,0,Yainer Diaz,2026-05-25
a48d1f88c8987e5df2c5919f3aace0aa,,0,3349,0,0,0,Seiya Suzuki,2026-05-25
374338dcb2cca0347610a1fe48f699f8,,0,21,0,0,0,Jorbit Vivas,2026-05-25
0b272453958f1be8fe941bc7b7ce4d70,,0,13,0,0,0,James Outman,2026-05-25
9fc099733f8ae98f8a03c82903b10bcf,,0,7,0,0,0,Davis Daniel,2026-05-25
e60ff0a44ffe74217a9bf493aa9c0125,,0,7,0,0,0,Ky Bush,2026-05-25
d34bce32ebc0f52ccfad0e5e8d18f9f2,,0,17,0,0,0,Dylan Smith,2026-05-25
5d43364ed3cb0488d3ed5828257433bf,,0,17,0,0,0,Chayce McDermott,2026-05-25
c212056a482709db670ad54f1bf20b1b,,0,12,0,0,0,Ben Kudrna,2026-05-25
bff1a6dff8dc5827ed3ad474d7c66d30,,0,11,0,0,0,Ryan Kreidler,2026-05-25
e32ba364f167eb5dd4e5ae50922bd388,,0,30,0,0,0,Will Klein,2026-05-25
a8a39756c9bc6b1400602c12f0f7f0ec,,0,38,0,0,0,Carter Jensen,2026-05-25
9d87937dc7dfe3118381eea3227cca03,,0,8,0,0,0,Reed Trimble,2026-05-25
023e4ec2879390d3f7c3f3ba84182409,,0,7,0,0,0,Beau Brieske,2026-05-25
ba9ce89929e301d1a9d8f901f915012f,,0,37,0,0,0,Joe Rock,2026-05-25
a6a73b41a9a2f24de277e1647cc5f31b,,0,34,0,0,0,Richie Palacios,2026-05-25
8d43736e059f135ffec7a8896370acb4,,0,1331,0,0,0,Elly De La Cruz,2026-05-25
dcaa58e28439af6afab161bc0afaf864,,0,6,0,0,0,Xzavion Curry,2026-05-25
af1302eaf8b9a5390949dbe5856d9d92,,0,7,0,0,0,McCade Brown,2026-05-25
09e6eea997cfe8bfff037869bc4759dd,,0,33,0,0,0,Will Brennan,2026-05-25
3c91dc11177a8027942be54920be1e1c,,0,28,0,0,0,Brandon Walter,2026-05-25
e7edff35a8aefee34480edabea5672ff,,0,16,0,0,0,James Triantos,2026-05-25
02ac74caf818af0f27587dbde29edfe2,,0,7,0,0,0,Cristian Mena,2026-05-25
fa4aba74dc65546f886a53c2849a8a61,,0,27,0,0,0,Tanner McDougal,2026-05-25
117539e22a1a0d4b4e51661789ab4556,,0,33,0,0,0,Christian Franklin,2026-05-25
5a3ad543fdc8a7b69d992c83f84b7108,,0,7,0,0,0,Trey Sweeney,2026-05-25
a431f04c5707596762722642abd4693e,,0,28,0,0,0,AJ Smith-Shawver,2026-05-25
734e2e393152af7120bdf75d62083343,,0,668,0,0,0,Spencer Schwellenbach,2026-05-25
2d8c3187c587b2e73867107bc3dab745,,0,18,0,0,0,Brandon Pfaadt,2026-05-25
1c399b3dcda144948b5307e161c87131,,0,33,0,0,0,Joey Ortiz,2026-05-25
fcea3083e99881f9e5b77093ba48ba88,,0,41,0,0,0,Darell Hernaiz,2026-05-25
1ab2ba81a65d0f0897d3689b1de3192c,,0,11,0,0,0,Joey Estes,2026-05-25
676504cfbd998de61b0a986ecc8f3d70,,0,35,0,0,0,Dylan Dodd,2026-05-25
a266cd8ba44c35c6041e83e443d2a711,,0,31,0,0,0,Adrian Del Castillo,2026-05-25
cc801f27cf8d447fe11a75b6661882ff,,0,9,0,0,0,Ryan Bliss,2026-05-25
dbaf52c4e1ed94d6c768d532e6444b6f,,0,455,0,0,0,James Wood,2026-05-25
74920364aff89ae6f87b390ce6ed59f1,,0,9,0,0,0,Kahlil Watson,2026-05-25
377672ee44f136f4ecca8f9d81363251,,0,9,0,0,0,Tyler Black,2026-05-25
ee26d552fc6fc74f8de4a996fc29826c,,0,42,0,0,0,Chase Petty,2026-05-25
31597159e4418a3956b4e7436b81325f,,0,38,0,0,0,Andrew Painter,2026-05-25
5a2a94c2e12972c2cbe3c904b08ee35c,,0,15,0,0,0,Max Muncy,2026-05-25
c947f75a502b342295c8fcf68d5b9590,,0,1003,0,0,0,Jackson Merrill,2026-05-25
de5537dc97c09ffe9b76d0625df40106,,0,39,0,0,0,Marcelo Mayer,2026-05-25
fabf0d56bb262d0e7c0a5c908c083b7f,,0,9,0,0,0,Ty Madden,2026-05-25
971d40df8894ce96de16d28f5216e82d,,0,31,0,0,0,Joe Mack,2026-05-25
4814e561008b473b5f741858d2ca553c,,0,8,0,0,0,Jordan Lawlar,2026-05-25
12206f5d3710138c73f197c685993eca,,0,28,0,0,0,Jackson Jobe,2026-05-25
0449bf71f3d5df8a96d20b5378fb7c05,,0,28,0,0,0,Gunnar Hoglund,2026-05-25
de598d14089193f7b7fa3ee45e653df6,,0,12,0,0,0,Henry Davis,2026-05-25
e383021e40cd708989e857c61e7e74f0,,0,32,0,0,0,Colton Cowser,2026-05-25
ad75b4f78c334f66d1056fcbf66ebf9f,,0,14,0,0,0,Willie MacIver,2026-05-25
e2ee56ed7c684759140cd9671cf3e734,,0,20,0,0,0,Joshua Báez,2026-05-25
f720062320f5ac165efb4700cbcbcf81,,0,35,0,0,0,Sam Bachman,2026-05-25
0d5cf03b2f300a69d9463e756f24c7b3,,0,11,0,0,0,Ryan Weiss,2026-05-25
b2e6a3fd82f48fd558f9a1304ae1f5f9,,0,32,0,0,0,Tyler Holton,2026-05-25
5c05993c5a039551fda8744b189c30fc,,0,51,0,0,0,Matt Gage,2026-05-25
1ac8dede3aeaa0d16ee905eab428bbd5,,0,30,0,0,0,Dominic Canzone,2026-05-25
01257af91c962e2697d9701a05d0afdd,,0,46,0,0,0,Nick Fortes,2026-05-25
a84c1a0514c22715cc968739482ce189,,0,7,0,0,0,Jhonathan Díaz,2026-05-25
8e6150fc3088a10351d7db63d3a115df,,0,32,0,0,0,Cooper Criswell,2026-05-25
1ca7ebb4a7cc9af2e539ced15811c7fb,,0,33,0,0,0,Jacob Latz,2026-05-25
7b4984e73c824a590e6550f2d40338cd,,0,45,0,0,0,Yohel Pozo,2026-05-25
3b9720d50dcc1dcdb12ae9e6f44679f2,,0,35,0,0,0,Ryan Zeferjahn,2026-05-25
ad75b4f78c334f66d1056fcbf66ebf9f,,0,14,0,0,0,Willie MacIver,2026-05-25
e195483388f5773ad8548fc6576c4901,,0,17,0,0,0,Shay Whitcomb,2026-05-25
e61607b7ad4d4231ae9e25f8aa1b691e,,0,8,0,0,0,Matt Sauer,2026-05-25
7148a50d743cd5c078809cd225ec0060,,0,32,0,0,0,Marco Raya,2026-05-25
dad1a4f226c1ad8c6ea3b0a321985456,,0,670,0,0,0,Ceddanne Rafaela,2026-05-25
700b336e620fbe4ef0c48546340c4853,,0,20,0,0,0,Luis Mey,2026-05-25
3bf8618ea17cb3c30d3b241ea56f0abf,,0,14,0,0,0,Adam Macko,2026-05-25
b9fa85dba99be02e1b6cc3a406c976d8,,0,7,0,0,0,Pedro León,2026-05-25
c3f5f8749d5cd9dc39ff66d01471050a,,0,6,0,0,0,Bailey Horn,2026-05-25
187c2c2ea59f52acfc7d8c42beba8987,,0,55,0,0,0,David Hamilton,2026-05-25
2263797a0db5455b5f7a425d3b81e4ae,,0,19,0,0,0,Jonatan Clase,2026-05-25
0d6217efe030640e846a96e5648b8062,,0,39,0,0,0,Graham Ashcraft,2026-05-25
530d552605f53d2f2e9d3f04d271e5dd,,0,32,0,0,0,Esteury Ruiz,2026-05-25
37ab405d10f55709c4d6fd732fb7baf0,,0,25,0,0,0,Freddy Zamora,2026-05-25
2df1571049936ad74ba8d7b731ddc644,,0,30,0,0,0,Nick Yorke,2026-05-25
4c7d3491007c463551d2196ca8f4d782,,0,8,0,0,0,Cole Wilcox,2026-05-25
b3f2b18d0f9bd13460d354b97a4b7ba5,,0,455,0,0,0,Jordan Westburg,2026-05-25
ddcefc43e36ebe4a1bd352c69c4569f4,,0,30,0,0,0,Austin Wells,2026-05-25
1178a77abce72382f33e39d67ba304db,,0,32,0,0,0,George Valera,2026-05-25
d22deb4bb47c333376a17250e25a3f72,,0,7,0,0,0,Mason Thompson,2026-05-25
9f16d139f17a23815f69608f4daa7734,,0,32,0,0,0,Kai-Wei Teng,2026-05-25
469e9edf1a34ee059a2af4f414049770,,0,47,0,0,0,José Tena,2026-05-25
706f65d0362648177d6a242a655d4ad5,,0,39,0,0,0,Lenyn Sosa,2026-05-25
62ae1f1510d2b6a3e7c2cb32db4fa267,,0,34,0,0,0,Josh Smith,2026-05-25
6c7e77aa34dbc2615f785b3c30f57eb1,,0,27,0,0,0,Dedniel Núñez,2026-05-25
d4c57bcb361ac34bea6f696cc470f672,,0,25,0,0,0,Eguy Rosario,2026-05-25
41fec54e1b6f72dc5b4104cbce80b848,,0,45,0,0,0,Drew Romo,2026-05-25
c8b57784dafe7c0c3ac3af7f6d77da4a,,0,17,0,0,0,Endy Rodríguez,2026-05-25
3d92eec9733c0d5c042d66aa05f94baf,,0,36,0,0,0,Emmanuel Rodriguez,2026-05-25
7c869d6b42d510254910688e8bce54df,,0,7,0,0,0,Bryan Ramos,2026-05-25
34eb027174639f3ab7c98f8160746fe3,,0,35,0,0,0,Connor Phillips,2026-05-25
1ad4300e5a6788b9f2f0b7016f1f9bdf,,0,34,0,0,0,Wenceel Pérez,2026-05-25
9cd833ad369c48babbf09f3cf64d45df,,0,39,0,0,0,Junior Perez,2026-05-25
fb9c1202cb2baf7b6d5c4fc611a633b6,,0,55,0,0,0,Oswald Peraza,2026-05-25
28f604e21ac1964af3f09ed7ce811a6c,,0,3314,0,0,0,Andy Pages,2026-05-25
42b15f103a468e025392940424ccc95c,,0,13,0,0,0,Michel Otañez,2026-05-25
7b89600ad222e7facbbd4d6020ca3dfc,,0,8,0,0,0,Robinson Ortiz,2026-05-25
ce9545821f2a79785b87309e196b9884,,0,28,0,0,0,Justin Martinez,2026-05-25
9620ceac92f61f6b8b329fce3e5b7695,,0,45,0,0,0,Kyle Nicolas,2026-05-25
aa132b7258a5df8ec89267ab25bd63e9,,0,29,0,0,0,Ryne Nelson,2026-05-25
739f1b59bdf187170adc22311ec034e6,,0,8,0,0,0,Chris Murphy,2026-05-25
cc397b51e321c5397844de90027c7f2f,,0,28,0,0,0,Bobby Miller,2026-05-25
753c2d001612be89b29ba7cdaa02cad4,,0,8,0,0,0,Victor Mesa Jr.,2026-05-25
149dd5b8c6b46a541b030574578dba28,,0,25,0,0,0,Parker Meadows,2026-05-25
3244f487ccd1a3c9cac1cba5055c3f1b,,0,21,0,0,0,Grant McCray,2026-05-25
ef3dbd06cf8c4578bf379f6c587c6cff,,0,7,0,0,0,Zach McCambley,2026-05-25
2a6fe9f0ee337416ad86cc778ac02932,,0,7,0,0,0,James McArthur,2026-05-25
692e8e08c5d5ff670931f521c75e4e12,,0,17,0,0,0,Coby Mayo,2026-05-25
008fc5bfc976c3175d375559960d5719,,0,25,0,0,0,Luis Matos,2026-05-25
214e0eceb41a182442795cbbf29b2315,,0,14,0,0,0,Drey Jameson,2026-05-25
4d8c919eae55df9125b3797ef650690d,,0,42,0,0,0,Angel Martinez,2026-05-25
95b730d6139a4b0c8cb54a292055338e,,0,27,0,0,0,Alec Marsh,2026-05-25
05ec40f33462677d23d5708305071814,,0,11,0,0,0,Matthew Lugo,2026-05-25
8878a5e4496b9a9d1a6488b5387829d1,,0,34,0,0,0,Nick Loftin,2026-05-25
2fd2ebe57fa5ca66160bccb2a5bc2c74,,0,35,0,0,0,Brendon Little,2026-05-25
73704f85e3dd96e8a21fe1bf8f9b9a7f,,0,7,0,0,0,Max Lazar,2026-05-25
4cf00fbb034045a171cc4626f2047968,,0,6,0,0,0,Andry Lara,2026-05-25
c390cf8c7dd7f681ae459b9a3671bc20,,0,39,0,0,0,Jack Kochanowicz,2026-05-25
ca0517f8e5416335d0825597c01651d6,,0,28,0,0,0,Landon Knack,2026-05-25
76c4c700125c732029144b4d9c8bcea1,,0,30,0,0,0,Colt Keith,2026-05-25
e9dd51940652109a1ffc2c8322b4bc94,,0,14,0,0,0,Seth Johnson,2026-05-25
1d7b425cd21a7a01f4bbdcc0b849ff25,,0,11,0,0,0,Leo Jiménez,2026-05-25
e66f8da19c68495961de15a2d82dda89,,0,30,0,0,0,Bryce Elder,2026-05-25
950cd2bcb5667473dc19571609980b6a,,0,35,0,0,0,Gavin Hollowell,2026-05-25
ad3e1e321e0b57e856aecb0c9f1a8e2c,,0,28,0,0,0,DJ Herz,2026-05-25
47af444f0b13fa599a1e5a2c3ad1eb67,,0,35,0,0,0,Cole Henry,2026-05-25
8563a920b3c21900ccba89902e9ea028,,0,20,0,0,0,Tink Hence,2026-05-25
5501ab052ebd5722b470fa682618d59d,,0,6,0,0,0,Jagger Haynes,2026-05-25
7199bb758b257d1e7159ad66cecbbe4f,,0,31,0,0,0,Brenan Hanifee,2026-05-25
6a7865ac19f277ca5b90cbf82a6f045a,,0,8,0,0,0,Petey Halpin,2026-05-25
a8e83bde57e640c88ec9a5a9d006d680,,0,9,0,0,0,Vaughn Grissom,2026-05-25
7c1be1c133b6e3d1647470fde338aeb9,,0,39,0,0,0,J.T. Ginn,2026-05-25
a4724f56c0020fcf4f05c174856dbbff,,0,6,0,0,0,Lucas Gilbreath,2026-05-25
a8e48d32d24c1e71e95325358e160a1d,,0,22,0,0,0,Justin Foscue,2026-05-25
e424425ddd79b70dbfa2e4f0c4b04824,,0,27,0,0,0,José Buttó,2026-05-25
e66f8da19c68495961de15a2d82dda89,,0,30,0,0,0,Bryce Elder,2026-05-25
c22ab34e261661c6d90e031f26f399b2,,0,12,0,0,0,Jake Eder,2026-05-25
c5ebb65176f62585826f5cf08cfb8fa0,,0,33,0,0,0,Ezequiel Duran,2026-05-25
180698e05bf81aa326d6a8e6047533c8,,0,619,0,0,0,Dillon Dingler,2026-05-25
4f9b08e25864ee526c4bb188bd0dafcd,,0,8,0,0,0,Zach DeLoach,2026-05-25
2b07c5bf9a079e04162666f4426aebd0,,0,8,0,0,0,Trei Cruz,2026-05-25
7b56ce7c39ffbcfbe93897adc42bd130,,0,1355,0,0,0,Pete Crow-Armstrong,2026-05-25
fffd1cc6259d03cff1c7e2cd74d0ca9c,,0,7,0,0,0,Jeff Criswell,2026-05-25
f9528a75898801a9751932cbd77b3b5b,,0,48,0,0,0,Carlos Cortes,2026-05-25
8471e9000c444baf95fbcc8b94f2af23,,0,14,0,0,0,Jose Corniell,2026-05-25
2722143a11698ce6da425789bdc4d840,,0,33,0,0,0,Slade Cecconi,2026-05-25
c3e9f1c2eb00dfe35366fe23ea781961,,0,40,0,0,0,Evan Carter,2026-05-25
02a83b107367aeb3864f5df61204d153,,0,34,0,0,0,Ha-Seong Kim,2026-05-25
33542ccf435f07107fe274a503b8aa53,,0,31,0,0,0,Mike Burrows,2026-05-25
8b84cfc91953858774bea63ec90baa1b,,0,37,0,0,0,Jake Burger,2026-05-25
f82547a84fd9889dfe639979b0d7c183,,0,3385,0,0,0,Hunter Brown,2026-05-25
5c99fc158360474c381435d3559e99b4,,0,31,0,0,0,Joe Boyle,2026-05-25
7f0a416646f3fdc82189675fabdad0eb,,0,28,0,0,0,Jonathan Bowlan,2026-05-25
711618c6f57d660450ea73d7ff98afe3,,0,34,0,0,0,Brayan Bello,2026-05-25
90b24fa20532b191721a9ccdc33e370b,,0,38,0,0,0,Tristan Beck,2026-05-25
671b5e63febfd86c5931ed6513358294,,0,41,0,0,0,Carter Baumler,2026-05-25
2c8cf5b67c5cbbc4fec9a97823fc8604,,0,30,0,0,0,Logan Allen,2026-05-25
0c33c53d42787d16c7b1c23b8a4982ed,,0,7,0,0,0,Daison Acosta,2026-05-25
6939227a409340044feaa12f7361fda2,,0,28,0,0,0,Mick Abel,2026-05-25
3b6a1ac6ec22dbb82a5397813406b1bf,,0,11,0,0,0,Yerry de los Santos,2026-05-25
3936b143c3bb950536495b1d02ff54f9,,0,27,0,0,0,Brandon Williamson,2026-05-25
67ce8ae0439ea8313a8e6dc9eb92f9be,,0,27,0,0,0,Manuel Rodriguez,2026-05-25
494b87d16b3db75c41d03f9a391f09e3,,0,16,0,0,0,Alan Rangel,2026-05-25
a20046f2597a675e4d82b99630f577e0,,0,14,0,0,0,Luis Medina,2026-05-25
f0567479dd83b47a27df4b8bccca0771,,0,7,0,0,0,Kyle McCann,2026-05-25
01d3a492b101d1248e94f1e6849b8fbd,,0,998,0,0,0,Alejandro Kirk,2026-05-25
8343d8cc7bbcff4e9158c4692b4753c9,,0,59,0,0,0,Jake Irvin,2026-05-25
3f9ed2f7d0388f179676275987766052,,0,30,0,0,0,Colin Holderman,2026-05-25
35a1112662be00b6af214400e5d19984,,0,35,0,0,0,Sam Hentges,2026-05-25
8ec1b12a5980c0e89aef71c71f81b72f,,0,27,0,0,0,Luis Garcia,2026-05-25
71a78e496cdafe575b7698cbf5be0be5,,0,28,0,0,0,Jason Foley,2026-05-25
11002dc0b04df9bba4b2f545f8c25f61,,0,27,0,0,0,Alexis Díaz,2026-05-25
c8d5b1c4a371716b7a75398b12ba9d0c,,0,30,0,0,0,Nick Gonzales,2026-05-25
254a702c0063291f2e2be725b5bcf5c3,,0,34,0,0,0,Joey Cantillo,2026-05-25
7ddd3844db128c81ec9aa2980bd7cc63,,0,29,0,0,0,José Caballero,2026-05-25
77a512ce7835e123f20addc3095e481e,,0,53,0,0,0,Javier Assad,2026-05-25
69de97979346a2901242dd5fc897e999,,0,9,0,0,0,Nick Allen,2026-05-25
3fc3480cc7328cc172726e6626935784,,0,7,0,0,0,Jordyn Adams,2026-05-25
a5e6d0b6f3642e670179c6e5d94858a7,,0,37,0,0,0,Zac Veen,2026-05-25
31221ab053458a6dec74dbb6fdcbed0f,,0,42,0,0,0,Garrett Mitchell,2026-05-25
3eb923b4d723538858ac9af9c27f88a9,,0,30,0,0,0,Austin Martin,2026-05-25
dceb42343ba1b297f4818fec4d0c3d24,,0,7,0,0,0,Heston Kjerstad,2026-05-25
c422e8f1094a028fa56b80407babe72a,,0,9,0,0,0,Robert Hassell III,2026-05-25
985c77490334816fcdbf40644dcacde9,,0,34,0,0,0,Emerson Hancock,2026-05-25
59d71a0011e2f064993264b7bad6a83f,,0,666,0,0,0,Brice Turang,2026-05-25
d1da019ae375333d98bbfde271ffa33e,,0,40,0,0,0,Reid Detmers,2026-05-25
6ba8d74d27ef78295442496f2d857f2b,,0,33,0,0,0,Patrick Bailey,2026-05-25
b6745565fb509b7d215b97ad1df66657,,0,23,0,0,0,Simeon WoodsRichardson,2026-05-25
49fa8be3676d678e60243d656d6387ca,,0,8,0,0,0,Will Wilson,2026-05-25
346066d876f80d03c8719e42477bf012,,0,7,0,0,0,Blake Walston,2026-05-25
8516f0a2f962e54c82872b8ca94b252a,,0,34,0,0,0,Matt Wallner,2026-05-25
2cf15359038a158fcc72761140f81809,,0,29,0,0,0,Anthony Volpe,2026-05-25
2fcce6a25bfb444059567861160ba89a,,0,37,0,0,0,Victor Vodnik,2026-05-25
28445c63c20cea8c7b22f439b347495b,,0,29,0,0,0,Ryan Vilade,2026-05-25
f6b47de361f4d47eade52d41029609dd,,0,32,0,0,0,Matt Vierling,2026-05-25
8ec4afa27895d5669c7e4f5bd10c5874,,0,30,0,0,0,Mark Vientos,2026-05-25
4ab9fde93ac1aa78ee82078f6f15d0f0,,0,7,0,0,0,Carlos Vargas,2026-05-25
eab67c8b65650cb3418ac64b14a96d28,,0,30,0,0,0,Kameron Misner,2026-05-25
e85ef8a80ac20d47e517611644f3ef3a,,0,27,0,0,0,Zack Thompson,2026-05-25
3675fe0474e7202d802666cb405a3ffa,,0,11,0,0,0,Anthony Seigler,2026-05-25
8e7f20cf9cd1e3f7f13193889d47b130,,0,11,0,0,0,Jackson Rutledge,2026-05-25
52916fdd3c7442de0f32c5c507e5413d,,0,32,0,0,0,Brayan Rocchio,2026-05-25
4e4f629a7c50b1bebe1d57939f3a1efb,,0,6,0,0,0,Leonardo Rivas,2026-05-25
79c04c5843766022e14e8bfcd400f9a2,,0,28,0,0,0,Konnor Pilkington,2026-05-25
2202836a6595b48e61f9c0f063ec5390,,0,443,0,0,0,Geraldo Perdomo,2026-05-25
f31502fea91eab9d92cb62698d84665d,,0,3382,0,0,0,Jeremy Peña,2026-05-25
00b20e677947c11a527b05d2947f2f81,,0,7,0,0,0,Tirso Ornelas,2026-05-25
132d9571e034f63590f7cd3701697c3b,,0,33,0,0,0,Bo Naylor,2026-05-25
4ebb84b08ba9d2c88bf33e6283cf0ccd,,0,443,0,0,0,Gabriel Moreno,2026-05-25
8aae5e6d0d95ad05335bf6bf10500e04,,0,27,0,0,0,Michael Grove,2026-05-25
4c87222c1071a2bd23de5c185158ece4,,0,33,0,0,0,Erik Miller,2026-05-25
5f3b6256f1782f8c8d58136749299f14,,0,10,0,0,0,MJ Melendez,2026-05-25
8d424bd9a5fcf64fd87961547c3db614,,0,30,0,0,0,Ronny Mauricio,2026-05-25
e19d1ba1c2652764693d88a3ded8c8b2,,0,54,0,0,0,Noelvi Marte,2026-05-25
54fb904a4fb712df218a45f74330d0d9,,0,36,0,0,0,Rafael Marchán,2026-05-25
4c2ee4099f0d5312042b978d435ba791,,0,25,0,0,0,Korey Lee,2026-05-25
0b5abf160b4870d1517be60e7c50a337,,0,600,0,0,0,George Kirby,2026-05-25
ec6e486d71092ee1ca45bace55f64fc3,,0,34,0,0,0,Kyle Isbel,2026-05-25
691fbe776cf5a678138f2580d67273f8,,0,20,0,0,0,Nolan Hoffman,2026-05-25
ed3bc2b2a76e2da823424797785f248b,,0,25,0,0,0,Rece Hinds,2026-05-25
cdeb94ac87b90f07372114b9bb57416a,,0,11,0,0,0,Hogan Harris,2026-05-25
51ca5f93ee5ec700a176952294ce4972,,0,54,0,0,0,DL Hall,2026-05-25
fe599a4cdcec505ebb8a512e963708d7,,0,33,0,0,0,Brett Baty,2026-05-25
dfac371ba3d128f372218dbe91469198,,0,658,0,0,0,Riley Greene,2026-05-25
6173b22eccbf7c6009a76139ead9e62f,,0,33,0,0,0,Yoendrys Gómez,2026-05-25
65181d2521366a0f30b414fda9d34d1e,,0,32,0,0,0,Luis Gil,2026-05-25
089213869f2de198372a5216fe977cb9,,0,9,0,0,0,Daniel Espino,2026-05-25
e01959eff4fe94af5504c62dea029fde,,0,8,0,0,0,Jerar Encarnacion,2026-05-25
df44b17965abf83fbc925cd570dca3e5,,0,36,0,0,0,Jasson Domínguez,2026-05-25
ccc7bb36cd27718e9a830f967b83c4f8,,0,8,0,0,0,Justin Dean,2026-05-25
eb351fe26740c68bb072fc2328afb3de,,0,25,0,0,0,Triston Casas,2026-05-25
f8cebc0a3aac6143bb9e5794e8bf04a7,,0,35,0,0,0,Luis Campusano,2026-05-25
60fca31069a0a8e673e0594e6bfadeb1,,0,10,0,0,0,Tyler Callihan,2026-05-25
a8f1a1f5e73dd50e8af7a3493daa90e6,,0,36,0,0,0,JJ Bleday,2026-05-25
3606b6ab820fb55781913e165bd5f565,,0,36,0,0,0,Kody Clemens,2026-05-25
35f001aade09052936bf9534c80ca8af,,0,8,0,0,0,Ji-Hwan Bae,2026-05-25
a3ffaa440bb0a9883c58ae41ca91e613,,0,8,0,0,0,Akil Baddoo,2026-05-25
c3662d2254bab92674e301d3c94749af,,0,36,0,0,0,Gabriel Arias,2026-05-25
5b1d25ca86d461b13a7fce7ec8fed635,,0,38,0,0,0,Matthew Liberatore,2026-05-25
1324ea23c48ff165a6a7d654a500e3f7,,0,673,0,0,0,Adley Rutschman,2026-05-25
ece6318e08d6463a738496358b988e54,,0,38,0,0,0,Zach Pop,2026-05-25
7f2d9e6ad91d33f897dde80f02db2b85,,0,25,0,0,0,Ryan Mountcastle,2026-05-25
952f305f0c793e3dd3b8a9d25ef1e067,,0,8,0,0,0,Mason McCoy,2026-05-25
feb3a2230683be9daff85a27bd6117da,,0,37,0,0,0,Dean Kremer,2026-05-25
c63df62384a82d9987e1496fed9fa046,,0,27,0,0,0,Joey Wentz,2026-05-25
1e8f94ec484c9a459fcd3f78291e9e50,,0,30,0,0,0,Will Vest,2026-05-25
f21a7f8143ab2c08e2c183f85ec26a95,,0,8,0,0,0,Alex Lange,2026-05-25
7300fe37a11d7a95bb6a1d604b443885,,0,7,0,0,0,Jackson Kowar,2026-05-25
1146aaa38bcba7416022ada8c56d3305,,0,4239,0,0,0,Julio Rodríguez,2026-05-25
f964baed9bc9821e707706ec15457b63,,0,1348,0,0,0,Logan Gilbert,2026-05-25
84ef2d4455a0248450d2dd16b0716ede,,0,19,0,0,0,Joey Gerber,2026-05-25
2f74e2884bcaefe5d23376995ad767d8,,0,38,0,0,0,Andrew Vaughn,2026-05-25
c6752e5285db04b1023471a0e2f58dcc,,0,35,0,0,0,Luis Robert Jr.,2026-05-25
d075296056a095f635a6e7e9068342f9,,0,33,0,0,0,Tanner Banks,2026-05-25
02c0cbe4f70a6323bce7c5a3a4ecf0ff,,0,47,0,0,0,Tyler Stephenson,2026-05-25
f3552874aaaf61d88dc39fb86302d8fa,,0,45,0,0,0,José Siri,2026-05-25
e69370ca377b64b7a25e7589d467447e,,0,7,0,0,0,Reiver Sanmartin,2026-05-25
78a499123eb33d5420c239d6414ceefe,,0,34,0,0,0,Jonathan India,2026-05-25
45f3aa3f3f861c0107cd4b003a188c92,,0,7,0,0,0,Emmanuel Rivera,2026-05-25
9498763c3305ef4d9f1bc1ed16dc9175,,0,13,0,0,0,Nate Pearson,2026-05-25
4b642cd869960b115909db5fa9094ca4,,0,38,0,0,0,Freddy Fermin,2026-05-25
3c0058847fee68c2fc88edf97665a187,,0,30,0,0,0,Dairon Blanco,2026-05-25
0e1c006767ace83586d66b4fa2f81dc5,,0,40,0,0,0,Bryce Johnson,2026-05-25
4a58d29546c719d16827e402a2727c31,,0,25,0,0,0,Andy Ibáñez,2026-05-25
5c5894c53079beaec08da25af25611e3,,0,41,0,0,0,Jesús Sánchez,2026-05-25
432a5b6b702897b9bd0fb3836fda306b,,0,454,0,0,0,Dylan Lee,2026-05-25
dfb807019359e65baabded539851c45d,,0,35,0,0,0,Austin Warren,2026-05-25
0d5c419c4c7a6a20ffaf16f4788e916b,,0,34,0,0,0,Isaac Mattson,2026-05-25
6d1c342516eb2e231cf3d51cdb6c4586,,0,32,0,0,0,Zack Kelly,2026-05-25
c2ac033249f6339c4af69e6e9285cc00,,0,30,0,0,0,Jahmai Jones,2026-05-25
e98baf8ed33f685a5cb7022c49b7c9ee,,0,10,0,0,0,Jason Alexander,2026-05-25
a7c23ecc517095e8b2cd56326e1101d5,,0,28,0,0,0,Danny Young,2026-05-25
78d686a2f6fd26b022d6656da02dcc6d,,0,33,0,0,0,Jesse Scholtens,2026-05-25
f8125851a363c1802ed028e920630883,,0,33,0,0,0,Santiago Espinal,2026-05-25
abd925d58484066035b38a13aef63fe7,,0,8,0,0,0,Riley Adams,2026-05-25
335c4b7d36b104e7ca0d2cee1b3e9c6e,,0,27,0,0,0,Cody Ponce,2026-05-25
6d0c39e7ef0f69c981421e701d391978,,0,29,0,0,0,Nick Mears,2026-05-25
0c85c8f0d7f443712a06d6c34e75154f,,0,65,0,0,0,Ke'Bryan Hayes,2026-05-25
bf2e80648550c5a4d04383f8c00c7e51,,0,21,0,0,0,JT Brubaker,2026-05-25
e732e96743e300815600949d935c19f7,,0,37,0,0,0,Pavin Smith,2026-05-25
0bf4c605e22d3dbcdaed57a5893aee61,,0,7,0,0,0,Alan Trejo,2026-05-25
11f1aa08059130f04230e46a4ff3a0df,,0,30,0,0,0,Ryan Rolison,2026-05-25
108cd64dd4a5f1693b509ad1f5f601b5,,0,35,0,0,0,Justin Lawrence,2026-05-25
63010692f21594d6701680165d958d71,,0,28,0,0,0,Steven Wilson,2026-05-25
0f7edc90bb6584b5bf560309f2bdf087,,0,7,0,0,0,Jordan Weems,2026-05-25
3eded4af9fff0cdcf9515e61b782e478,,0,7,0,0,0,Owen Miller,2026-05-25
c3831fc3b423cddcbea7936591cb27d5,,0,34,0,0,0,David Peterson,2026-05-25
56ce460f82cfd87859ecb469d3ccd184,,0,28,0,0,0,Tylor Megill,2026-05-25
c24963982cfdf5a250275f12f7dd721d,,0,8,0,0,0,Luke Williams,2026-05-25
14fda8054cef85987ad47ef19f53436a,,0,30,0,0,0,JoJo Romero,2026-05-25
3f492e0da09b0081746c290e12819199,,0,28,0,0,0,Connor Brogdon,2026-05-25
dc87ff2f52e793564a16339da65ee955,,0,27,0,0,0,Nick Sandlin,2026-05-25
5308371ea687cad13060e6dbb3295407,,0,11,0,0,0,Eli Morgan,2026-05-25
6f390fa8c827ecc763e3679afeba1cbe,,0,8,0,0,0,Nolan Jones,2026-05-25
217f4c60b92121eb05be9734d91a7659,,0,31,0,0,0,Alex Call,2026-05-25
e3ed8aa5cc9c8aabe7ff682a3a8c9b12,,0,11,0,0,0,Jared Young,2026-05-25
f003ef5fbece3174a8e518258cc7567e,,0,13,0,0,0,Jhonny Pereda,2026-05-25
432e19fb8df17ecab191f58b9df0bd21,,0,7,0,0,0,Ben Rortvedt,2026-05-25
4c0e697613c81e36104f49901178ce06,,0,27,0,0,0,Tanner Houck,2026-05-25
eb93097a72cbb1a4e5904febbe09b4ca,,0,37,0,0,0,Kyle Hart,2026-05-25
bc720fdae0732122aa881a7ccc78e071,,0,449,0,0,0,Jarren Duran,2026-05-25
d313a162d7e45a1dbaf7c077412fca30,,0,36,0,0,0,Kutter Crawford,2026-05-25
fd9ea030ce1b0108278d3a3d8cf7c50e,,0,6,0,0,0,Justin Topa,2026-05-25
18ac16e82d52c6a8f639a23a35aaf13b,,0,1346,0,0,0,Drew Rasmussen,2026-05-25
a92e9edb1a392008ab5979d904d2cb03,,0,32,0,0,0,David Fry,2026-05-25
23173599057991cb50f019332e37d569,,0,28,0,0,0,Bowden Francis,2026-05-25
c9e453691beefc9ad8d0066a8ac3e276,,0,28,0,0,0,J.P. Feyereisen,2026-05-25
83c2331424dd63ededc5c8bb41bdae12,,0,52,0,0,0,Tyler Wells,2026-05-25
83bbec8fbee0babfe0113226d2658e3c,,0,31,0,0,0,Cole Sands,2026-05-25
0f825523db9830fcf60bc77839dac105,,0,9,0,0,0,Braden Shewmake,2026-05-25
326429edc16a998e0a3020886cca8891,,0,674,0,0,0,Brent Rooker,2026-05-25
af1e3cdad0a505ef354f4cff89563a27,,0,29,0,0,0,Luke Raley,2026-05-25
5aa0c3c6b5adee4ba9cc9f0d6af4f4d9,,0,33,0,0,0,Bailey Ober,2026-05-25
99a2a7d9b10dc29c6ec87e3ead082ed5,,0,37,0,0,0,Jovani Morán,2026-05-25
6ca4c1203c7be186312580dcd7de4bf8,,0,32,0,0,0,Royce Lewis,2026-05-25
2ad1314e1132402b108ab1a9662ce0b2,,0,30,0,0,0,Trevor Larnach,2026-05-25
ad667dc5a1cc6f2018ac3a3f24d0b86f,,0,458,0,0,0,Jhoan Duran,2026-05-25
4f39d3ba1be1b3fe548fa0547611eae0,,0,35,0,0,0,Jonah Heim,2026-05-25
9d04b19ae3b777bcaf0f8517c9f3fcae,,0,36,0,0,0,Connor Wong,2026-05-25
5580b98ca86754a8b03e8854e18f3b6d,,0,30,0,0,0,Zach McKinstry,2026-05-25
41cd1fb5fb6de1d385d798737b77b9c7,,0,27,0,0,0,Josiah Gray,2026-05-25
ef7e5d8c5306a5008b2ae5a918a36ae0,,0,8,0,0,0,Drew Waters,2026-05-25
3a0a55dcd5584f5121c4ffed65e0440f,,0,30,0,0,0,Juan Yepez,2026-05-25
0e07052fd941f0ae83ddf986fbff60fe,,0,1350,0,0,0,William Contreras,2026-05-25
17801a1ed6b4e07972373a579cc2605c,,0,8,0,0,0,CJ Alexander,2026-05-25
ec71605687b248211114d38e0613e525,,0,32,0,0,0,Ryan Thompson,2026-05-25
249bff1e0ff87445c15baffb9640467f,,0,27,0,0,0,Taylor Walls,2026-05-25
a1a576f02d863b09d77a7ceeb79592fb,,0,1000,0,0,0,Joe Ryan,2026-05-25
b0607b3d62600802ba8d63a57fd06498,,0,7,0,0,0,Miles Mastrobuoni,2026-05-25
c4f4fe3e0c45ad84c187e1da4bd49ac0,,0,37,0,0,0,Nathan Lukes,2026-05-25
e1cb7d25024f8832ecb9c07faed70685,,0,45,0,0,0,Josh Lowe,2026-05-25
4d3bf81d0a61703983ef778afba82ec2,,0,15,0,0,0,Tristan Gray,2026-05-25
4498a9e1376884e3e19f08ae90da33db,,0,33,0,0,0,Jake Cronenworth,2026-05-25
459b8c43d97aa88e3b34f0b275b8833a,,0,13,0,0,0,Vidal Bruján,2026-05-25
b9c251125a70dea084e4483ce98bb0f6,,0,31,0,0,0,Tyrone Taylor,2026-05-25
0107f4354033f64315202a440ad661e0,,0,27,0,0,0,Johan Oviedo,2026-05-25
dfca485d716d691ec91c4921a4addb35,,0,25,0,0,0,Lars Nootbaar,2026-05-25
0ef92043acaf4a05a71ce3bbff088d00,,0,10,0,0,0,Dylan Carlson,2026-05-25
3fde4589de07e0e49d23384c466bd317,,0,36,0,0,0,Greg Weissert,2026-05-25
4f4d4150f1d41e9b3c93cff729d98609,,0,28,0,0,0,Kaleb Ort,2026-05-25
f31245e6910629af282f716d758b51d9,,0,33,0,0,0,Yohan Ramírez,2026-05-25
8b650cec4f4f3df766d1ac73d59261d7,,0,30,0,0,0,Jake Meyers,2026-05-25
d06d54fbe1f6781d1d09ae46dec731a4,,0,25,0,0,0,Chas McCormick,2026-05-25
eb2cf982de88b9242f5a1c2b4f590e4f,,0,7,0,0,0,Corey Julks,2026-05-25
0f9b069da8311afed36f6bdb3d7cc8b9,,0,28,0,0,0,Cristian Javier,2026-05-25
528a841217378abdf48d536017aa6297,,0,28,0,0,0,Ronel Blanco,2026-05-25
0bd263660cf5558bf09ef5b0ee2f6354,,0,675,0,0,0,Michael King,2026-05-25
5b3438ee877434706a475089f469728a,,0,31,0,0,0,John Schreiber,2026-05-25
db27a6583a1b0eefbc2ae6cc4f6cbcb9,,0,1723,0,0,0,Nico Hoerner,2026-05-25
9b1f317d36b575b15fa481a4db3fd2c5,,0,32,0,0,0,Tyler Heineman,2026-05-25
4eac923abe76da2bb6a7b7bd2faf9e1c,,0,28,0,0,0,Cole Sulser,2026-05-25
4a32eea61bcc0990d5525cad1ef42144,,0,11,0,0,0,Gavin Lux,2026-05-25
5f347d310715eb46023078018a562066,,0,48,0,0,0,Sam Haggerty,2026-05-25
d52ecd4caf7599a8b09e5d4099395bb3,,0,35,0,0,0,Tyler Rogers,2026-05-25
887a9dd6acb445b962f049d24610c30d,,0,7,0,0,0,Seth Brown,2026-05-25
a010d2ed40c8bb00194c3194bc09e1bf,,0,31,0,0,0,Jake Fraley,2026-05-25
203d6c4ef79c2a48c1abe83fe58aebef,,0,42,0,0,0,Brock Burke,2026-05-25
1db8c408ccc6a61a8d65f43b8754549e,,0,449,0,0,0,Logan Webb,2026-05-25
21fc42ec34975dd886329b42f15b1d4c,,0,27,0,0,0,Joel Payamps,2026-05-25
d9bff48b9aa641ce2ea0009b518e9b78,,0,7,0,0,0,Jordan Romano,2026-05-25
32bc66e070a3db994bd84ef6a9badec6,,0,28,0,0,0,Patrick Sandoval,2026-05-25
c897ba935280425c70bf565a984e650d,,0,30,0,0,0,Kevin Ginkel,2026-05-25
6be756cf6bb0095d47c89ebfb53b67a0,,0,32,0,0,0,Jake Rogers,2026-05-25
f40d34d36b7103d1b0cc8cef6b2bb9c6,,0,647,0,0,0,Andrés Muñoz,2026-05-25
35042a6482e3802f3d7ebf76a3dadfff,,0,27,0,0,0,Ian Gibaut,2026-05-25
3477ff63b2612c51f8b53b5cc21a6b1b,,0,8,0,0,0,Matt Thaiss,2026-05-25
1f05f11fbebb1aa4fd73c428ba647359,,0,33,0,0,0,Tyler Alexander,2026-05-25
cdc7e1369c88f4b6783b2fb594755b30,,0,14,0,0,0,José Urquidy,2026-05-25
16fb2b182c0a4cc83ab17594210e4081,,0,7,0,0,0,LaMonte Wade Jr.,2026-05-25
1bf17f538eda169bbffc15473b1e9094,,0,28,0,0,0,Tony Gonsolin,2026-05-25
da5212258d7c54281686baa6ec8cab28,,0,63,0,0,0,Aaron Civale,2026-05-25
5210140aba24331c6d6e24d05b2845a3,,0,35,0,0,0,Zac Gallen,2026-05-25
5ad3cb6d2945790326b11e1b50c0b590,,0,27,0,0,0,Josh Sborz,2026-05-25
430a51bbdca0e18c4adb00a6f0156595,,0,7,0,0,0,Colin Poche,2026-05-25
db468ca229f24eec186622b1d15c3b52,,0,31,0,0,0,José Suarez,2026-05-25
cb1e5a21dca43aab58af30f29fc5a440,,0,7,0,0,0,Andrew Knizner,2026-05-25
b1fd25158fc7f7754df68c5019c1add0,,0,34,0,0,0,Mike Yastrzemski,2026-05-25
1f52b5c269a9cb8167a02c07e65c692a,,0,18,0,0,0,Garrett Stubbs,2026-05-25
1b616b1975b67c3b629bfc7922836f85,,0,3386,0,0,0,Will Smith,2026-05-25
09cc3cf3a69b52dd327484b410a76050,,0,443,0,0,0,Josh Naylor,2026-05-25
ac2baf08b010d79011f7af43241a6def,,0,7,0,0,0,Cavan Biggio,2026-05-25
40bb20cfccebbd13933b759dc8a0b2e8,,0,32,0,0,0,Luis Rengifo,2026-05-25
0d45ff58ac936ff1e3921121c63dd7ff,,0,40,0,0,0,Griffin Canning,2026-05-25
e7a2d526d80e9dcb110273ef7b72913d,,0,30,0,0,0,Lane Thomas,2026-05-25
51b63c63b772f59a2a62db0cc2f44e5e,,0,33,0,0,0,Miguel Amaya,2026-05-25
608a85f4bb70e0386a9458c6920759f7,,0,444,0,0,0,Bryan Reynolds,2026-05-25
b8f5b108a9169fa84f345a043f94e482,,0,38,0,0,0,Richard Lovelady,2026-05-25
3adacf96da2519363ab623bd4de7e382,,0,25,0,0,0,Thairo Estrada,2026-05-25
e6b1819fc054a1828217e87509b58da7,,0,25,0,0,0,Dylan Moore,2026-05-25
76d4ab1cee08796a9efe8cb910811d17,,0,15,0,0,0,Connor Joe,2026-05-25
fd6d3b8a9c55424159cbedd6a769ef3d,,0,27,0,0,0,Reed Garrett,2026-05-25
b1565a38303e584c9d6794af5bbaeeb4,,0,43,0,0,0,Yusei Kikuchi,2026-05-25
93475d052e87767b9aee258c1a73edf2,,0,46,0,0,0,Brady Singer,2026-05-25
1d054c98b32b77cfc3b29db06d44cf4d,,0,7,0,0,0,Keston Hiura,2026-05-25
aa1b52f73629ebec5147857d137ca4ea,,0,35,0,0,0,MacKenzie Gore,2026-05-25
7ea3f1860381115a3c9e377d03648c73,,0,31,0,0,0,Joey Bart,2026-05-25
dadbe3eb7bcd626bdee7f606de2003d2,,0,7,0,0,0,Ian Anderson,2026-05-25
3155f2ec096f3d30a126c44400d65c2d,,0,6,0,0,0,Touki Toussaint,2026-05-25
58e326ec04da57d92ac58bf223fde051,,0,678,0,0,0,Jo Adell,2026-05-25
d8707f83dac49e8f0d34eeb046159e60,,0,8,0,0,0,Jon Berti,2026-05-25
0dadd7c1777fc29524735aac6d7e2db6,,0,7,0,0,0,John Means,2026-05-25
e0a47a10485fa1f1ec9f9ace9f3e1344,,0,35,0,0,0,Myles Straw,2026-05-25
07425bbd7a0fcdf625ee3bbbb6ee4050,,0,28,0,0,0,Spencer Turnbull,2026-05-25
3c8c47177ffa0ebf537f0f3406fdf18c,,0,7,0,0,0,Reese McGuire,2026-05-25
7d149e10fbcdcc718aa5ef814d67a49b,,0,7,0,0,0,Kyle Wright,2026-05-25
21c81efb5f40d3c9b014a53c73fa7f66,,0,25,0,0,0,Rowdy Tellez,2026-05-25
ebb59c2a924e567a7e9b0b96d6323b3b,,0,452,0,0,0,Taylor Ward,2026-05-25
d7da7d3d1e9119d24e72e04bfe54b90b,,0,28,0,0,0,Sean Reid-Foley,2026-05-25
f63a64c3a5a6fe5cc76cc70633ffd1a2,,0,36,0,0,0,Danny Jansen,2026-05-25
1a4b8865616601f8f341294d578e2c22,,0,33,0,0,0,Enyel De Los Santos,2026-05-25
b599ac34c438261085284c22829b750f,,0,35,0,0,0,Cedric Mullins,2026-05-25
c8b37a9d2f7535710a50102c1a66fa10,,0,36,0,0,0,Adolis García,2026-05-25
0197bb2377d61f709bd44fd5784db370,,0,140,0,0,0,Ramón Laureano,2026-05-25
3425282fedc04d26e00b5cb88cd5b1d2,,0,30,0,0,0,Jeffrey Springs,2026-05-25
f72626d76b353712503fcec1e5618d00,,0,142,0,0,0,Ryan O'Hearn,2026-05-25
fd48d2612737fb25d222e6a69d7e1a56,,0,25,0,0,0,Luis Urías,2026-05-25
a069b168f88af2884a73d1840413d6f3,,0,3367,0,0,0,Fernando Tatis Jr.,2026-05-25
5f307d6a74257020d77197e84a41d36d,,0,667,0,0,0,Austin Riley,2026-05-25
e584b5bb9b5c4957a319534dfa7876cb,,0,9,0,0,0,Cal Quantrill,2026-05-25
f34b5e3053f8f903b2ee7af0b5fe806b,,0,138,0,0,0,A.J. Puk,2026-05-25
cafea1639d99eab6e046aadd476cbd1f,,0,28,0,0,0,Dane Dunning,2026-05-25
6fe27e423becdd3c909df052c1ca1d9d,,0,27,0,0,0,Kolby Allard,2026-05-25
eda09d2e768aebe0b26104d1f013879e,,0,7,0,0,0,Austin Gomber,2026-05-25
8c58a1aa1150d1b2bd5aff2d5c8887ec,,0,6,0,0,0,Cionel Pérez,2026-05-25
906d58417206daeb663b84811b4e3d1c,,0,28,0,0,0,Evan Phillips,2026-05-25
57bdb6d6a28bbe08882c93db4e97d48f,,0,7,0,0,0,Drew Smith,2026-05-25
6185dc4268c91ca55529b6735f757bd9,,0,8,0,0,0,Nick Martini,2026-05-25
67e5c7c912fa4fd80a8ef2a87adfda33,,0,53,0,0,0,Jake Bauers,2026-05-25
746dedd11a1fddb63d3cfbf885a3a99f,,0,7,0,0,0,Austin Wynns,2026-05-25
9b75b6569e4d9f565ae45a1b715f680d,,0,136,0,0,0,Dennis Santana,2026-05-25
4810434f5afe99779e49cdae6b76537d,,0,1334,0,0,0,Freddy Peralta,2026-05-25
9dd4a2184db9992cd0e1dab234e8971e,,0,8,0,0,0,Luis Guillorme,2026-05-25
fc16a28187ca6431fa15309f53d96d7e,,0,422,0,0,0,Jason Adam,2026-05-25
caaf2af535777c382efc7fa72a4b363a,,0,37,0,0,0,Michael Soroka,2026-05-25
df54709556e526558a05bd4825bc73c9,,0,446,0,0,0,Bo Bichette,2026-05-25
5defeb4a595990da5f35dd786567f011,,0,57,0,0,0,Eric Lauer,2026-05-25
be87e4bc2360b2dce58f8f3dfb8668b6,,0,28,0,0,0,Lou Trivino,2026-05-25
4726089d7d915715e03bdb3922dd8e6e,,0,29,0,0,0,Isiah Kiner-Falefa,2026-05-25
fd2e2b03edf1be5fa9760fbbdbee9f77,,0,27,0,0,0,Hunter Harvey,2026-05-25
f24d23e9957649c3814669598d8be993,,0,7,0,0,0,Billy McKinney,2026-05-25
6483a8d82852b11a027b948f98807517,,0,28,0,0,0,Joey Lucchesi,2026-05-25
480e0d0449c669730f3cb967f3b8e363,,0,37,0,0,0,Tim Hill,2026-05-25
0f72bdd06e0ab842343cd2c089c3ef52,,0,35,0,0,0,Jordan Hicks,2026-05-25
8ac93e8a999528050610f4170beae99e,,0,27,0,0,0,Nestor Cortes Jr.,2026-05-25
0bab64563a620dca9dee96720d5bf0f9,,0,29,0,0,0,Ryan Yarbrough,2026-05-25
030f18e599da5d4eb50f84be6389b9d7,,0,28,0,0,0,Michael Kopech,2026-05-25
bfe9c5b68a8ad4a7a2708a8702b91e50,,0,34,0,0,0,Leody Taveras,2026-05-25
21d2b271fd8c0fee1a95933e80a3eb69,,0,44,0,0,0,Kyle Farmer,2026-05-25
943be202160891356218e0ca70076d5a,,0,35,0,0,0,Sam Moll,2026-05-25
0e0911b11f1f7e26c9d8a31755d00d48,,0,36,0,0,0,Walker Buehler,2026-05-25
28daf6ba0eb6f9bcce1a4d06fc0952ef,,0,25,0,0,0,Alex Verdugo,2026-05-25
2df6d9a57f7162a907e14f9612ec9f86,,0,34,0,0,0,Jack Flaherty,2026-05-25
b48479b4a7fffec43e3e4ae745bc646a,,0,7,0,0,0,Greg Allen,2026-05-25
583f594cb980a4f44a35d32dd3463c46,,0,39,0,0,0,Tyler Mahle,2026-05-25
07129fefb0be3498640aaca377a3a80f,,0,33,0,0,0,Tim Mayza,2026-05-25
6e8dc0900ea180e20e767f47d3d164eb,,0,35,0,0,0,Ryan McMahon,2026-05-25
37c52c6416675a40b0b5611025c3c42f,,0,33,0,0,0,Rhys Hoskins,2026-05-25
82d1c9e6172d124fcfbdbec2a7d17348,,0,3250,0,0,0,Max Fried,2026-05-25
90bc6b73e7790d6827c273666fad2c64,,0,7,0,0,0,Lucas Sims,2026-05-25
a32b2001f7c59f26fe9dfb045285bc72,,0,6000,0,0,0,Cody Bellinger,2026-05-25
8295c90600ee7e42a6f4f3db96886d66,,0,27,0,0,0,Aaron Bummer,2026-05-25
f8a108e03c95e95445f30004babcfca5,,0,49,0,0,0,Harrison Bader,2026-05-25
6bc2d4f49e6e28ec867570f5cd1be65b,,0,33,0,0,0,Anthony Banda,2026-05-25
b455f2d0fc53b86a6e221b50905ba631,,0,7,0,0,0,Paul Blackburn,2026-05-25
d72568b6f7d6931c976cb340c114866f,,0,25,0,0,0,Mike Tauchman,2026-05-25
8e962db7579df65f4a2175e349e0b9e8,,0,31,0,0,0,Victor Caratini,2026-05-25
74c33aac10d265ad20adc2464bac3af5,,0,447,0,0,0,Matt Chapman,2026-05-25
122bb68ec291f9586cc3f7ef00c16103,,0,676,0,0,0,Brandon Woodruff,2026-05-25
3fa786680dde7f61f19292ef42cccbe5,,0,7,0,0,0,Austin Slater,2026-05-25
69951db4d62175de0281d37b3058c6d8,,0,47,0,0,0,Pierce Johnson,2026-05-25
2eb31b87baaa886790dd772959d8d5b5,,0,31,0,0,0,Ryne Stanek,2026-05-25
d88407b8918523b461fd7956b731ca8b,,0,39,0,0,0,José Alvarado,2026-05-25
b8ada8e4493b418f275d040d62ab7c8f,,0,1679,0,0,0,Matt Olson,2026-05-25
a2d216e4160586dcd27adae34d660a36,,0,668,0,0,0,Nick Pivetta,2026-05-25
90633ec52bf251872e5498009b333ec3,,0,28,0,0,0,Jordan Montgomery,2026-05-25
2b8ffc5fec534a283a708aae1aa453eb,,0,30,0,0,0,Paul Sewald,2026-05-25
41e9ad3d7adb6f1aa42a28bb9e20c5bd,,0,36,0,0,0,Kyle Higashioka,2026-05-25
d4f09a329e422e70bf0cb1680f086d9d,,0,53,0,0,0,Antonio Senzatela,2026-05-25
a6ab4558434d84cabe0fee55b467a99c,,0,31,0,0,0,Luis Torrens,2026-05-25
7e633e1e1c163cf17aa4042e27b4f925,,0,140,0,0,0,Lourdes Gurriel Jr.,2026-05-25
7012d352622e23e9f79cb4f849daf74b,,0,29,0,0,0,Amed Rosario,2026-05-25
974b14e3cc841991fca60d89d9c359a0,,0,27,0,0,0,Victor Robles,2026-05-25
499b01d5a366ab5f4cb6eeb15671f07d,,0,34,0,0,0,Jorge Mateo,2026-05-25
10a3ec7a23ed4e208ba9379e1930e007,,0,665,0,0,0,Ozzie Albies,2026-05-25
8ba857e51e65cd9adf16dbea87408bbe,,0,36,0,0,0,Seth Lugo,2026-05-25
747aac3992930cd44717b72e5309275b,,0,15,0,0,0,Germán Márquez,2026-05-25
04b8f2eb2aedc91b6244988ebac29517,,0,28,0,0,0,Trevor Williams,2026-05-25
fb20092e8ae4d1966d7fd0f0295db2c7,,0,32,0,0,0,Wandy Peralta,2026-05-25
8cd7b60c812e57c7baf3d1d809553cb1,,0,8,0,0,0,Yuli Gurriel,2026-05-25
9e57d7730624a6faae08c979a8a8353b,,0,27,0,0,0,Rob Zastryzny,2026-05-25
114768cd1d819a4ece42e2cd0ab08893,,0,7,0,0,0,Mitch Haniger,2026-05-25
10c60d686c75309471f1b5bfb289fa68,,0,25,0,0,0,Tyler Austin,2026-05-25
27f943d39beafa49e72e1977604398c9,,0,35,0,0,0,Reynaldo López,2026-05-25
9cb59f05b23616ea1fead370f139d422,,0,38,0,0,0,Josh Bell,2026-05-25
1ce23dd3a112ddafd2c655f7f8443c3c,,0,7,0,0,0,José Leclerc,2026-05-25
8e5d432527a3fd976faaa54b8842224e,,0,6,0,0,0,Jeimer Candelario,2026-05-25
83542e58aa1611b4fc374f49b9953107,,0,30,0,0,0,Brock Stewart,2026-05-25
04955f5133f9e556732100712a7883c9,,0,4699,0,0,0,Blake Snell,2026-05-25
206c2cd6b17fbcfa84a4aeead4d8cacf,,0,42,0,0,0,Adam Frazier,2026-05-25
09a18061424a1ed2510d8b994b77db51,,0,668,0,0,0,Willson Contreras,2026-05-25
555e1439d219643627269090b10d72bf,,0,28,0,0,0,Zach Eflin,2026-05-25
106d194f45a7b660c9e7c85307db97c7,,0,28,0,0,0,Tyler Anderson,2026-05-25
b336d6586eade69e49db68c37f3b3fdc,,0,7,0,0,0,Tim Anderson,2026-05-25
92fe82b80e8cd62471fb3b42d2deea59,,0,1006,0,0,0,Edwin Díaz,2026-05-25
54172ac874979516c553523f721f2bba,,0,7,0,0,0,Jacob Barnes,2026-05-25
90d9b89aa0b69537352c025ad4694cb6,,0,6,0,0,0,Mike Clevinger,2026-05-25
be2a5c78603e30cc14f08286f8ef2b25,,0,27,0,0,0,Chad Green,2026-05-25
0d1408257dc70fb5cda1086107d7f35c,,0,30,0,0,0,Sean Manaea,2026-05-25
806bb8d6bcfba14847319debce3411b5,,0,29,0,0,0,José Berríos,2026-05-25
fbfb041c0e88e6f777ef1481b6db7e05,,0,8,0,0,0,Tom Murphy,2026-05-25
f79661c6c37e3ecc4cf3b0543e2556ee,,0,34,0,0,0,Steven Okert,2026-05-25
507e91f6d6e5b92092093191a99774c2,,0,27,0,0,0,Derek Law,2026-05-25
ce120674de55da5ac318e608242599f0,,0,35,0,0,0,Taylor Rogers,2026-05-25
33e38faeab0e726684d71ac368fc55de,,0,27,0,0,0,Matt Bowman,2026-05-25
763994e24854ab68e3f2eab1762db2eb,,0,452,0,0,0,Dansby Swanson,2026-05-25
223da30691f817154ecf79925d92effe,,0,8,0,0,0,Brendan Rodgers,2026-05-25
d6ad3ffcbca5693bfbe4d9ddcd6c5e00,,0,8,0,0,0,Manuel Margot,2026-05-25
ffce354a4742840e58f9bddfa27a850f,,0,34,0,0,0,Lucas Giolito,2026-05-25
1bcf20d60cb8ad6a79f5f0d567a2c41b,,0,28,0,0,0,J.P. Crawford,2026-05-25
f0ebd4c4328c1f69f801e892110647ee,,0,671,0,0,0,Alex Bregman,2026-05-25
0fe0bccb2126bb0dda5ea3dd18831f0b,,0,5,0,0,0,Jorge López,2026-05-25
0fdd53d3f0d7306afa4abbd19473456b,,0,45,0,0,0,Adrian Houser,2026-05-25
14c0a6aff756924f7a829d941d35992c,,0,1030,0,0,0,Raisel Iglesias,2026-05-25
a08ec3161360315034074641626b686c,,0,33,0,0,0,Elias Díaz,2026-05-25
9cf2ac3b46f46499ce4fd6a96ebf5d57,,0,7,0,0,0,Luke Maile,2026-05-25
631a482b4782dbeeab734790390537f8,,0,3418,0,0,0,Trea Turner,2026-05-25
6e1ad914b875b33687cd3435f8f2e541,,0,28,0,0,0,Frankie Montas,2026-05-25
4ecd403333ed82674a6169dc1e3ff4e7,,0,31,0,0,0,Steven Matz,2026-05-25
2b6adeaaffbd73e40e9931b814356b67,,0,25,0,0,0,Gio Urshela,2026-05-25
ac4be24fc1e7a305cea6d60c3dbaf7c9,,0,7,0,0,0,Joe Ross,2026-05-25
17639915944c476904ae01780d9691c7,,0,33,0,0,0,Eduardo Rodriguez,2026-05-25
c0601a9218ec44710f113604005a3cd6,,0,6,0,0,0,Austin Barnes,2026-05-25
639db54503b4523ff50af77d02ec142e,,0,669,0,0,0,Max Muncy,2026-05-25
1fcb8131146b9c460497bc424eb7dab2,,0,39,0,0,0,Aaron Nola,2026-05-25
37bc3817bf50fc1aa8568275e40af682,,0,31,0,0,0,James McCann,2026-05-25
e9b1e7bc355a96f82332a44f136ee3bb,,0,8,0,0,0,Mark Canha,2026-05-25
ea70a26946216400e510f020a5d1b05a,,0,6198,0,0,0,Tyler Glasnow,2026-05-25
524474c17e196440346d211ee38e7606,,0,25,0,0,0,Jesse Winker,2026-05-25
a9edcf9dcbbd2ec0e7c4cf97c5e01f8f,,0,36,0,0,0,Dominic Smith,2026-05-25
a14b90828ccad8f026652237f26bb643,,0,612,0,0,0,Carlos Rodón,2026-05-25
c346708928adf58fc260ed6bff312695,,0,7,0,0,0,Hunter Renfroe,2026-05-25
00f60cb4b93e78cdf0b65106044e8218,,0,14,0,0,0,Alex Jackson,2026-05-25
87ce4a52c8febdf225fd002b2bf7fff4,,0,28,0,0,0,Jon Gray,2026-05-25
506b85d8a9cc650aa5887e947cb3b32a,,0,46,0,0,0,Michael Conforto,2026-05-25
7aa9e727d690fc29299053265a65f5d1,,0,440,0,0,0,Christian Walker,2026-05-25
b6aa2a849179e33f7dfe4fe861d2eca9,,0,153,0,0,0,Danny Coulombe,2026-05-25
4382519f2521ca668bd246e3704e3666,,0,25,0,0,0,Tommy Pham,2026-05-25
6412297996720220ec393d67bfd921f5,,0,7,0,0,0,Jon Singleton,2026-05-25
327c79e7c7170a72952bd292014b33c6,,0,6,0,0,0,Kendall Graveman,2026-05-25
38ab87643030dcb61d34e8469a41c660,,0,450,0,0,0,Yimi García,2026-05-25
1f79a08e4ea21cdb1beab70f252ff77e,,0,31,0,0,0,Chris Bassitt,2026-05-25
cb41a03e0058251e626e15f49f20992f,,0,27,0,0,0,Andrew Chafin,2026-05-25
95f56ead3a35ded24a4a115ad1dd5b51,,0,27,0,0,0,Hector Neris,2026-05-25
753e4fbdc07cc19d8a3bd7af7d3b0e68,,0,8,0,0,0,Chris Taylor,2026-05-25
382a66d9f45af2203b58436ca6fc4528,,0,32,0,0,0,Christian Vázquez,2026-05-25
a398bb48e8a5ab5c896bb8c2feb5eca4,,0,25,0,0,0,Enrique Hernández,2026-05-25
5bd85b8288881ed95fade22d867a792a,,0,28,0,0,0,Tyler Matzek,2026-05-25
8cb6ef3efa9fdef784ece7cb0bfe292f,,0,451,0,0,0,Eugenio Suárez,2026-05-25
35b901955691516d2be98743275265c1,,0,7,0,0,0,Jesse Hahn,2026-05-25
3af57da8d8a92d93db33ab45cd56049b,,0,12,0,0,0,Austin Hedges,2026-05-25
a4af60a1590a3a5de8ae540cb3c3dad2,,0,137,0,0,0,J.T. Realmuto,2026-05-25
038f31cefb29e169e23877226fbadaa8,,0,27,0,0,0,Anthony DeSclafani,2026-05-25
cc1c3841958cd659a6da4946f9820ac8,,0,139,0,0,0,Robbie Ray,2026-05-25
ba62265d95f66fc79c5b6d1d72790855,,0,28,0,0,0,Tommy Kahnle,2026-05-25
5730fd60431507ed663a0f615e93766d,,0,7,0,0,0,Marcus Stroman,2026-05-25
4e196c97d77b6200ded6523bd898c71f,,0,28,0,0,0,Robert Stephenson,2026-05-25
3ad82b308c619a30af8f7ed3428417d0,,0,672,0,0,0,George Springer,2026-05-25
41738506f6f3b4d3851207d767174464,,0,55,0,0,0,Gary Sánchez,2026-05-25
9873324cc1e09041a18251beb5a86204,,0,35,0,0,0,Joc Pederson,2026-05-25
dcf9654098e95e54b1a06eb51aebb992,,0,28,0,0,0,Rafael Montero,2026-05-25
1a2e99ad765178f30c3dbdde305c0859,,0,32,0,0,0,Lance McCullers Jr.,2026-05-25
9ab8b15928ff53c63ad431a55f27151a,,0,27,0,0,0,Luke Jackson,2026-05-25
cc0c393eeb4b0c281285675eefb724cc,,0,7,0,0,0,Anthony Rendon,2026-05-25
56784bc9b2976bee33c8360c705b6fc3,,0,974,0,0,0,Carlos Correa,2026-05-25
470c2840cf8996debb9cd71f0de9b569,,0,8,0,0,0,Kris Bryant,2026-05-25
56f17269bcaa75fdc190d163de444c65,,0,34,0,0,0,Javier Báez,2026-05-25
714c4e695a6b410b252f811fe4b527fd,,0,42,0,0,0,Nick Castellanos,2026-05-25
899f396e15e38bdfd8f6141ecca5e511,,0,28,0,0,0,Taijuan Walker,2026-05-25
1dd516c3113178e0c11da437be0dade5,,0,139,0,0,0,Xander Bogaerts,2026-05-25
ffa4ac61be1bece4afae31f352f59900,,0,142,0,0,0,Sonny Gray,2026-05-25
738f3c75087528d0f7ae48c84646cded,,0,27,0,0,0,Michael Tonkin,2026-05-25
7dc3697854dc6ffaaff9b82fd7ce30d2,,0,1335,0,0,0,Kevin Gausman,2026-05-25
ea2f253d735968487cd4094ff63c828f,,0,27,0,0,0,Marcell Ozuna,2026-05-25
62746e663c3c8c9981417814f336d503,,0,6,0,0,0,T.J. McFarland,2026-05-25
effe2ba20c0c40fc4887e6b536c3639c,,0,445,0,0,0,Jose Altuve,2026-05-25
873258db6ddfd30f022361e1cf3b09a6,,0,1008,0,0,0,Manny Machado,2026-05-25
e9d8d732b6cb936b4e21ef7eae89f1d9,,0,30,0,0,0,Starling Marte,2026-05-25
15dcae1930ba5870aab1fc4670d045fe,,0,39,0,0,0,Martín Pérez,2026-05-25
088de0083d121515ac47dd291f3a7c7a,,0,25,0,0,0,Donovan Solano,2026-05-25
29a43b2af7f8d1895dfcef42f740a34f,,0,54,0,0,0,Travis d'Arnaud,2026-05-25
c15f24dff39ce1ccff4dc7a91dbafcf4,,0,995,0,0,0,Gerrit Cole,2026-05-25
a01fbcbe290203e804fb21b01d19bd26,,0,30,0,0,0,Patrick Corbin,2026-05-25
5683ba3203ab9329c182852d939d1af3,,0,437,0,0,0,Giancarlo Stanton,2026-05-25
353526353a2344b78720600b0e0cde48,,0,38,0,0,0,Drew Pomeranz,2026-05-25
52a972b47cb77bb87edccd02c1b140a0,,0,28,0,0,0,Liam Hendriks,2026-05-25
12e29c14e712f06bf6acab7c2651c40d,,0,7,0,0,0,Wade Miley,2026-05-25
68a8bb5178ef1a34a3d2984bafb2f24b,,0,673,0,0,0,Nathan Eovaldi,2026-05-25
c6de48ec871261df1316554bfea59bd2,,0,28,0,0,0,Charlie Morton,2026-05-25
78a7126af4633c953072db13ed233844,,0,125,0,0,0,Shelby Miller,2026-05-25
c174749b07fde305db04db10e2e9a307,,0,7,0,0,0,DJ LeMahieu,2026-05-25
e50886ea0defa1574957c9ef06468ceb,,0,29,0,0,0,Alex Cobb,2026-05-25
b304748509db213a30a08c2c0b3eba5b,,0,4222,0,0,0,Freddie Freeman,2026-05-25
c96cd8f3f54b5357aa7f97e3fb4dbe91,,0,25,0,0,0,José Iglesias,2026-05-25
9026e0071c6e7e24f8a10933a55a79dc,,0,445,0,0,0,Kenley Jansen,2026-05-25
cc7a9cf1e7d8636a37308b0646d69d5e,,0,28,0,0,0,Adam Ottavino,2026-05-25
5035d264851d58be8cdc6f7b6600f8ab,,0,25,0,0,0,Wilmer Flores,2026-05-25
18fb170d279b50a27c14a879315667fe,,0,25,0,0,0,Justin Turner,2026-05-25
c1892a112934ad834409b1954b0aa42c,,0,32,0,0,0,Carlos Santana,2026-05-25
38287f1a7cc04a5bcdb0b3293bdb221c,,0,7,0,0,0,Jason Heyward,2026-05-25
a80d26fe565a5f3a2334508b57f3ba7b,,0,27,0,0,0,Justin Verlander,2026-05-25
befdfe86a07f240dc34cf8d13cddb4cb,,0,3891,0,0,0,Judy Johnson,2026-05-25
7a96a1e378a4fe8a871bbdc11509c2d6,,0,3903,0,0,0,Oscar Charleston,2026-05-25
0a93d4bc556e7378a871349e8ef8c898,,0,3900,0,0,0,Leon Day,2026-05-25
4f2bd9c8221f2c4db17c178fec8994cb,,0,3900,0,0,0,Larry Doby,2026-05-25
7f39a51b9239ba9984351c4811dfa168,,0,3900,0,0,0,Rap Dixon,2026-05-25
13f103e8a91c0210d77c882e92dca414,,0,3903,0,0,0,Toni Stone,2026-05-25
e4039113fbf90d8b66a4887dc2c8a331,,0,30,0,0,0,Max Scherzer,2026-05-25
2ee26aa9d918d0cabc1e566656cb77a6,,0,40,0,0,0,Andrew McCutchen,2026-05-25
ba5b0fea3c6f370a5624f621fe4f9169,,0,29,0,0,0,Juan Morillo,2026-05-25
1db7f0ddaddfc659a832a23895a4124b,,0,10,0,0,0,Drew Anderson,2026-05-25
43710de8123113bc12d7ce2c96da825b,,0,1687,0,0,0,Kyle Teel,2026-05-25
2d4018683007b3265a92fb16f0c34d2f,,0,5,0,0,0,Rich Hill,2026-05-25
b601a27468272597fb12ac3d75ac18c1,,0,34,0,0,0,Luis Garcia,2026-05-25
e5af8cf66b677b8a0b2f0a2c7228a545,,0,9,0,0,0,Juan Brito,2026-05-25
cdedfd4291c02cf7d3d4e6a1af0de4cb,,0,60,0,0,0,Mark Leiter Jr.,2026-05-25
371e662f8f8f50d323f82efedcc6e34f,,0,1690,0,0,0,Willson Contreras,2026-05-25
7d625677d36e37e92aeab50b1f9ec395,,0,334,0,0,0,Erasmo Ramírez,2026-05-25
fdb80e16fd9eaa34ef2d0da459fbfe1c,,0,514,0,0,0,Dean Kremer,2026-05-25
beaf81811daef995a8a2dd204db87014,,0,340,0,0,0,Tommy Kahnle,2026-05-25
d53cce1d17f9f52f4caf85f74e7d1844,,0,499,0,0,0,Hyeseong Kim,2026-05-25
376175f2c2a7f86d5b164114132802fc,,0,498,0,0,0,Joey Meneses,2026-05-25
